;0;1;2;3;4;5;6;7;8;9;10;11;12;13;14;15;16;17;18;19;20;21;22;23;24;25;26;27;28;29;30;31;32;33;34;35;36;37;38;39;40;41;42;43;44;45;46;47;48;49;50;51;52;53;54;55;56;57;58;59;60;61;62;63;64;65;66;67;68;69;70;71;72;73;74;75;76;77;78;79;80;81;82;83;84;85;86;87;88;89;90;91;92;93;94;95;96;97;98;99;100;101;102;103;104;105;106;107;108;109;110;111;112;113;114;115;116;117;118;119;120;121;122;123;124;125;126;127;128;129;130;131;132;133;134;135;136;137;138;139;140;141;142;143;144;145;146;147;148;149;150;151;152;153;154;155;156;157;158;159;160;161;162;163;164;165;166;167;168;169;170;171;172;173;174;175;176;177;178;179;180;181;182;183;184;185;186;187;188;189;190;191;192;193;194;195;196;197;198;199
Subject_002_S_6030;0.0;0.0;0.0;0.0;0.0;0.0;0.0;0.0;0.0;0.0;0.0;0.0;0.0;0.0;0.0;0.0;0.0;0.0;0.0;0.0;0.0;0.0;0.0;0.0;0.0;0.0;0.0;0.0;0.0;0.0;0.0;0.0;0.0;0.0;0.0;0.0;0.0;0.0;0.0;0.0;0.0;0.0;0.0;0.0;0.0;0.0;0.0;0.0;0.0;0.0;1.6884422110552748;4.3316582914572805;6.396984924623105;7.9748743718593005;9.35175879396985;10.7286432160804;11.0;11.482412060301499;12.859296482412063;13.0;12.386934673366838;11.010050251256288;9.633165829145725;8.628140703517587;7.879396984924625;6.502512562814076;6.0;5.748743718592962;4.371859296482413;4.0;4.0;4.0;4.0;4.0;4.0;3.3668341708542755;3.3216080402010064;3.9899497487437188;3.301507537688444;3.0;3.0;3.0;3.4522613065326624;4.0;4.0;4.0;4.0;4.0;4.582914572864318;5.0;5.0;4.35175879396985;4.0;4.0;4.0;4.0;4.0;4.0;3.532663316582912;3.0;3.0;3.0;3.0;3.0;3.0;2.7135678391959885;2.0251256281406995;2.0;2.35175879396985;3.040201005025125;3.7286432160803997;4.0;4.105527638190949;4.793969849246224;5.0;5.170854271356788;5.859296482412063;6.547738693467338;7.236180904522612;7.924623115577887;10.452261306532648;12.301507537688437;12.989949748743712;13.0;12.633165829145725;11.94472361809045;11.256281407035175;11.4321608040201;11.75879396984925;10.381909547738701;9.502512562814076;8.442211055276402;6.376884422110578;2.623115577889422;0.0;0.0;0.0;0.0;0.0;0.0;0.0;0.0;0.0;0.0;0.0;0.0;0.0;0.0;0.0;0.0;0.0;0.0;0.0;0.0;0.0;0.0;0.0;0.0;0.0;0.0;0.0;0.0;0.0;0.0;0.0;0.0;0.0;0.0;0.0;0.0;0.0;0.0;0.0;0.0;0.0;0.0;0.0;0.0;0.0;0.0;0.0;0.0;0.0;0.0;0.0;0.0;0.0;0.0;0.0;0.0;0.0;0.0;0.0;0.0;0.0;0.0;0.0;0.0;0.0;0.0
Subject_032_S_6602;0.0;0.0;0.0;0.0;0.0;0.0;0.0;0.0;0.0;0.0;0.0;0.0;0.0;0.0;0.0;0.0;0.0;0.0;0.0;0.0;0.0;0.0;0.0;0.0;0.0;0.0;0.0;0.0;0.0;0.0;0.0;0.0;0.0;0.0;0.0;0.0;0.0;0.0;0.0;0.0;0.0;0.0;0.0;0.0;0.0;0.0;0.0;0.0;0.0;1.708542713567823;4.381909547738687;5.909547738693462;6.7185929648241185;7.482412060301506;8.492462311557787;10.010050251256281;10.773869346733669;11.0;10.698492462311556;9.869346733668351;8.341708542713576;6.814070351758801;6.0;6.0;6.0;4.7035175879397;3.5879396984924625;2.824120603015075;2.0603015075376874;2.7035175879397;3.4673366834170807;3.7688442211055317;3.005025125628144;3.0;3.0;3.0;3.0;3.0;2.4221105527638187;2.341708542713569;3.0;3.0;3.0;2.603015075376888;2.1608040201004997;2.9246231155778872;3.0;3.0;2.78391959798995;2.0201005025125625;2.743718592964825;3.0;3.2713567839196003;4.0;4.0;3.437185929648237;3.0;3.090452261306524;3.8542713567839115;4.0;3.6180904522613133;2.8542713567839257;2.090452261306538;2.6733668341708494;2.562814070351763;2.0;2.0;2.0;2.0;2.0;2.0;2.0;1.4522613065326624;1.0;1.0753768844221128;1.8391959798995003;2.603015075376888;3.3668341708542755;4.0;4.0;4.0;4.422110552763812;5.0;5.0;8.567839195979872;10.477386934673362;11.24120603015075;11.994974874371863;11.231155778894475;10.467336683417088;9.7035175879397;8.879396984924625;7.35175879396985;6.4120603015075375;3.8894472361808994;0.0;0.0;0.0;0.0;0.0;0.0;0.0;0.0;0.0;0.0;0.0;0.0;0.0;0.0;0.0;0.0;0.0;0.0;0.0;0.0;0.0;0.0;0.0;0.0;0.0;0.0;0.0;0.0;0.0;0.0;0.0;0.0;0.0;0.0;0.0;0.0;0.0;0.0;0.0;0.0;0.0;0.0;0.0;0.0;0.0;0.0;0.0;0.0;0.0;0.0;0.0;0.0;0.0;0.0;0.0;0.0;0.0;0.0;0.0;0.0;0.0;0.0;0.0;0.0;0.0
Subject_033_S_10016;0.0;0.0;0.0;0.0;0.0;0.0;0.0;0.0;0.0;0.0;0.0;0.0;0.0;0.0;0.0;0.0;0.0;0.0;0.0;0.0;0.0;0.0;0.0;0.0;0.0;0.0;0.0;0.0;0.0;0.0;0.0;0.0;0.0;0.0;0.0;0.0;0.0;0.0;0.0;0.0;0.0;0.0;0.0;0.0;0.0;0.0;1.7286432160803997;4.100502512562812;5.336683417085425;6.286432160804022;6.904522613065328;7.5226130653266345;8.140703517587937;8.758793969849243;9.376884422110557;9.994974874371863;10.0;9.53768844221105;8.301507537688437;8.0;7.743718592964818;5.889447236180899;4.035175879396981;2.180904522613062;2.0;2.0;2.0;2.4120603015075375;3.0;3.0;2.733668341708544;2.1155778894472377;2.5025125628140685;3.0;3.0;3.0;3.0;3.0;3.0;3.0;3.0;3.0;3.0;3.0;3.0;3.0;3.0;3.0;3.0;2.9899497487437188;2.3718592964824126;2.0;2.0;2.0;2.1005025125628123;2.7185929648241185;3.0;3.0;3.0;3.0;3.0;3.0;2.954773869346731;2.3366834170854247;2.2814070351758744;2.8994974874371877;3.0;3.0;3.0;3.0;3.0;2.391959798994975;2.0;2.0;2.4623115577889507;3.0;3.0;3.0;3.0;3.0;3.170854271356788;3.788944723618087;4.4070351758794;5.0;5.0;6.045226130653248;8.517587939698501;9.497487437185924;10.0;10.0;10.0;10.0;10.0;9.587939698492448;8.35175879396985;7.1155778894472235;5.879396984924625;4.643216080401999;3.4070351758794004;2.170854271356774;0.9346733668341756;0.0;0.0;0.0;0.0;0.0;0.0;0.0;0.0;0.0;0.0;0.0;0.0;0.0;0.0;0.0;0.0;0.0;0.0;0.0;0.0;0.0;0.0;0.0;0.0;0.0;0.0;0.0;0.0;0.0;0.0;0.0;0.0;0.0;0.0;0.0;0.0;0.0;0.0;0.0;0.0;0.0;0.0;0.0;0.0;0.0;0.0;0.0;0.0;0.0;0.0;0.0;0.0;0.0;0.0;0.0;0.0;0.0;0.0;0.0
Subject_033_S_10740;0.0;0.0;0.0;0.0;0.0;0.0;0.0;0.0;0.0;0.0;0.0;0.0;0.0;0.0;0.0;0.0;0.0;0.0;0.0;0.0;0.0;0.0;0.0;0.0;0.0;0.0;0.0;0.0;0.0;0.0;0.0;0.0;0.0;0.0;0.0;0.0;0.0;0.0;0.0;0.0;0.0;0.0;0.0;0.0;0.0;0.0;0.0;0.0;0.0;0.0;0.0;0.0;0.0;0.0;0.0;3.7688442211055246;7.100502512562805;9.211055276381913;10.688442211055275;11.0;11.321608040201006;11.819095477386938;9.603015075376895;7.924623115577887;6.447236180904525;5.0;5.0;5.492462311557787;5.768844221105532;5.030150753768844;4.291457286432163;3.552763819095482;3.1859296482412063;3.9246231155778872;3.336683417085432;3.4020100502512562;3.859296482412063;3.120603015075382;3.0;3.0;2.9045226130653248;2.165829145728644;2.572864321608037;3.0;2.949748743718594;2.211055276381913;2.527638190954775;3.0;3.0;3.0;3.0;3.0;3.0;3.0;3.0;2.824120603015075;2.085427135678401;2.0;2.0;2.130653266331663;2.869346733668337;2.391959798994975;1.653266331658287;1.0;1.0;1.0;1.3015075376884369;2.040201005025125;2.778894472361813;3.0;3.0;3.0;3.0;3.0;3.211055276381913;3.9497487437185868;4.688442211055275;5.427135678391963;6.165829145728637;6.904522613065325;7.643216080402013;9.909547738693433;13.120603015075375;13.859296482412063;14.0;13.32663316582915;11.849246231155774;10.371859296482427;8.89447236180905;6.251256281407024;1.9396984924623268;0.4623115577889507;0.0;0.0;0.0;0.0;0.0;0.0;0.0;0.0;0.0;0.0;0.0;0.0;0.0;0.0;0.0;0.0;0.0;0.0;0.0;0.0;0.0;0.0;0.0;0.0;0.0;0.0;0.0;0.0;0.0;0.0;0.0;0.0;0.0;0.0;0.0;0.0;0.0;0.0;0.0;0.0;0.0;0.0;0.0;0.0;0.0;0.0;0.0;0.0;0.0;0.0;0.0;0.0;0.0;0.0;0.0;0.0;0.0;0.0;0.0;0.0;0.0;0.0;0.0;0.0;0.0;0.0;0.0;0.0
Subject_033_S_10175;0.0;0.0;0.0;0.0;0.0;0.0;0.0;0.0;0.0;0.0;0.0;0.0;0.0;0.0;0.0;0.0;0.0;0.0;0.0;0.0;0.0;0.0;0.0;0.0;0.0;0.0;0.0;0.0;0.0;0.0;0.0;0.0;0.0;0.0;0.0;0.0;0.0;0.0;0.0;0.0;0.0;0.0;0.0;1.9698492462311492;4.2713567839196;5.100502512562812;6.658291457286438;7.608040201005025;8.773869346733676;10.0;10.0;10.723618090452263;11.502512562814076;11.155778894472355;8.939698492462313;8.1608040201005;7.381909547738694;5.8090452261306424;4.175879396984925;4.954773869346738;3.532663316582912;3.512562814070357;4.0;4.0;4.0;3.3718592964824126;2.5929648241205996;2.0;2.0;1.2562814070351749;1.522613065326638;2.0;2.080402010050257;2.859296482412063;3.0;3.4170854271356816;3.8040201005025125;3.0251256281406995;3.7537688442211063;3.4673366834170807;3.311557788944725;3.909547738693462;3.130653266331656;3.0;3.0;3.0;3.0;3.0;3.0;3.0;3.0;3.0;3.6582914572864382;4.0;4.0;4.0;3.226130653266324;3.0;3.0;3.0;3.0;3.0;3.0;2.7738693467336617;2.0050251256281513;2.78391959798995;3.0;3.0;3.0;3.0;3.0;3.0;3.0;3.0;3.0;3.5728643216080513;4.0;4.261306532663326;5.819095477386952;6.0;6.934673366834176;8.984924623115603;12.0;12.0;11.417085427135675;11.0;10.859296482412049;10.08040201005025;9.301507537688437;8.045226130653248;5.718592964824126;1.9296482412060243;0.37185929648239835;0.0;0.0;0.0;0.0;0.0;0.0;0.0;0.0;0.0;0.0;0.0;0.0;0.0;0.0;0.0;0.0;0.0;0.0;0.0;0.0;0.0;0.0;0.0;0.0;0.0;0.0;0.0;0.0;0.0;0.0;0.0;0.0;0.0;0.0;0.0;0.0;0.0;0.0;0.0;0.0;0.0;0.0;0.0;0.0;0.0;0.0;0.0;0.0;0.0;0.0;0.0;0.0;0.0;0.0;0.0;0.0;0.0;0.0;0.0;0.0;0.0;0.0;0.0;0.0;0.0;0.0;0.0
Subject_041_S_7017;0.0;0.0;0.0;0.0;0.0;0.0;0.0;0.0;0.0;0.0;0.0;0.0;0.0;0.0;0.0;0.0;0.0;0.0;0.0;0.0;0.0;0.0;0.0;0.0;0.0;0.0;0.0;0.0;0.0;0.0;0.0;0.0;0.0;0.0;0.0;0.0;0.0;0.0;0.0;0.0;0.0;0.0;0.0;0.0;0.0;0.0;0.0;0.0;0.8643216080401999;3.7989949748743754;6.050251256281392;7.4170854271356745;8.150753768844218;8.884422110552762;9.618090452261306;10.35175879396985;10.914572864321613;10.18090452261307;10.0;9.427135678391963;7.9798994974874375;7.246231155778894;7.0;7.0;7.0;7.0;6.155778894472363;4.8442211055276445;4.110552763819101;3.3768844221105567;3.0;3.0;3.0;2.4422110552763883;2.2914572864321556;3.0;3.0;3.0;3.226130653266331;3.959798994974868;3.306532663316588;3.0;3.0;3.0;3.0;3.0;3.0;3.0;3.0;3.0;3.0;3.0;3.0;3.0;3.0;3.0;3.0;3.0;3.0;3.0;3.0;3.0;3.0;3.0;2.698492462311563;2.0;2.0;2.0;2.0;2.0;2.7035175879397;3.0;3.170854271356774;3.9045226130653248;4.638190954773862;5.743718592964825;7.105527638190949;7.839195979899486;10.291457286432149;12.306532663316574;12.959798994974875;12.226130653266338;11.492462311557787;10.75879396984925;10.025125628140714;7.874371859296488;3.9045226130653816;0.0;0.0;0.0;0.0;0.0;0.0;0.0;0.0;0.0;0.0;0.0;0.0;0.0;0.0;0.0;0.0;0.0;0.0;0.0;0.0;0.0;0.0;0.0;0.0;0.0;0.0;0.0;0.0;0.0;0.0;0.0;0.0;0.0;0.0;0.0;0.0;0.0;0.0;0.0;0.0;0.0;0.0;0.0;0.0;0.0;0.0;0.0;0.0;0.0;0.0;0.0;0.0;0.0;0.0;0.0;0.0;0.0;0.0;0.0;0.0;0.0;0.0;0.0;0.0;0.0;0.0;0.0;0.0;0.0;0.0;0.0;0.0;0.0
Subject_032_S_6294;0.0;0.0;0.0;0.0;0.0;0.0;0.0;0.0;0.0;0.0;0.0;0.0;0.0;0.0;0.0;0.0;0.0;0.0;0.0;0.0;0.0;0.0;0.0;0.0;0.0;0.0;0.0;0.0;0.0;0.0;0.0;0.0;0.0;0.0;0.0;0.0;0.0;0.0;0.0;0.0;0.0;0.0;0.0;0.0;0.0;2.251256281407052;5.432160804020093;9.020100502512562;10.467336683417088;11.457286432160807;12.0;12.0;13.256281407035175;12.5929648241206;9.849246231155774;8.40201005025125;6.432160804020086;5.246231155778894;5.969849246231156;5.306532663316581;4.165829145728637;3.0;3.0;3.0;3.0;3.0;3.0;3.482412060301506;3.7939698492462313;3.0703517587939686;3.0;3.0;3.1005025125628123;3.824120603015075;3.4522613065326624;3.0;3.0;3.7185929648241256;3.557788944723619;3.0;3.0;2.386934673366831;2.336683417085432;3.0;3.0;3.0;2.7688442211055246;2.045226130653262;2.6783919597990007;3.0;3.0;3.0;3.0;2.7035175879397;2.0;2.0;2.0;2.0;2.0;2.0;2.0;2.0;2.0;1.4673366834170878;1.0;1.0;1.0;1.4271356783919629;2.0;2.0;2.0;2.0;2.045226130653276;2.7688442211055246;2.5075376884422127;2.21608040201005;2.9396984924623126;2.3366834170854247;2.386934673366838;3.0;3.0;3.557788944723626;4.0;4.015075376884411;6.185929648241199;9.713567839195974;13.0;13.0;12.37688442211055;11.653266331658287;10.929648241206024;10.206030150753762;8.964824120602998;7.758793969849236;7.035175879396988;4.246231155778901;1.7638190954773876;0.0;0.0;0.0;0.0;0.0;0.0;0.0;0.0;0.0;0.0;0.0;0.0;0.0;0.0;0.0;0.0;0.0;0.0;0.0;0.0;0.0;0.0;0.0;0.0;0.0;0.0;0.0;0.0;0.0;0.0;0.0;0.0;0.0;0.0;0.0;0.0;0.0;0.0;0.0;0.0;0.0;0.0;0.0;0.0;0.0;0.0;0.0;0.0;0.0;0.0;0.0;0.0;0.0;0.0;0.0;0.0;0.0;0.0;0.0;0.0;0.0;0.0;0.0
Subject_041_S_6731;0.0;0.0;0.0;0.0;0.0;0.0;0.0;0.0;0.0;0.0;0.0;0.0;0.0;0.0;0.0;0.0;0.0;0.0;0.0;0.0;0.0;0.0;0.0;0.0;0.0;0.0;0.0;0.0;0.0;0.0;0.0;0.0;0.0;0.0;0.0;0.0;0.0;0.0;0.0;0.0;0.0;0.0;2.1909547738693504;4.7537688442211135;6.864321608040203;8.31658291457287;9.361809045226131;10.0;10.0;10.944723618090464;12.0;12.0;12.0;11.427135678391949;10.020100502512562;9.306532663316581;8.60301507537688;7.899497487437181;7.1959798994974875;5.984924623115575;4.788944723618087;4.085427135678387;3.381909547738694;3.3216080402010064;4.0;4.0;4.0;3.8643216080402;3.1608040201004997;3.0;3.0;3.0;3.0;3.0;3.0603015075376945;3.7638190954773876;4.0;3.829145728643212;3.125628140703512;3.5778894472361813;4.0;4.0;4.0;4.0;4.0;4.0;4.0;4.0;4.0;4.0;4.0;3.9798994974874375;3.2763819095477373;3.0;2.869346733668337;2.1658291457286367;2.0;2.2412060301507637;2.944723618090464;3.0;2.64824120603015;2.0552763819095503;2.7587939698492505;2.5376884422110493;2.0;2.0;2.0;2.2763819095477373;2.9798994974874375;3.0;3.0;3.0;3.0;3.0;3.0;3.0;3.608040201005025;4.311557788944725;5.0;5.0;6.688442211055303;9.125628140703526;9.829145728643226;10.532663316582926;11.0;11.0;11.0;11.0;10.949748743718587;10.246231155778887;10.0;9.678391959798972;8.271356783919572;5.1608040201005;2.185929648241199;0.07537688442209856;0.0;0.0;0.0;0.0;0.0;0.0;0.0;0.0;0.0;0.0;0.0;0.0;0.0;0.0;0.0;0.0;0.0;0.0;0.0;0.0;0.0;0.0;0.0;0.0;0.0;0.0;0.0;0.0;0.0;0.0;0.0;0.0;0.0;0.0;0.0;0.0;0.0;0.0;0.0;0.0;0.0;0.0;0.0;0.0;0.0;0.0;0.0;0.0;0.0;0.0;0.0;0.0;0.0;0.0;0.0;0.0;0.0;0.0;0.0;0.0;0.0;0.0;0.0;0.0
Subject_002_S_4799;0.0;0.0;0.0;0.0;0.0;0.0;0.0;0.0;0.0;0.0;0.0;0.0;0.0;0.0;0.0;0.0;0.0;0.0;0.0;0.0;0.0;0.0;0.0;0.0;0.0;0.0;0.0;0.0;0.0;0.0;0.0;0.0;0.0;0.0;0.0;0.0;0.0;0.0;0.0;0.0;0.0;0.0;0.0;1.3668341708542684;3.5879396984924625;6.3316582914572805;8.472361809045225;9.537688442211056;10.753768844221113;12.894472361809036;13.678391959798994;14.391959798994975;15.211055276381913;16.63819095477386;14.336683417085439;11.015075376884425;8.1608040201005;7.3266331658291435;7.386934673366831;8.0;8.0;6.4170854271356745;4.7587939698492505;4.045226130653269;4.668341708542712;5.0;5.0;5.0;5.0;4.763819095477388;4.050251256281406;4.663316582914568;5.0;5.0;5.0;5.0;4.768844221105532;4.05527638190955;4.0;4.0;4.085427135678387;4.798994974874368;4.48743718592965;4.0;4.0;4.0;4.366834170854268;4.91959798994975;4.206030150753769;3.4924623115577873;3.221105527638187;3.9346733668341756;4.0;4.0;4.0;4.0;4.0;4.0;4.0;4.0;3.643216080402013;3.0;3.0;3.0;3.211055276381913;3.9246231155778872;3.3618090452261384;3.35175879396985;4.065326633165824;4.778894472361813;5.492462311557787;6.206030150753762;6.91959798994975;10.798994974874347;13.0;13.060301507537687;13.773869346733662;14.0;13.798994974874375;13.085427135678401;12.371859296482413;11.316582914572876;9.94472361809045;9.231155778894475;8.035175879397002;6.21608040201005;3.3618090452261526;1.1306532663316489;0.0;0.0;0.0;0.0;0.0;0.0;0.0;0.0;0.0;0.0;0.0;0.0;0.0;0.0;0.0;0.0;0.0;0.0;0.0;0.0;0.0;0.0;0.0;0.0;0.0;0.0;0.0;0.0;0.0;0.0;0.0;0.0;0.0;0.0;0.0;0.0;0.0;0.0;0.0;0.0;0.0;0.0;0.0;0.0;0.0;0.0;0.0;0.0;0.0;0.0;0.0;0.0;0.0;0.0;0.0;0.0;0.0;0.0;0.0;0.0;0.0;0.0;0.0;0.0;0.0;0.0;0.0;0.0;0.0;0.0;0.0;0.0
Subject_137_S_6826;0.0;0.0;0.0;0.0;0.0;0.0;0.0;0.0;0.0;0.0;0.0;0.0;0.0;0.0;0.0;0.0;0.0;0.0;0.0;0.0;0.0;0.0;0.0;0.0;0.0;0.0;0.0;0.0;0.0;0.0;0.0;0.0;0.0;0.0;0.0;0.0;0.0;0.0;0.0;0.0;0.0;0.0;0.0;0.0;0.0;0.0;0.0;0.0;0.0;0.0;0.0;0.0;0.0;0.06030150753768737;2.155778894472377;3.8341708542713633;5.231155778894475;6.628140703517587;7.0;7.211055276381913;7.909547738693469;8.0;8.0;7.989949748743712;6.5929648241206;5.597989949748744;4.899497487437188;4.201005025125625;3.005025125628137;1.8040201005025125;1.1055276381909493;1.5929648241206067;2.0;2.0;2.0;2.0;2.0;2.0;2.0;2.180904522613069;2.8793969849246253;2.4221105527638187;2.0;2.0;2.0;2.0;2.0;2.0;2.0;2.165829145728644;2.8643216080402;2.437185929648237;2.0;2.0;2.6582914572864382;3.0;3.0;3.0;3.0;3.0;3.0;3.0;3.0;3.0;3.0;3.0;2.959798994974875;2.261306532663312;2.0;2.1356783919598;2.8341708542713633;2.467336683417088;2.0;2.0;2.0;2.3266331658291506;3.0;3.0;3.0;3.1206030150753747;3.819095477386938;4.517587939698501;5.21608040201005;5.914572864321613;7.839195979899529;9.311557788944725;10.010050251256288;10.708542713567837;11.0;10.894472361809036;10.195979899497488;10.0;9.195979899497502;6.402010050251249;3.0100502512562457;0.7035175879397002;0.0050251256281370615;0.0;0.0;0.0;0.0;0.0;0.0;0.0;0.0;0.0;0.0;0.0;0.0;0.0;0.0;0.0;0.0;0.0;0.0;0.0;0.0;0.0;0.0;0.0;0.0;0.0;0.0;0.0;0.0;0.0;0.0;0.0;0.0;0.0;0.0;0.0;0.0;0.0;0.0;0.0;0.0;0.0;0.0;0.0;0.0;0.0;0.0;0.0;0.0;0.0;0.0;0.0;0.0;0.0;0.0;0.0;0.0;0.0;0.0;0.0;0.0;0.0;0.0;0.0
Subject_033_S_6889;0.0;0.0;0.0;0.0;0.0;0.0;0.0;0.0;0.0;0.0;0.0;0.0;0.0;0.0;0.0;0.0;0.0;0.0;0.0;0.0;0.0;0.0;0.0;0.0;0.0;0.0;0.0;0.0;0.0;0.0;0.0;0.0;0.0;0.0;0.0;0.0;0.0;0.0;0.0;0.0;0.0;0.0;1.341708542713576;3.78391959798995;6.778894472361799;9.080402010050257;10.442211055276381;11.19095477386935;11.939698492462313;12.0;12.437185929648244;13.0;13.0;13.683417085427138;14.4321608040201;14.276381909547723;11.281407035175874;10.321608040201006;9.572864321608037;8.824120603015075;8.075376884422113;6.653266331658287;5.155778894472363;4.170854271356788;4.91959798994975;4.331658291457288;4.0;4.165829145728644;4.914572864321613;4.336683417085425;4.4120603015075375;5.0;5.0;5.0;5.4070351758794;6.0;6.0;5.346733668341706;5.0;5.0;5.0;4.35175879396985;4.0;4.0;4.0;4.0;4.0;4.0;4.0;4.0;4.386934673366838;4.8643216080402;4.115577889447238;4.6331658291457245;5.0;4.869346733668337;4.120603015075375;4.0;4.0;4.125628140703526;4.874371859296488;5.0;4.256281407035175;3.0;3.0;3.6180904522613133;4.0;3.8844221105527623;3.1356783919598;3.613065326633162;4.361809045226138;4.889447236180899;4.140703517587937;4.608040201005025;5.356783919597987;6.0;6.0;6.0;6.35175879396985;7.100502512562812;7.8492462311557745;8.0;8.346733668341713;9.095477386934675;9.844221105527637;11.1859296482412;12.341708542713576;13.0;13.0;13.0;13.0;13.0;13.0;12.417085427135675;11.005025125628137;8.91959798994975;8.170854271356774;6.844221105527623;5.020100502512548;2.7738693467336617;0.5276381909547752;0.0;0.0;0.0;0.0;0.0;0.0;0.0;0.0;0.0;0.0;0.0;0.0;0.0;0.0;0.0;0.0;0.0;0.0;0.0;0.0;0.0;0.0;0.0;0.0;0.0;0.0;0.0;0.0;0.0;0.0;0.0;0.0;0.0;0.0;0.0;0.0;0.0;0.0;0.0;0.0;0.0;0.0;0.0;0.0;0.0;0.0;0.0;0.0;0.0;0.0;0.0;0.0;0.0;0.0;0.0;0.0;0.0;0.0;0.0
Subject_016_S_6839;0.0;0.0;0.0;0.0;0.0;0.0;0.0;0.0;0.0;0.0;0.0;0.0;0.0;0.0;0.0;0.0;0.0;0.0;0.0;0.0;0.0;0.0;0.0;0.0;0.0;0.0;0.0;0.0;0.0;0.0;0.0;0.0;0.0;0.0;0.0;0.0;0.0;0.0;0.0;0.0;0.0;0.0;0.0;0.0;0.0;0.0;0.0;0.0;0.0;0.0;0.0;0.0;0.0;0.0;0.0;0.0;0.0;0.0;0.0;0.0;0.0;0.0;0.0;0.0;0.0;0.44221105527638116;1.1105527638190935;1.778894472361813;2.0;2.0;2.0;2.0;2.0;2.0;2.0;2.0;2.0;2.0;2.0;2.0;2.467336683417088;2.8643216080402;2.1959798994974875;2.0;2.0;2.0;2.0;2.0;2.0;2.482412060301506;3.0;3.0;3.0;3.0;3.0;3.0;3.0;3.0;2.5025125628140756;2.165829145728651;2.8341708542713633;2.4974874371859244;2.0;2.0;2.0;2.0;2.0;2.0;2.180904522613062;2.8492462311557745;2.482412060301513;2.0;2.0;2.0;2.0;2.0;2.0;2.1959798994974875;2.8643216080402;2.467336683417088;2.2010050251256246;2.869346733668337;3.0;3.206030150753776;3.874371859296488;4.0;4.211055276381913;4.879396984924625;5.0;5.8643216080402;8.53768844221105;9.552763819095475;9.557788944723626;8.221105527638201;7.442211055276374;6.547738693467323;5.211055276381899;4.437185929648237;3.0753768844220986;0.40201005025124914;0.0;0.0;0.0;0.0;0.0;0.0;0.0;0.0;0.0;0.0;0.0;0.0;0.0;0.0;0.0;0.0;0.0;0.0;0.0;0.0;0.0;0.0;0.0;0.0;0.0;0.0;0.0;0.0;0.0;0.0;0.0;0.0;0.0;0.0;0.0;0.0;0.0;0.0;0.0;0.0;0.0;0.0;0.0;0.0;0.0;0.0;0.0;0.0;0.0;0.0;0.0;0.0;0.0;0.0;0.0;0.0;0.0;0.0;0.0;0.0
Subject_016_S_7039;0.0;0.0;0.0;0.0;0.0;0.0;0.0;0.0;0.0;0.0;0.0;0.0;0.0;0.0;0.0;0.0;0.0;0.0;0.0;0.0;0.0;0.0;0.0;0.0;0.0;0.0;0.0;0.0;0.0;0.0;0.0;0.0;0.0;0.0;0.0;0.0;0.0;0.0;0.0;0.0;0.0;0.0;0.0;0.0;0.0;0.30150753768843686;2.9748743718593005;5.236180904522612;7.08040201005025;7.748743718592962;8.0;8.085427135678394;8.753768844221106;9.0;9.0;9.0;7.718592964824111;5.904522613065325;5.236180904522612;4.1356783919598;2.8994974874371877;2.2311557788944754;2.437185929648244;3.0;3.0;3.0;2.8894472361809065;2.221105527638187;2.4472361809045253;2.8844221105527623;2.21608040201005;2.4522613065326624;3.0;3.0;2.5427135678391934;2.0;2.0;2.0;2.0;2.0;2.0;2.0;2.0;2.0;2.140703517587937;2.8090452261306567;3.0;2.8542713567839186;2.1859296482412063;2.482412060301506;3.0;3.0;3.0;3.0;3.0;3.0;3.0;3.0;2.5025125628140756;2.165829145728651;2.8341708542713633;3.0;2.829145728643212;2.1608040201004997;2.0;2.0;2.0;1.4874371859296502;1.0;1.0;0.4824120603015132;0.0;0.0;0.0;0.0;0.0;0.0;0.0;0.0;0.0;0.0;0.0;0.0;0.0;0.0;0.0;0.0;0.0;0.0;0.0;0.0;0.0;0.0;0.0;0.0;0.0;0.0;0.0;0.0;0.0;0.0;0.0;0.0;0.0;0.0;0.0;0.0;0.0;0.0;0.0;0.0;0.0;0.0;0.0;0.0;0.0;0.0;0.0;0.0;0.0;0.0;0.0;0.0;0.0;0.0;0.0;0.0;0.0;0.0;0.0;0.0;0.0;0.0;0.0;0.0;0.0;0.0;0.0;0.0;0.0;0.0;0.0;0.0;0.0;0.0;0.0;0.0;0.0;0.0;0.0;0.0;0.0;0.0;0.0;0.0;0.0;0.0;0.0;0.0;0.0
Subject_016_S_6381;0.0;0.0;0.0;0.0;0.0;0.0;0.0;0.0;0.0;0.0;0.0;0.0;0.0;0.0;0.0;0.0;0.0;0.0;0.0;0.0;0.0;0.0;0.0;0.0;0.0;0.0;0.0;0.0;0.0;0.0;0.0;0.0;0.0;0.0;0.0;0.0;0.0;0.0;0.0;0.0;0.0;0.0;0.0;0.0;0.0;0.0;0.0;0.0;0.0;0.0;0.9798994974874375;4.899497487437188;6.527638190954775;8.095477386934675;9.663316582914561;11.11557788944723;11.89949748743718;12.0;10.130653266331677;7.497487437185939;5.964824120603019;5.180904522613069;4.396984924623119;3.613065326633169;3.0;3.0;3.0;2.477386934673369;2.0;2.0;2.0;1.3417085427135689;1.4422110552763812;2.0;2.0100502512562812;2.793969849246224;3.0;3.0;3.0;3.0;3.0;3.0;3.2814070351758744;3.9346733668341756;3.1507537688442255;3.0;3.0;3.0;3.0;3.0;3.0;3.0;3.0;3.0;3.0;3.0;3.0;3.0;3.0;2.391959798994975;2.0;2.0;2.0;1.2562814070351749;1.0;1.0;1.0954773869346752;1.879396984924611;1.336683417085439;1.0;1.0;1.0150753768844112;1.7989949748743612;2.0;2.0;2.0;2.0;2.7185929648241114;3.0;3.0;3.0;3.0;4.914572864321585;8.954773869346681;13.0;13.0;13.0;12.442211055276388;11.658291457286438;10.874371859296488;10.090452261306538;9.306532663316588;7.567839195979914;4.432160804020128;0.0;0.0;0.0;0.0;0.0;0.0;0.0;0.0;0.0;0.0;0.0;0.0;0.0;0.0;0.0;0.0;0.0;0.0;0.0;0.0;0.0;0.0;0.0;0.0;0.0;0.0;0.0;0.0;0.0;0.0;0.0;0.0;0.0;0.0;0.0;0.0;0.0;0.0;0.0;0.0;0.0;0.0;0.0;0.0;0.0;0.0;0.0;0.0;0.0;0.0;0.0;0.0;0.0;0.0;0.0;0.0;0.0;0.0;0.0;0.0;0.0;0.0;0.0;0.0;0.0;0.0
Subject_033_S_10147;0.0;0.0;0.0;0.0;0.0;0.0;0.0;0.0;0.0;0.0;0.0;0.0;0.0;0.0;0.0;0.0;0.0;0.0;0.0;0.0;0.0;0.0;0.0;0.0;0.0;0.0;0.0;0.0;0.0;0.0;0.0;0.0;0.0;0.0;0.0;0.0;0.0;0.0;0.0;0.0;0.0;0.0;0.0;0.0703517587939757;1.4673366834170878;3.2964824120603;5.261306532663326;6.658291457286438;8.05527638190955;9.226130653266331;9.924623115577887;10.62311557788945;11.0;10.939698492462313;8.844221105527623;7.582914572864318;6.653266331658287;4.557788944723619;4.51256281407035;4.577889447236174;3.180904522613062;3.0;3.0;3.0;3.0;3.0;3.0;3.0;3.0;3.1959798994974875;3.8944723618090507;3.4070351758793933;3.0;3.0;3.0;3.386934673366838;3.914572864321606;3.21608040201005;3.482412060301513;3.819095477386931;3.1206030150753747;3.0;3.2763819095477373;3.9748743718593005;4.0;3.6281407035175874;3.0703517587939757;3.7688442211055317;4.0;4.0;4.0;4.0;3.738693467336674;3.040201005025125;3.0;3.0;3.0;3.0;3.0;3.0;3.0;2.4522613065326624;2.0;2.0;2.0;2.0;2.0;2.0;2.0;1.8643216080401999;1.1658291457286367;1.5326633165829122;2.0;2.0;2.0;2.0;2.0251256281406995;2.7236180904522627;3.0;3.1206030150753747;3.819095477386938;3.482412060301499;3.0;3.0;3.6130653266331763;4.934673366834176;7.030150753768865;9.125628140703512;12.035175879397002;14.894472361809036;14.195979899497488;13.497487437185924;12.59798994974875;11.201005025125625;9.804020100502498;7.814070351758801;5.020100502512548;1.5326633165828696;0.0;0.0;0.0;0.0;0.0;0.0;0.0;0.0;0.0;0.0;0.0;0.0;0.0;0.0;0.0;0.0;0.0;0.0;0.0;0.0;0.0;0.0;0.0;0.0;0.0;0.0;0.0;0.0;0.0;0.0;0.0;0.0;0.0;0.0;0.0;0.0;0.0;0.0;0.0;0.0;0.0;0.0;0.0;0.0;0.0;0.0;0.0;0.0;0.0;0.0;0.0;0.0;0.0;0.0;0.0;0.0;0.0;0.0;0.0;0.0;0.0;0.0
Subject_003_S_6258;0.0;0.0;0.0;0.0;0.0;0.0;0.0;0.0;0.0;0.0;0.0;0.0;0.0;0.0;0.0;0.0;0.0;0.0;0.0;0.0;0.0;0.0;0.0;0.0;0.0;0.0;0.0;0.0;0.0;0.0;0.0;0.0;0.0;0.0;0.0;0.0;0.0;1.0351758793969879;2.7839195979899465;5.010050251256281;6.4974874371859315;7.984924623115575;9.236180904522612;9.979899497487438;10.0;10.467336683417088;11.211055276381913;11.954773869346731;9.904522613065332;8.557788944723619;7.628140703517587;6.140703517587937;5.3266331658291435;5.0;4.8391959798995;4.095477386934675;4.0;4.0;4.0;4.0;3.3768844221105496;3.3668341708542684;3.8894472361809065;3.1457286432160814;2.4020100502512562;2.341708542713569;2.914572864321606;2.170854271356781;2.0;2.3165829145728623;2.9396984924623126;2.1959798994974875;2.5477386934673376;3.0;3.0;3.0;2.477386934673369;2.0;2.0100502512562812;2.7537688442211063;3.0;2.7587939698492434;2.0150753768844254;2.0;2.0;2.21608040201005;2.959798994974875;3.0;3.0;3.0;3.0;3.0;3.0;3.0;3.0;2.346733668341713;2.0;2.0;2.0;2.0;2.3718592964824126;2.8844221105527623;2.140703517587937;2.0;2.0;2.090452261306538;2.8341708542713633;3.0;3.0;3.0;3.0;3.0;3.2964824120603;4.0;4.0;4.0;5.356783919598001;9.045226130653276;11.276381909547752;12.0;11.7537688442211;11.010050251256288;11.0;10.522613065326638;9.557788944723626;8.070351758793976;6.5829145728643255;4.1909547738693504;1.608040201005025;0.12060301507537474;0.0;0.0;0.0;0.0;0.0;0.0;0.0;0.0;0.0;0.0;0.0;0.0;0.0;0.0;0.0;0.0;0.0;0.0;0.0;0.0;0.0;0.0;0.0;0.0;0.0;0.0;0.0;0.0;0.0;0.0;0.0;0.0;0.0;0.0;0.0;0.0;0.0;0.0;0.0;0.0;0.0;0.0;0.0;0.0;0.0;0.0;0.0;0.0;0.0;0.0;0.0;0.0;0.0;0.0;0.0;0.0;0.0;0.0;0.0;0.0;0.0;0.0;0.0;0.0;0.0;0.0;0.0;0.0;0.0;0.0
Subject_033_S_10391;0.0;0.0;0.0;0.0;0.0;0.0;0.0;0.0;0.0;0.0;0.0;0.0;0.0;0.0;0.0;0.0;0.0;0.0;0.0;0.0;0.0;0.0;0.0;0.0;0.0;0.0;0.0;0.0;0.0;0.0;0.0;0.0;0.0;0.0;0.0;0.0;0.0;0.0;0.0;0.0;0.0;0.0;0.0;0.0;0.24120603015074948;3.155778894472377;5.552763819095482;7.246231155778894;7.9748743718593005;8.7035175879397;9.4321608040201;10.0;10.0;9.381909547738694;9.346733668341713;9.849246231155774;8.391959798994975;8.0;7.738693467336681;7.010050251256281;5.562814070351749;4.105527638190949;2.824120603015075;2.095477386934668;2.0;2.0;2.090452261306538;2.819095477386938;2.4522613065326624;2.552763819095489;3.994974874371856;3.266331658291456;2.5376884422110493;2.1909547738693504;2.91959798994975;2.351758793969843;2.0;2.1055276381909565;2.8341708542713633;2.437185929648237;2.0;2.0;2.0;2.477386934673369;2.793969849246224;2.0653266331658244;2.0;2.391959798994982;3.0;3.0;3.0;3.0;3.0;3.0;3.4924623115577873;3.7788944723617988;3.050251256281399;3.0;3.0;3.0;3.0;3.0;3.0;3.0;3.0;3.0;3.0;3.0;2.306532663316574;2.422110552763826;3.0;3.0;3.0;3.336683417085439;3.9346733668341614;3.2060301507537616;3.522613065326638;4.251256281407038;4.9798994974874375;5.0;5.437185929648251;6.165829145728651;6.894472361809051;8.869346733668351;10.35175879396985;11.080402010050264;11.809045226130664;11.462311557788937;10.733668341708537;10.005025125628137;7.829145728643212;6.547738693467338;5.095477386934618;1.4522613065326198;0.3618090452261242;0.0;0.0;0.0;0.0;0.0;0.0;0.0;0.0;0.0;0.0;0.0;0.0;0.0;0.0;0.0;0.0;0.0;0.0;0.0;0.0;0.0;0.0;0.0;0.0;0.0;0.0;0.0;0.0;0.0;0.0;0.0;0.0;0.0;0.0;0.0;0.0;0.0;0.0;0.0;0.0;0.0;0.0;0.0;0.0;0.0;0.0;0.0;0.0;0.0;0.0;0.0;0.0;0.0;0.0;0.0;0.0;0.0;0.0;0.0;0.0;0.0;0.0;0.0;0.0;0.0
Subject_002_S_6009;0.0;0.0;0.0;0.0;0.0;0.0;0.0;0.0;0.0;0.0;0.0;0.0;0.0;0.0;0.0;0.0;0.0;0.0;0.0;0.0;0.0;0.0;0.0;0.0;0.0;0.0;0.0;0.0;0.0;0.0;0.0;0.0;0.0;0.0;0.0;0.0;0.0;0.0;0.0;0.0;0.0;0.0;0.0;0.0;0.0;0.0;0.0;0.0;0.0;0.0;0.0;0.0;0.0;0.0;3.7286432160803855;7.246231155778894;7.959798994974875;9.346733668341713;10.773869346733662;12.201005025125625;13.628140703517587;14.0;13.517587939698501;12.090452261306538;11.331658291457288;10.236180904522612;8.80904522613065;7.381909547738701;5.954773869346738;5.0;5.0;4.336683417085432;3.6231155778894504;3.090452261306531;3.8040201005025125;4.0;4.0;4.0;4.0;4.0;4.0;4.0;4.0;4.0;4.0;4.0;4.0;4.0;4.0;3.4924623115577873;3.0;3.0;3.0;3.0;3.0;3.0;3.0;3.0;3.0;3.0;3.0;2.9296482412060385;2.21608040201005;2.0;2.0;2.0;2.6381909547738616;3.0;3.0;3.0;3.0;3.2060301507537616;3.91959798994975;4.0;4.0;4.0;4.0;4.9748743718593005;7.206030150753747;11.487437185929593;12.628140703517587;13.0;12.94472361809045;12.231155778894475;11.517587939698501;10.804020100502512;10.090452261306538;9.37688442211055;7.989949748743726;5.748743718593005;2.180904522613062;0.5226130653266381;0.0;0.0;0.0;0.0;0.0;0.0;0.0;0.0;0.0;0.0;0.0;0.0;0.0;0.0;0.0;0.0;0.0;0.0;0.0;0.0;0.0;0.0;0.0;0.0;0.0;0.0;0.0;0.0;0.0;0.0;0.0;0.0;0.0;0.0;0.0;0.0;0.0;0.0;0.0;0.0;0.0;0.0;0.0;0.0;0.0;0.0;0.0;0.0;0.0;0.0;0.0;0.0;0.0;0.0;0.0;0.0;0.0;0.0;0.0;0.0;0.0;0.0;0.0;0.0;0.0;0.0;0.0;0.0
Subject_033_S_7079;0.0;0.0;0.0;0.0;0.0;0.0;0.0;0.0;0.0;0.0;0.0;0.0;0.0;0.0;0.0;0.0;0.0;0.0;0.0;0.0;0.0;0.0;0.0;0.0;0.0;0.0;0.0;0.0;0.0;0.0;0.0;0.0;0.0;0.0;0.0;0.0;0.0;0.0;0.0;0.0;0.0;0.0;0.0;0.0;0.0;0.0;0.0;0.0;0.0;1.7688442211055246;4.557788944723619;6.788944723618094;7.0;7.417085427135682;8.1608040201005;8.904522613065325;8.35175879396985;6.824120603015075;5.1356783919598;5.879396984924625;5.37688442211055;4.633165829145732;3.778894472361813;2.2914572864321627;2.5979899497487438;2.658291457286431;2.085427135678394;2.829145728643219;3.0;2.6834170854271377;2.0603015075376874;2.8040201005025125;2.4522613065326624;2.2914572864321627;3.0;3.0;3.0;2.733668341708544;2.0100502512562812;2.7537688442211063;3.0;2.7587939698492434;2.0150753768844254;2.7286432160803997;3.0;3.0;3.0;3.0;3.0;3.0;3.0;3.0;3.0;2.8341708542713633;2.090452261306538;2.0;2.0;2.0;2.0;2.0;2.0;2.0;2.0;1.396984924623112;1.0;1.0;1.0;1.0;0.6783919597990007;0.0;0.0;0.0;0.0;0.0;0.0;0.0;0.0;0.0;0.0;0.0;0.0;0.0;0.0;0.0;0.0;0.0;0.0;0.0;0.0;0.0;0.0;0.0;0.0;0.0;0.0;0.0;0.0;0.0;0.0;0.0;0.0;0.0;0.0;0.0;0.0;0.0;0.0;0.0;0.0;0.0;0.0;0.0;0.0;0.0;0.0;0.0;0.0;0.0;0.0;0.0;0.0;0.0;0.0;0.0;0.0;0.0;0.0;0.0;0.0;0.0;0.0;0.0;0.0;0.0;0.0;0.0;0.0;0.0;0.0;0.0;0.0;0.0;0.0;0.0;0.0;0.0;0.0;0.0;0.0;0.0;0.0;0.0;0.0;0.0;0.0;0.0;0.0;0.0;0.0;0.0
Subject_016_S_6771;0.0;0.0;0.0;0.0;0.0;0.0;0.0;0.0;0.0;0.0;0.0;0.0;0.0;0.0;0.0;0.0;0.0;0.0;0.0;0.0;0.0;0.0;0.0;0.0;0.0;0.0;0.0;0.0;0.0;0.0;0.0;0.0;0.0;0.0;0.0;0.0;0.0;0.0;0.0;0.0;0.0;0.0;0.0;0.0;0.0;0.0;0.0;0.0;0.0;1.4170854271356959;3.35175879396985;4.7587939698492505;6.165829145728651;7.286432160804026;7.989949748743719;8.693467336683419;9.0;9.0;9.0;8.492462311557787;7.155778894472348;4.341708542713548;4.0;3.6783919597989936;2.9748743718592934;2.271356783919593;2.0;2.0;2.0;2.0;2.2462311557789008;2.949748743718594;3.0;2.6432160804020057;2.0603015075376945;2.7638190954773876;3.0;3.0;3.0;3.0;3.0;3.0;2.311557788944718;2.0;2.0;2.0;2.5025125628140756;2.793969849246224;2.090452261306531;2.0;2.0;2.0;2.0;2.0;2.0;2.0;2.0;2.0;2.0;2.64824120603015;3.0;2.9447236180904497;2.2412060301507495;2.0;2.165829145728651;2.869346733668351;2.4271356783919487;2.0;2.0;2.0;2.0;2.0;2.0;2.4974874371859386;2.798994974874361;2.095477386934661;2.608040201005025;3.0;3.030150753768851;4.437185929648251;5.422110552763826;6.376884422110578;8.487437185929679;10.065326633165853;11.0;11.0;10.356783919597987;10.0;10.050251256281413;10.753768844221113;10.085427135678373;8.356783919597945;5.542713567839144;2.7286432160803997;0.7286432160803997;0.02512562814069952;0.0;0.0;0.0;0.0;0.0;0.0;0.0;0.0;0.0;0.0;0.0;0.0;0.0;0.0;0.0;0.0;0.0;0.0;0.0;0.0;0.0;0.0;0.0;0.0;0.0;0.0;0.0;0.0;0.0;0.0;0.0;0.0;0.0;0.0;0.0;0.0;0.0;0.0;0.0;0.0;0.0;0.0;0.0;0.0;0.0;0.0;0.0;0.0;0.0;0.0;0.0;0.0;0.0;0.0;0.0;0.0;0.0;0.0;0.0;0.0;0.0;0.0;0.0;0.0
Subject_003_S_6268;0.0;0.0;0.0;0.0;0.0;0.0;0.0;0.0;0.0;0.0;0.0;0.0;0.0;0.0;0.0;0.0;0.0;0.0;0.0;0.0;0.0;0.0;0.0;0.0;0.0;0.0;0.0;0.0;0.0;0.0;0.0;0.0;0.0;0.0;0.0;0.0;0.0;0.0;0.0;0.0;0.0;0.0;0.0;0.1809045226130621;2.4874371859296573;4.793969849246231;7.100502512562805;9.1356783919598;9.904522613065325;10.673366834170857;11.0;11.422110552763826;12.959798994974875;13.748743718592962;12.447236180904518;10.427135678391963;8.8894472361809;7.35175879396985;7.0;6.638190954773869;5.869346733668344;5.100502512562812;5.0;4.562814070351756;4.0;4.0;4.743718592964825;4.48743718592965;4.0;4.0;4.0;4.0;4.0;4.0;4.0;3.3366834170854247;3.0;3.2010050251256246;3.9698492462311563;4.0;4.0;4.0;4.045226130653269;4.814070351758794;5.0;4.64824120603015;4.0;4.0;4.0;3.572864321608037;3.0;3.0;3.0;3.0;3.0;3.0;3.0;3.0;3.0;3.0;3.0;3.0;3.0;3.0;3.0;3.0;3.4974874371859244;4.0;4.035175879396988;4.8040201005025125;5.0;5.0;5.110552763819101;5.879396984924625;6.0;6.834170854271349;9.301507537688394;14.683417085427166;15.0;15.0;14.738693467336688;13.96984924623115;13.201005025125625;12.4321608040201;11.32663316582915;9.89447236180905;9.125628140703512;7.713567839195974;5.763819095477388;3.4572864321608137;1.1507537688442397;0.2814070351758744;0.0;0.0;0.0;0.0;0.0;0.0;0.0;0.0;0.0;0.0;0.0;0.0;0.0;0.0;0.0;0.0;0.0;0.0;0.0;0.0;0.0;0.0;0.0;0.0;0.0;0.0;0.0;0.0;0.0;0.0;0.0;0.0;0.0;0.0;0.0;0.0;0.0;0.0;0.0;0.0;0.0;0.0;0.0;0.0;0.0;0.0;0.0;0.0;0.0;0.0;0.0;0.0;0.0;0.0;0.0;0.0;0.0;0.0;0.0;0.0;0.0;0.0;0.0;0.0;0.0;0.0;0.0;0.0
Subject_168_S_6085;0.0;0.0;0.0;0.0;0.0;0.0;0.0;0.0;0.0;0.0;0.0;0.0;0.0;0.0;0.0;0.0;0.0;0.0;0.0;0.0;0.0;0.0;0.0;0.0;0.0;0.0;0.0;0.0;0.0;0.0;0.0;0.0;0.0;0.0;0.0;0.0;0.0;0.0;0.0;0.0;0.0;0.0;0.0;0.0;0.0;0.0;0.0;0.0;0.0;0.0;0.8793969849246253;4.396984924623126;6.748743718592976;8.572864321608051;9.979899497487438;10.693467336683419;11.39698492462312;12.201005025125639;13.608040201005025;14.0;12.944723618090435;9.427135678391934;8.381909547738694;8.0;7.949748743718587;6.542713567839186;5.567839195979893;5.1356783919598;5.8391959798995;5.4572864321607994;4.5075376884421985;3.1005025125628123;3.653266331658294;4.0;3.9396984924623055;3.2361809045226124;3.467336683417088;3.829145728643212;3.125628140703512;3.5778894472361813;4.0;4.0;4.0;4.0;4.0;4.0;3.4974874371859244;3.206030150753776;3.909547738693469;4.0;4.0;4.0;4.0;4.0;3.738693467336674;2.3316582914572734;2.0;2.0;2.0;2.0;2.0;2.0552763819095503;2.7587939698492505;3.0;2.834170854271349;2.130653266331649;2.5728643216080513;3.0;3.0;3.6834170854271377;4.0;4.090452261306538;4.793969849246238;5.497487437185939;6.402010050251278;7.809045226130678;8.0;8.934673366834176;11.015075376884425;11.718592964824126;12.0;12.0;12.0;11.467336683417074;10.763819095477388;10.060301507537687;8.713567839195974;7.653266331658287;6.8994974874371735;5.492462311557773;4.542713567839186;3.839195979899486;3.135678391959786;1.2964824120602998;0.0;0.0;0.0;0.0;0.0;0.0;0.0;0.0;0.0;0.0;0.0;0.0;0.0;0.0;0.0;0.0;0.0;0.0;0.0;0.0;0.0;0.0;0.0;0.0;0.0;0.0;0.0;0.0;0.0;0.0;0.0;0.0;0.0;0.0;0.0;0.0;0.0;0.0;0.0;0.0;0.0;0.0;0.0;0.0;0.0;0.0;0.0;0.0;0.0;0.0;0.0;0.0;0.0;0.0;0.0;0.0;0.0;0.0;0.0;0.0;0.0;0.0;0.0;0.0;0.0;0.0
Subject_137_S_6812;0.0;0.0;0.0;0.0;0.0;0.0;0.0;0.0;0.0;0.0;0.0;0.0;0.0;0.0;0.0;0.0;0.0;0.0;0.0;0.0;0.0;0.0;0.0;0.0;0.0;0.0;0.0;0.0;0.0;0.0;0.0;0.0;0.0;0.0;0.0;0.0;0.0;0.0;0.0;0.0;0.0;0.0;0.0;0.0;0.8442211055276232;3.045226130653255;5.2462311557788865;6.964824120603012;8.21608040201005;8.949748743718594;10.366834170854261;11.417085427135675;12.150753768844218;12.884422110552762;11.763819095477388;9.94472361809045;7.914572864321613;7.180904522613069;6.447236180904525;5.140703517587944;3.0201005025125625;3.7537688442211063;4.0;4.0;4.0;4.0;3.5778894472361813;3.1557788944723555;3.8894472361808994;3.3768844221105567;3.0;3.090452261306531;3.824120603015075;4.0;4.0;4.0;4.0;4.0;4.0;4.0;4.0;4.427135678391956;5.0;5.0;4.371859296482413;4.0;3.904522613065332;3.170854271356788;3.0;3.0;3.0;3.0;3.0;3.2311557788944754;3.964824120603012;4.0;4.0;3.8341708542713633;3.1005025125628123;2.3668341708542755;2.0;2.1005025125628123;2.834170854271349;3.0;3.0;3.0;3.0;2.4974874371859386;2.0;2.0;2.0;2.0;2.0;2.0;2.6381909547738616;3.0;3.1055276381909493;3.839195979899486;4.0;4.0;4.040201005025125;4.773869346733662;5.507537688442213;6.7236180904522485;8.924623115577859;13.251256281407024;14.557788944723626;14.0;14.0;13.356783919598001;12.62311557788945;11.889447236180914;11.155778894472363;9.844221105527652;7.753768844221156;4.819095477386952;1.884422110552805;0.48743718592965024;0.0;0.0;0.0;0.0;0.0;0.0;0.0;0.0;0.0;0.0;0.0;0.0;0.0;0.0;0.0;0.0;0.0;0.0;0.0;0.0;0.0;0.0;0.0;0.0;0.0;0.0;0.0;0.0;0.0;0.0;0.0;0.0;0.0;0.0;0.0;0.0;0.0;0.0;0.0;0.0;0.0;0.0;0.0;0.0;0.0;0.0;0.0;0.0;0.0;0.0;0.0;0.0;0.0;0.0;0.0;0.0;0.0;0.0;0.0;0.0;0.0;0.0
Subject_033_S_6572;0.0;0.0;0.0;0.0;0.0;0.0;0.0;0.0;0.0;0.0;0.0;0.0;0.0;0.0;0.0;0.0;0.0;0.0;0.0;0.0;0.0;0.0;0.0;0.0;0.0;0.0;0.0;0.0;0.0;0.0;0.0;0.0;0.0;0.0;0.0;0.0;0.0;0.0;0.0;0.0;0.0;0.0;0.0;0.0;0.0;0.0;0.0;1.9296482412060243;4.64824120603015;6.849246231155782;7.683417085427131;8.834170854271349;10.150753768844218;10.884422110552762;11.618090452261306;12.35175879396985;13.0;13.0;10.788944723618101;8.427135678391963;6.9798994974874375;6.246231155778894;5.025125628140714;3.778894472361813;3.045226130653269;3.688442211055275;4.0;3.8442211055276445;3.1105527638191006;2.3768844221105567;2.356783919597987;3.0;3.0;3.0;3.0;3.0;3.0;3.4924623115577873;3.773869346733669;3.040201005025132;3.0;3.4271356783919558;3.8391959798995003;3.1055276381909565;3.0;3.3618090452261242;4.0;4.0;4.0;3.7035175879397;3.0;3.0;3.4974874371859244;4.0;4.0;4.0;4.0;3.8341708542713633;3.1005025125628123;3.0;3.0;3.0;3.0;3.0;3.0;2.9648241206030264;2.2311557788944754;2.5025125628140614;3.0;3.0;2.2964824120603;2.0;2.170854271356774;2.9045226130653248;3.0;3.3718592964824126;4.0;4.0;4.572864321608037;5.306532663316574;6.040201005025125;6.773869346733662;10.045226130653276;13.0;13.0;13.708542713567837;14.0;13.824120603015075;13.090452261306538;11.713567839196003;10.2462311557789;8.778894472361827;7.311557788944725;2.9547738693467807;0.0;0.0;0.0;0.0;0.0;0.0;0.0;0.0;0.0;0.0;0.0;0.0;0.0;0.0;0.0;0.0;0.0;0.0;0.0;0.0;0.0;0.0;0.0;0.0;0.0;0.0;0.0;0.0;0.0;0.0;0.0;0.0;0.0;0.0;0.0;0.0;0.0;0.0;0.0;0.0;0.0;0.0;0.0;0.0;0.0;0.0;0.0;0.0;0.0;0.0;0.0;0.0;0.0;0.0;0.0;0.0;0.0;0.0;0.0;0.0;0.0;0.0;0.0;0.0;0.0;0.0
Subject_137_S_6903;0.0;0.0;0.0;0.0;0.0;0.0;0.0;0.0;0.0;0.0;0.0;0.0;0.0;0.0;0.0;0.0;0.0;0.0;0.0;0.0;0.0;0.0;0.0;0.0;0.0;0.0;0.0;0.0;0.0;0.0;0.0;0.0;0.0;0.0;0.0;0.0;0.0;0.0;0.0;0.0;0.0;0.0;0.0;0.0;0.0;0.0;1.0301507537688614;4.422110552763829;6.125628140703526;7.241206030150757;7.91959798994975;9.195979899497488;10.276381909547744;10.954773869346738;11.633165829145732;11.065326633165824;9.030150753768844;7.663316582914561;7.0;6.949748743718587;5.5929648241206;4.618090452261306;4.0;4.0;3.5829145728643184;3.0;3.0;2.5477386934673305;2.130653266331663;2.8090452261306567;3.0;3.0;3.0;3.0;3.0;3.0;3.0;3.0;3.0;3.0;3.0;3.0;3.0;2.693467336683412;2.0150753768844183;2.6633165829145753;2.658291457286431;2.0;2.0;2.3768844221105567;3.0;3.0;3.0;2.909547738693462;2.2311557788944683;2.0;2.0;2.0;2.482412060301513;3.0;3.0;3.0;3.0;3.0;1.8944723618090222;1.0;1.0;1.5879396984924625;2.266331658291463;2.944723618090464;2.3768844221105496;2.0;2.0;2.0;2.0;2.0150753768844254;2.693467336683426;3.0;3.0502512562814132;3.728643216080414;4.4070351758794;5.085427135678401;5.763819095477388;6.8844221105527765;8.361809045226167;10.396984924623126;10.522613065326624;10.0;10.0;9.487437185929636;8.80904522613065;8.130653266331649;8.0;7.095477386934647;4.381909547738644;2.2512562814070236;0.7386934673366738;0.06030150753768737;0.0;0.0;0.0;0.0;0.0;0.0;0.0;0.0;0.0;0.0;0.0;0.0;0.0;0.0;0.0;0.0;0.0;0.0;0.0;0.0;0.0;0.0;0.0;0.0;0.0;0.0;0.0;0.0;0.0;0.0;0.0;0.0;0.0;0.0;0.0;0.0;0.0;0.0;0.0;0.0;0.0;0.0;0.0;0.0;0.0;0.0;0.0;0.0;0.0;0.0;0.0;0.0;0.0;0.0;0.0;0.0;0.0;0.0;0.0;0.0;0.0;0.0
Subject_032_S_6600;0.0;0.0;0.0;0.0;0.0;0.0;0.0;0.0;0.0;0.0;0.0;0.0;0.0;0.0;0.0;0.0;0.0;0.0;0.0;0.0;0.0;0.0;0.0;0.0;0.0;0.0;0.0;0.0;0.0;0.0;0.0;0.0;0.0;0.0;0.0;0.0;0.0;0.0;0.0;0.0;0.0;2.4321608040201;4.8442211055276445;6.864321608040203;7.628140703517587;8.0;8.0;8.648241206030153;9.321608040201006;9.994974874371863;10.0;9.316582914572862;7.969849246231149;6.62311557788945;5.638190954773869;4.964824120603012;4.291457286432163;4.0;4.0;4.0;4.0;4.0;4.0;3.5778894472361813;3.0;3.0;3.0;3.0;3.0;3.4623115577889436;3.8643216080402;3.1909547738693433;3.482412060301513;4.0;4.0;3.4974874371859244;3.175879396984925;3.8492462311557816;4.0;3.8040201005025125;3.130653266331656;3.0;3.0;3.0;3.562814070351763;4.0;4.0;4.0;4.0;4.0;4.0;3.7236180904522556;3.050251256281406;3.0;3.0;3.0;3.0;2.6834170854271377;2.010050251256274;2.0;2.3366834170854247;3.0;3.0;3.0;2.969849246231149;2.2964824120603;2.3768844221105496;3.0502512562814132;3.7236180904522627;4.0;4.070351758793976;4.743718592964825;5.0;5.180904522613076;6.527638190954775;6.562814070351749;6.110552763819101;6.78391959798995;7.914572864321627;9.130653266331663;9.804020100502512;10.477386934673376;11.0;11.0;11.0;10.829145728643212;10.155778894472363;9.482412060301499;8.618090452261299;7.2713567839196;5.924623115577873;4.366834170854261;2.346733668341713;0.8844221105527481;0.0;0.0;0.0;0.0;0.0;0.0;0.0;0.0;0.0;0.0;0.0;0.0;0.0;0.0;0.0;0.0;0.0;0.0;0.0;0.0;0.0;0.0;0.0;0.0;0.0;0.0;0.0;0.0;0.0;0.0;0.0;0.0;0.0;0.0;0.0;0.0;0.0;0.0;0.0;0.0;0.0;0.0;0.0;0.0;0.0;0.0;0.0;0.0;0.0;0.0;0.0;0.0;0.0;0.0;0.0;0.0;0.0;0.0;0.0;0.0;0.0;0.0;0.0;0.0;0.0;0.0
Subject_037_S_4706;0.0;0.0;0.0;0.0;0.0;0.0;0.0;0.0;0.0;0.0;0.0;0.0;0.0;0.0;0.0;0.0;0.0;0.0;0.0;0.0;0.0;0.0;0.0;0.0;0.0;0.0;0.0;0.0;0.0;0.0;0.0;0.0;0.0;0.0;0.0;0.0;0.0;0.0;0.0;0.0;0.0;0.0;0.0;0.0;1.9849246231155782;5.1105527638190935;5.824120603015075;6.537688442211056;7.502512562814076;8.929648241206024;9.0;9.0;9.0;9.0;9.0;8.507537688442213;7.08040201005025;7.0;6.226130653266338;4.899497487437188;4.185929648241206;4.0;4.0;4.0;4.668341708542712;5.0;4.904522613065325;4.1909547738693504;3.477386934673369;3.2361809045226124;3.949748743718594;3.336683417085432;3.3768844221105496;3.909547738693469;3.1959798994974875;3.517587939698494;3.7688442211055317;3.0552763819095503;3.0;3.3718592964824126;4.0;4.0;4.0;4.0;4.0;4.0;4.0;4.0;4.0;4.0;4.0;4.0;4.0;4.0;4.075376884422113;4.788944723618087;5.0;4.5678391959799;3.1407035175879514;3.643216080402013;4.0;3.9296482412060385;3.21608040201005;3.0;3.0;3.0;2.3618090452261384;2.0;2.0653266331658244;2.778894472361813;3.0;3.2060301507537616;3.91959798994975;5.266331658291449;6.0;6.060301507537687;6.773869346733662;9.437185929648251;12.0;12.0;12.628140703517587;13.0;12.94472361809045;12.231155778894475;11.035175879397002;9.804020100502512;9.090452261306538;7.130653266331649;3.9798994974874518;0.0;0.0;0.0;0.0;0.0;0.0;0.0;0.0;0.0;0.0;0.0;0.0;0.0;0.0;0.0;0.0;0.0;0.0;0.0;0.0;0.0;0.0;0.0;0.0;0.0;0.0;0.0;0.0;0.0;0.0;0.0;0.0;0.0;0.0;0.0;0.0;0.0;0.0;0.0;0.0;0.0;0.0;0.0;0.0;0.0;0.0;0.0;0.0;0.0;0.0;0.0;0.0;0.0;0.0;0.0;0.0;0.0;0.0;0.0;0.0;0.0;0.0;0.0;0.0;0.0;0.0;0.0;0.0;0.0;0.0;0.0
Subject_003_S_1122;0.0;0.0;0.0;0.0;0.0;0.0;0.0;0.0;0.0;0.0;0.0;0.0;0.0;0.0;0.0;0.0;0.0;0.0;0.0;0.0;0.0;0.0;0.0;0.0;0.0;0.0;0.0;0.0;0.0;0.0;0.0;0.0;0.0;0.0;0.0;0.0;0.0;0.0;0.0;0.0;0.0;0.0;0.0;0.0;0.0;0.0;0.0;0.0;2.49748743718596;7.0201005025125625;8.32663316582915;9.31658291457287;9.969849246231156;10.0;9.723618090452256;9.070351758793969;7.251256281407024;5.527638190954761;4.221105527638187;3.4572864321607994;3.0;3.0;2.4974874371859244;2.1557788944723626;2.8090452261306567;3.0;3.0;3.0;3.0;3.0;3.0;3.0;3.0;3.0;3.0;3.0;3.0;3.0;3.0;3.0;3.0;3.0;3.0;3.0;3.0;3.0;3.180904522613069;3.8341708542713633;4.0;3.8592964824120557;3.2060301507537616;3.0;3.0;3.0;3.4070351758794004;4.0;4.0;3.6331658291457245;3.0;3.0;3.0;3.0;3.0;3.0;3.0;2.407035175879386;2.0;2.0;2.0;2.206030150753776;2.859296482412063;3.0;3.0;3.0;3.472361809045239;4.0;4.0;4.4321608040201;4.914572864321599;4.261306532663312;4.391959798994975;5.180904522613105;7.793969849246253;10.05527638190955;12.005025125628151;12.658291457286438;13.0;13.0;13.0;12.7286432160804;12.075376884422099;11.422110552763812;10.306532663316574;8.34673366834167;6.3869346733668095;4.618090452261299;3.3115577889446968;1.5075376884421843;0.0;0.0;0.0;0.0;0.0;0.0;0.0;0.0;0.0;0.0;0.0;0.0;0.0;0.0;0.0;0.0;0.0;0.0;0.0;0.0;0.0;0.0;0.0;0.0;0.0;0.0;0.0;0.0;0.0;0.0;0.0;0.0;0.0;0.0;0.0;0.0;0.0;0.0;0.0;0.0;0.0;0.0;0.0;0.0;0.0;0.0;0.0;0.0;0.0;0.0;0.0;0.0;0.0;0.0;0.0;0.0;0.0;0.0;0.0;0.0;0.0;0.0
Subject_011_S_7048;0.0;0.0;0.0;0.0;0.0;0.0;0.0;0.0;0.0;0.0;0.0;0.0;0.0;0.0;0.0;0.0;0.0;0.0;0.0;0.0;0.0;0.0;0.0;0.0;0.0;0.0;0.0;0.0;0.0;0.0;0.0;0.0;0.0;0.0;0.0;0.0;0.0;0.0;0.0;0.0;0.0;0.0;0.0;0.0;0.0;0.0;0.0;0.0;0.0;0.0;2.1608040201004997;5.3216080402010135;6.778894472361813;7.618090452261306;8.346733668341713;9.075376884422113;9.804020100502512;10.53266331658292;11.0;11.0;8.125628140703498;7.0;6.824120603015075;6.095477386934668;5.366834170854268;4.276381909547737;3.0;3.0;3.0;3.0;3.0;3.0;2.5376884422110493;2.0;2.0;2.0;2.0;1.8944723618090435;1.1658291457286367;1.562814070351763;2.0;2.0;2.0;2.0;2.206030150753776;2.9346733668341756;2.3366834170854247;2.0;2.1206030150753747;2.8492462311557887;3.0;3.0;3.0;3.0;3.0;3.0;3.0;3.0;2.5929648241205996;2.0;2.0;2.0;2.0;2.0;2.0;2.0;2.0;2.0;2.0;2.0;1.8492462311557745;1.1206030150753747;1.0;1.0;1.0653266331658386;1.7939698492462384;2.0;2.0;2.0;2.7085427135678515;2.562814070351749;2.165829145728651;2.8944723618090507;3.0;3.0;3.080402010050264;3.8090452261306638;4.5376884422110635;5.532663316582926;6.989949748743726;8.447236180904525;9.452261306532662;10.361809045226153;11.819095477386952;12.0;12.0;11.904522613065325;11.175879396984925;9.894472361809022;8.437185929648223;6.93969849246227;2.5678391959798716;0.5326633165829122;0.0;0.0;0.0;0.0;0.0;0.0;0.0;0.0;0.0;0.0;0.0;0.0;0.0;0.0;0.0;0.0;0.0;0.0;0.0;0.0;0.0;0.0;0.0;0.0;0.0;0.0;0.0;0.0;0.0;0.0;0.0;0.0;0.0;0.0;0.0;0.0;0.0;0.0;0.0;0.0;0.0;0.0;0.0;0.0;0.0;0.0;0.0;0.0;0.0;0.0;0.0;0.0;0.0;0.0;0.0;0.0;0.0
Subject_035_S_6160;0.0;0.0;0.0;0.0;0.0;0.0;0.0;0.0;0.0;0.0;0.0;0.0;0.0;0.0;0.0;0.0;0.0;0.0;0.0;0.0;0.0;0.0;0.0;0.0;0.0;0.0;0.0;0.0;0.0;0.0;0.0;0.0;0.0;0.0;0.0;0.0;0.0;0.0;0.0;0.0;0.0;0.0;0.0;0.0;0.0;0.0;0.0;0.0;0.0;0.0;0.0;0.5527638190954676;3.9949748743718416;5.9748743718593005;7.175879396984925;7.8643216080402;8.552763819095475;9.0;9.0;9.0;9.306532663316581;9.994974874371856;9.316582914572862;9.371859296482413;10.0;10.0;9.562814070351763;8.497487437185924;5.743718592964825;4.4974874371859315;4.0;4.0;3.4321608040201;3.256281407035175;3.9447236180904497;3.3668341708542755;3.3216080402010064;4.0;4.0;4.0;4.0;4.0;3.5477386934673376;3.0;3.0;3.517587939698494;4.0;4.0;4.0;3.728643216080407;3.040201005025125;3.0;3.3366834170854247;4.0;4.0;4.0;4.0;4.0;4.0;4.0;4.0;4.0;4.0;4.0;4.0;4.0;4.0;3.3366834170854247;3.0;3.08040201005025;4.4572864321607994;5.0;5.0;5.0;5.482412060301499;6.0;6.0;6.547738693467338;7.94472361809045;10.698492462311549;12.226130653266324;13.0;13.0;13.0;13.0;13.0;13.0;12.1356783919598;10.75879396984925;9.381909547738701;8.005025125628151;6.4422110552764025;4.376884422110578;2.874371859296474;1.4974874371859244;0.12060301507537474;0.0;0.0;0.0;0.0;0.0;0.0;0.0;0.0;0.0;0.0;0.0;0.0;0.0;0.0;0.0;0.0;0.0;0.0;0.0;0.0;0.0;0.0;0.0;0.0;0.0;0.0;0.0;0.0;0.0;0.0;0.0;0.0;0.0;0.0;0.0;0.0;0.0;0.0;0.0;0.0;0.0;0.0;0.0;0.0;0.0;0.0;0.0;0.0;0.0;0.0;0.0;0.0;0.0;0.0;0.0;0.0;0.0;0.0;0.0;0.0;0.0;0.0;0.0;0.0
Subject_003_S_6833;0.0;0.0;0.0;0.0;0.0;0.0;0.0;0.0;0.0;0.0;0.0;0.0;0.0;0.0;0.0;0.0;0.0;0.0;0.0;0.0;0.0;0.0;0.0;0.0;0.0;0.0;0.0;0.0;0.0;0.0;0.0;0.0;0.0;0.0;0.0;0.0;0.0;0.0;0.0;0.0;0.0;0.0;0.0;0.0;2.090452261306538;4.341708542713569;5.638190954773876;6.467336683417088;7.231155778894475;8.527638190954775;9.0;9.060301507537687;9.708542713567837;8.929648241206017;6.994974874371856;6.346733668341706;5.698492462311556;5.050251256281406;3.8040201005025125;3.0;3.0;2.4572864321607994;2.0;2.0;2.4874371859296502;3.0;3.0;3.0;3.08040201005025;3.728643216080407;3.6231155778894433;3.0251256281407066;3.6733668341708565;3.6783919597989936;3.0301507537688437;3.0;3.0;3.0;2.437185929648237;2.211055276381913;2.859296482412063;3.0;3.0;3.0;2.5477386934673376;2.1005025125628194;2.7487437185929693;3.0;3.0;3.0;3.0;3.0;3.0;3.0;3.0;3.0;3.0;3.0;3.0;3.0;3.0;2.527638190954775;2.0;2.0;2.4170854271356745;3.0;3.0;3.0;2.9899497487437117;2.3417085427135618;2.0;2.0;2.0;2.251256281407038;2.8994974874371877;3.0;3.1959798994974875;3.8442211055276374;3.5075376884422127;3.140703517587937;3.7889447236181013;4.0;4.170854271356802;5.467336683417102;7.145728643216103;9.120603015075403;11.713567839196003;13.653266331658301;14.949748743718601;15.62311557788945;15.4572864321608;14.1608040201005;14.0;13.5678391959799;12.2713567839196;10.9748743718593;9.356783919598001;6.763819095477345;3.256281407035118;0.0;0.0;0.0;0.0;0.0;0.0;0.0;0.0;0.0;0.0;0.0;0.0;0.0;0.0;0.0;0.0;0.0;0.0;0.0;0.0;0.0;0.0;0.0;0.0;0.0;0.0;0.0;0.0;0.0;0.0;0.0;0.0;0.0;0.0;0.0;0.0;0.0;0.0;0.0;0.0;0.0;0.0;0.0;0.0;0.0;0.0;0.0;0.0;0.0;0.0;0.0;0.0;0.0;0.0;0.0;0.0;0.0;0.0;0.0;0.0;0.0
Subject_137_S_6557;0.0;0.0;0.0;0.0;0.0;0.0;0.0;0.0;0.0;0.0;0.0;0.0;0.0;0.0;0.0;0.0;0.0;0.0;0.0;0.0;0.0;0.0;0.0;0.0;0.0;0.0;0.0;0.0;0.0;0.0;0.0;0.0;0.0;0.0;0.0;0.0;0.0;0.0;0.0;0.0;0.0;0.0;0.0;0.0;0.0;0.0;0.0;0.0;0.0;0.0;0.0;2.0201005025125696;4.236180904522612;6.301507537688437;7.778894472361813;9.256281407035175;10.0;10.105527638190956;10.844221105527637;11.0;10.678391959798994;9.698492462311563;6.005025125628158;4.462311557788944;3.7236180904522627;3.0150753768844183;3.7537688442211063;3.5075376884422127;3.0;3.0;3.0;3.0;3.0;3.0;3.0;3.0;3.0;3.0;2.381909547738694;2.356783919597987;3.0;3.0;2.427135678391963;2.311557788944725;3.0;3.0;3.527638190954775;3.733668341708551;3.0;3.0;3.0;3.221105527638187;3.959798994974875;4.0;4.0;4.0;4.0;3.346733668341713;3.0;2.869346733668337;2.130653266331663;2.608040201005025;3.0;3.0;3.0;2.437185929648237;2.0;2.08040201005025;3.557788944723626;4.0;4.256281407035175;4.994974874371863;5.0;5.472361809045225;6.211055276381913;6.949748743718587;8.37688442211055;9.0;9.165829145728637;9.904522613065325;9.356783919597987;9.381909547738687;10.0;10.0;9.402010050251263;7.989949748743726;5.773869346733662;3.55778894472364;1.341708542713576;0.0;0.0;0.0;0.0;0.0;0.0;0.0;0.0;0.0;0.0;0.0;0.0;0.0;0.0;0.0;0.0;0.0;0.0;0.0;0.0;0.0;0.0;0.0;0.0;0.0;0.0;0.0;0.0;0.0;0.0;0.0;0.0;0.0;0.0;0.0;0.0;0.0;0.0;0.0;0.0;0.0;0.0;0.0;0.0;0.0;0.0;0.0;0.0;0.0;0.0;0.0;0.0;0.0;0.0;0.0;0.0;0.0;0.0;0.0;0.0;0.0;0.0;0.0;0.0;0.0;0.0;0.0;0.0;0.0;0.0;0.0
Subject_168_S_6098;0.0;0.0;0.0;0.0;0.0;0.0;0.0;0.0;0.0;0.0;0.0;0.0;0.0;0.0;0.0;0.0;0.0;0.0;0.0;0.0;0.0;0.0;0.0;0.0;0.0;0.0;0.0;0.0;0.0;0.0;0.0;0.0;0.0;0.0;0.0;0.0;0.0;0.0;0.0;0.0;0.0;0.0;0.0;0.0;0.0;0.0;0.0;0.0;0.0;3.5376884422110493;8.371859296482413;9.859296482412063;11.346733668341713;12.834170854271363;14.1608040201005;14.904522613065325;12.4070351758794;10.608040201005025;9.7286432160804;8.24120603015075;6.130653266331649;5.0;5.0;5.0;4.402010050251256;4.0;3.914572864321606;3.170854271356781;2.427135678391963;2.0;2.0603015075376874;2.8040201005025125;2.4522613065326624;2.0;2.0;2.0;2.0;2.0;2.0100502512562812;2.7537688442211063;2.5025125628140685;2.2412060301507566;2.9849246231155746;3.0;3.0;3.21608040201005;3.959798994974875;4.0;4.0;3.8090452261306496;3.0653266331658244;3.0;3.0;3.0;3.0;3.653266331658287;4.0;3.859296482412063;3.1155778894472377;3.0;3.0;3.0;3.0;2.396984924623112;2.0;2.090452261306538;2.8341708542713633;3.0;3.0;3.0653266331658244;3.8090452261306496;3.4472361809045253;3.2964824120603;4.040201005025125;4.78391959798995;5.0;5.2713567839196;6.0;6.0;7.005025125628151;8.0;8.0;10.20100502512561;11.0;11.0;11.0;10.291457286432163;10.0;9.804020100502512;9.060301507537687;7.6331658291457245;6.572864321608037;5.658291457286424;4.170854271356774;1.366834170854247;0.0;0.0;0.0;0.0;0.0;0.0;0.0;0.0;0.0;0.0;0.0;0.0;0.0;0.0;0.0;0.0;0.0;0.0;0.0;0.0;0.0;0.0;0.0;0.0;0.0;0.0;0.0;0.0;0.0;0.0;0.0;0.0;0.0;0.0;0.0;0.0;0.0;0.0;0.0;0.0;0.0;0.0;0.0;0.0;0.0;0.0;0.0;0.0;0.0;0.0;0.0;0.0;0.0;0.0;0.0;0.0;0.0;0.0;0.0;0.0;0.0;0.0;0.0;0.0;0.0
Subject_168_S_6142;0.0;0.0;0.0;0.0;0.0;0.0;0.0;0.0;0.0;0.0;0.0;0.0;0.0;0.0;0.0;0.0;0.0;0.0;0.0;0.0;0.0;0.0;0.0;0.0;0.0;0.0;0.0;0.0;0.0;0.0;0.0;0.0;0.0;0.0;0.0;0.0;0.0;0.0;0.0;0.0;0.0;0.0;0.0;0.0;0.0;0.6834170854271377;3.2763819095477515;4.934673366834176;6.115577889447238;6.763819095477388;7.4120603015075375;8.120603015075375;9.417085427135675;10.0;10.005025125628144;10.653266331658294;9.793969849246224;7.201005025125625;6.402010050251256;5.753768844221106;5.105527638190949;4.4572864321607994;3.8090452261306496;3.1608040201004997;3.0;3.0;3.0;3.0;3.0;3.0;3.3768844221105567;3.9748743718592934;3.3266331658291435;3.0;3.0;3.618090452261306;3.733668341708537;3.085427135678387;3.0;3.0;3.0;3.0;3.0;3.0;3.4522613065326624;3.8994974874371806;3.2512562814070307;3.396984924623119;4.0;4.0;4.0;4.0;4.0;4.0;4.0;3.4170854271356745;2.7688442211055246;2.1206030150753747;2.527638190954775;3.0;3.0;3.0;3.0;3.0;3.0;2.9346733668341614;2.2864321608040115;2.0;2.0;2.0;2.306532663316588;2.954773869346738;3.0;3.251256281407038;3.8994974874371877;4.547738693467338;5.1959798994974875;5.844221105527637;8.954773869346724;12.422110552763812;14.366834170854304;15.0;14.914572864321599;14.266331658291449;13.236180904522598;11.939698492462298;10.643216080401999;9.346733668341699;8.050251256281399;6.130653266331649;3.914572864321599;1.3216080402009993;0.43216080402009993;0.0;0.0;0.0;0.0;0.0;0.0;0.0;0.0;0.0;0.0;0.0;0.0;0.0;0.0;0.0;0.0;0.0;0.0;0.0;0.0;0.0;0.0;0.0;0.0;0.0;0.0;0.0;0.0;0.0;0.0;0.0;0.0;0.0;0.0;0.0;0.0;0.0;0.0;0.0;0.0;0.0;0.0;0.0;0.0;0.0;0.0;0.0;0.0;0.0;0.0;0.0;0.0;0.0;0.0;0.0;0.0;0.0;0.0;0.0;0.0;0.0;0.0;0.0;0.0;0.0;0.0;0.0
Subject_137_S_6883;0.0;0.0;0.0;0.0;0.0;0.0;0.0;0.0;0.0;0.0;0.0;0.0;0.0;0.0;0.0;0.0;0.0;0.0;0.0;0.0;0.0;0.0;0.0;0.0;0.0;0.0;0.0;0.0;0.0;0.0;0.0;0.0;0.0;0.0;0.0;0.0;0.0;0.0;0.0;0.0;0.0;0.0;0.0;0.0;0.7939698492462313;2.442211055276374;5.2964824120603;7.613065326633169;9.251256281407038;9.964824120603012;10.678391959798994;11.391959798994975;12.105527638190956;12.81909547738693;13.0;13.246231155778894;13.959798994974875;12.653266331658287;11.226130653266338;9.698492462311563;7.557788944723619;6.472361809045225;5.517587939698501;4.090452261306538;4.0;3.618090452261306;3.0;3.0;3.0;3.0;3.0;3.0;3.0;3.0;3.0;3.0;2.7688442211055317;2.0552763819095503;2.658291457286431;3.3718592964824126;4.0;4.0;4.0;4.0;4.0;4.0;3.6331658291457316;3.0;3.0;3.0;3.0;3.0;3.0;3.0;3.0;3.0;3.0;3.0;3.0;2.356783919597987;2.0;2.0;2.0;2.4974874371859244;3.0;3.0;2.3618090452261384;2.0;2.0;2.0;2.0;2.0;2.0;2.0;2.0;2.0603015075376874;2.7738693467336617;3.0;3.2010050251256246;3.914572864321599;4.628140703517587;5.341708542713562;6.0;6.0;6.482412060301499;8.175879396984925;12.457286432160771;13.62311557788945;13.663316582914575;12.899497487437202;11.472361809045225;11.0;10.80904522613065;10.095477386934675;8.763819095477402;6.673366834170849;3.864321608040214;1.7236180904522485;1.0;0.8140703517588008;0.10050251256281229;0.0;0.0;0.0;0.0;0.0;0.0;0.0;0.0;0.0;0.0;0.0;0.0;0.0;0.0;0.0;0.0;0.0;0.0;0.0;0.0;0.0;0.0;0.0;0.0;0.0;0.0;0.0;0.0;0.0;0.0;0.0;0.0;0.0;0.0;0.0;0.0;0.0;0.0;0.0;0.0;0.0;0.0;0.0;0.0;0.0;0.0;0.0;0.0;0.0;0.0;0.0;0.0;0.0;0.0;0.0;0.0;0.0;0.0;0.0
Subject_032_S_6700;0.0;0.0;0.0;0.0;0.0;0.0;0.0;0.0;0.0;0.0;0.0;0.0;0.0;0.0;0.0;0.0;0.0;0.0;0.0;0.0;0.0;0.0;0.0;0.0;0.0;0.0;0.0;0.0;0.0;0.0;0.0;0.0;0.0;0.0;0.0;0.0;0.0;0.0;0.0;0.0;0.0;0.0;0.0;0.17587939698493926;3.6683417085427195;6.2964824120603;8.130653266331663;8.82914572864322;9.527638190954775;10.226130653266331;10.924623115577887;11.62311557788945;12.0;11.939698492462313;9.844221105527623;7.748743718592955;5.884422110552762;5.185929648241206;3.9748743718593005;2.788944723618087;2.090452261306531;2.608040201005025;2.693467336683412;2.005025125628144;2.7035175879397;2.5979899497487438;2.0;2.0;2.4974874371859315;3.0;3.0;3.0;3.0;3.0;3.0;3.0;3.0;3.0;3.0;2.819095477386931;2.1206030150753747;2.5778894472361813;3.0;3.0;2.3266331658291435;2.3718592964824126;3.0;3.0;3.0;3.0;3.0;3.0;2.738693467336674;2.040201005025125;2.6582914572864382;3.0;2.9447236180904497;2.2462311557788865;2.0;2.0;2.0;2.0;2.0;2.0;2.643216080402013;2.658291457286424;2.0;2.0;2.0;2.0;2.0;2.0;2.2311557788944754;2.9296482412060385;3.0;3.0;3.0251256281406995;3.7236180904522627;4.0;4.120603015075375;4.819095477386938;5.0;5.21608040201005;5.914572864321613;10.291457286432234;13.0;13.0;13.0;12.5929648241206;12.0;12.0;10.994974874371849;9.59798994974875;8.201005025125625;7.402010050251249;4.9246231155779014;0.03517587939695943;0.0;0.0;0.0;0.0;0.0;0.0;0.0;0.0;0.0;0.0;0.0;0.0;0.0;0.0;0.0;0.0;0.0;0.0;0.0;0.0;0.0;0.0;0.0;0.0;0.0;0.0;0.0;0.0;0.0;0.0;0.0;0.0;0.0;0.0;0.0;0.0;0.0;0.0;0.0;0.0;0.0;0.0;0.0;0.0;0.0;0.0;0.0;0.0;0.0;0.0;0.0;0.0;0.0;0.0;0.0;0.0;0.0;0.0;0.0;0.0;0.0;0.0;0.0
Subject_016_S_7002;0.0;0.0;0.0;0.0;0.0;0.0;0.0;0.0;0.0;0.0;0.0;0.0;0.0;0.0;0.0;0.0;0.0;0.0;0.0;0.0;0.0;0.0;0.0;0.0;0.0;0.0;0.0;0.0;0.0;0.0;0.0;0.0;0.0;0.0;0.0;0.0;0.0;0.0;0.0;0.0;0.0;0.0;0.0;0.0;0.0;0.0;0.0;0.0;0.0;0.0;0.0;0.0;0.0;0.0;0.0;0.0;0.0;0.0;0.0;0.5025125628140614;4.070351758793969;6.05527638190955;7.7236180904522485;9.864321608040193;10.668341708542712;11.0;10.618090452261299;7.763819095477402;7.0;6.763819095477388;6.050251256281406;5.336683417085432;4.62311557788945;3.819095477386938;2.391959798994975;2.517587939698494;2.7688442211055317;2.0552763819095503;2.0;2.0;2.0;2.0;2.0;2.0;2.0;1.346733668341713;1.3668341708542684;1.9195979899497502;1.2060301507537687;1.0;1.221105527638187;1.9346733668341756;2.0;2.0;2.0;2.0;2.5025125628140756;2.78391959798995;2.0703517587939757;2.0;2.0;2.0;2.0;2.0;1.788944723618087;1.0753768844221128;1.0;1.35175879396985;2.0;2.0;1.5075376884422127;1.0;1.0;1.0;1.346733668341713;2.0;2.0;2.4874371859296502;2.7989949748743754;2.085427135678401;2.6281407035175874;3.3417085427135618;4.05527638190955;4.768844221105525;5.482412060301499;7.175879396984925;11.457286432160771;12.0;11.663316582914575;11.0;11.0;10.045226130653276;8.80904522613065;8.095477386934675;4.9095477386935045;2.005025125628137;0.0;0.0;0.0;0.0;0.0;0.0;0.0;0.0;0.0;0.0;0.0;0.0;0.0;0.0;0.0;0.0;0.0;0.0;0.0;0.0;0.0;0.0;0.0;0.0;0.0;0.0;0.0;0.0;0.0;0.0;0.0;0.0;0.0;0.0;0.0;0.0;0.0;0.0;0.0;0.0;0.0;0.0;0.0;0.0;0.0;0.0;0.0;0.0;0.0;0.0;0.0;0.0;0.0;0.0;0.0;0.0;0.0;0.0;0.0;0.0;0.0;0.0;0.0;0.0
Subject_033_S_10742;0.0;0.0;0.0;0.0;0.0;0.0;0.0;0.0;0.0;0.0;0.0;0.0;0.0;0.0;0.0;0.0;0.0;0.0;0.0;0.0;0.0;0.0;0.0;0.0;0.0;0.0;0.0;0.0;0.0;0.0;0.0;0.0;0.0;0.0;0.0;0.0;0.0;0.0;0.0;0.0;0.0;0.0;0.0;0.0;0.0;0.0;0.0;0.0;0.16080402010049966;1.4974874371859244;3.251256281407045;5.170854271356788;6.507537688442213;7.422110552763819;8.090452261306531;8.758793969849243;9.0;9.095477386934675;9.763819095477388;10.4321608040201;11.100502512562812;11.768844221105525;12.0;11.68341708542713;9.678391959798994;8.557788944723619;7.8894472361809065;7.221105527638187;5.658291457286424;4.115577889447238;4.78391959798995;4.547738693467338;4.0;4.0;4.0;4.0;4.0;4.0;4.0;4.0;4.0;4.0;4.0;4.0;4.0;4.0;4.0;4.0;4.0;3.517587939698494;3.1507537688442184;3.819095477386938;4.0;4.0;4.0;3.5075376884422127;3.0;3.0;3.0;3.0;3.0;3.0;3.0;3.0;3.0;2.824120603015075;2.1557788944723626;2.5125628140703498;3.0;3.0;3.0;3.1859296482412134;3.8542713567839257;4.0;4.1909547738693504;4.859296482412063;5.0;5.1959798994974875;5.8643216080402;6.532663316582912;7.201005025125625;7.869346733668337;10.150753768844197;12.206030150753776;12.874371859296488;13.5427135678392;14.211055276381913;14.879396984924625;14.452261306532662;13.78391959798995;13.115577889447238;11.89447236180905;10.778894472361813;10.1105527638191;8.884422110552748;7.321608040200985;5.316582914572848;3.311557788944711;2.0;2.0;0.8643216080401999;0.0;0.0;0.0;0.0;0.0;0.0;0.0;0.0;0.0;0.0;0.0;0.0;0.0;0.0;0.0;0.0;0.0;0.0;0.0;0.0;0.0;0.0;0.0;0.0;0.0;0.0;0.0;0.0;0.0;0.0;0.0;0.0;0.0;0.0;0.0;0.0;0.0;0.0;0.0;0.0;0.0;0.0;0.0;0.0;0.0;0.0;0.0;0.0;0.0;0.0;0.0;0.0;0.0;0.0;0.0;0.0;0.0;0.0;0.0
Subject_033_S_10229;0.0;0.0;0.0;0.0;0.0;0.0;0.0;0.0;0.0;0.0;0.0;0.0;0.0;0.0;0.0;0.0;0.0;0.0;0.0;0.0;0.0;0.0;0.0;0.0;0.0;0.0;0.0;0.0;0.0;0.0;0.0;0.0;0.0;0.0;0.0;0.0;0.0;0.0;0.0;0.0;0.0;0.0;0.0;0.0;0.0;0.0;0.0;0.0;0.1809045226130479;2.9346733668341756;4.422110552763819;5.221105527638187;6.597989949748737;7.48743718592965;8.35175879396985;9.7286432160804;9.447236180904525;8.276381909547752;6.211055276381906;6.0;5.386934673366838;4.010050251256288;2.6331658291457245;2.3718592964824126;3.0;3.0;3.0;2.874371859296481;2.1859296482412063;2.0;2.0;2.0;1.4321608040201;1.2562814070351749;1.9447236180904497;2.6331658291457245;3.0;2.9899497487437188;2.301507537688444;2.0;2.0753768844221128;2.7638190954773876;2.5477386934673376;2.0;2.0;2.0;2.0;2.0;2.0;2.0;2.0;2.0;2.3366834170854247;3.0;3.0;3.0;2.819095477386952;1.442211055276374;1.4673366834170878;2.0;2.0;2.0;2.0;2.0;2.0;1.7135678391959885;1.0251256281406995;1.6633165829145753;2.0;2.0;2.0;2.0;2.0;2.0;2.482412060301499;3.170854271356788;3.859296482412063;4.547738693467338;5.236180904522612;5.924623115577887;7.839195979899486;9.603015075376874;10.979899497487423;11.0;11.0;11.0;11.0;10.5678391959799;9.879396984924625;9.19095477386935;8.502512562814076;7.814070351758801;7.125628140703526;5.874371859296474;3.9949748743718487;1.2412060301507495;0.37185929648241256;0.0;0.0;0.0;0.0;0.0;0.0;0.0;0.0;0.0;0.0;0.0;0.0;0.0;0.0;0.0;0.0;0.0;0.0;0.0;0.0;0.0;0.0;0.0;0.0;0.0;0.0;0.0;0.0;0.0;0.0;0.0;0.0;0.0;0.0;0.0;0.0;0.0;0.0;0.0;0.0;0.0;0.0;0.0;0.0;0.0;0.0;0.0;0.0;0.0;0.0;0.0;0.0;0.0;0.0;0.0;0.0;0.0;0.0;0.0;0.0;0.0;0.0;0.0
Subject_035_S_6156;0.0;0.0;0.0;0.0;0.0;0.0;0.0;0.0;0.0;0.0;0.0;0.0;0.0;0.0;0.0;0.0;0.0;0.0;0.0;0.0;0.0;0.0;0.0;0.0;0.0;0.0;0.0;0.0;0.0;0.0;0.0;0.0;0.0;0.0;0.0;0.0;0.0;0.0;0.0;0.0;0.0;0.0;0.0;0.0;0.0;0.0;0.0;0.0;0.05025125628140614;3.5929648241205925;6.281407035175867;8.0;8.0;9.10552763819095;10.0;10.0;11.356783919597987;11.61306532663317;10.713567839195996;8.587939698492463;7.48743718592965;7.0;7.0;6.361809045226131;5.306532663316588;3.944723618090457;3.2361809045226124;3.472361809045225;3.819095477386938;3.1105527638191006;3.0;3.0;3.0;3.0;3.0;3.140703517587937;3.8492462311557745;3.4422110552763883;3.266331658291456;3.9748743718592934;3.3165829145728694;3.391959798994975;3.8994974874371877;3.1909547738693504;3.0;3.226130653266331;3.9346733668341685;3.3567839195979943;3.0;3.0603015075376874;3.7688442211055246;4.0;4.0;4.0;4.0;4.0;4.0;4.0;4.0;4.0;4.0;4.0;4.0;4.0;3.311557788944725;3.0;3.0;3.0;3.0;3.0;3.0;3.64824120603015;4.0;4.065326633165824;4.773869346733662;5.964824120602998;7.3819095477386725;8.798994974874375;12.040201005025125;14.316582914572862;15.0;15.0;15.0;14.849246231155789;14.140703517587951;14.0;13.447236180904525;12.03015075376885;9.919597989949764;9.0;8.778894472361827;7.361809045226153;3.834170854271349;1.0;1.0;0.34673366834171304;0.0;0.0;0.0;0.0;0.0;0.0;0.0;0.0;0.0;0.0;0.0;0.0;0.0;0.0;0.0;0.0;0.0;0.0;0.0;0.0;0.0;0.0;0.0;0.0;0.0;0.0;0.0;0.0;0.0;0.0;0.0;0.0;0.0;0.0;0.0;0.0;0.0;0.0;0.0;0.0;0.0;0.0;0.0;0.0;0.0;0.0;0.0;0.0;0.0;0.0;0.0;0.0;0.0;0.0;0.0;0.0;0.0;0.0;0.0;0.0;0.0;0.0;0.0;0.0
Subject_168_S_6350;0.0;0.0;0.0;0.0;0.0;0.0;0.0;0.0;0.0;0.0;0.0;0.0;0.0;0.0;0.0;0.0;0.0;0.0;0.0;0.0;0.0;0.0;0.0;0.0;0.0;0.0;0.0;0.0;0.0;0.0;0.0;0.0;0.0;0.0;0.0;0.0;0.0;0.0;0.0;0.0;0.0;0.0;0.542713567839197;2.698492462311563;4.854271356783919;6.673366834170849;8.0;8.0;8.492462311557787;9.211055276381913;9.929648241206031;9.35175879396985;9.366834170854268;9.914572864321606;9.195979899497488;7.432160804020107;5.758793969849243;5.040201005025125;4.321608040201006;3.603015075376881;3.0;3.0;3.0;3.0;3.0;3.0;2.572864321608037;2.2914572864321627;3.7286432160803997;4.0;4.0;3.9798994974874375;3.261306532663319;3.4572864321608066;3.824120603015075;3.1055276381909565;3.613065326633169;3.6683417085427124;3.050251256281406;3.7688442211055246;3.5125628140703498;3.0;3.0;3.643216080402013;4.0;4.0;4.0;4.0;4.0;4.0;4.0;4.0;3.8894472361808994;3.170854271356788;3.0;3.266331658291463;3.9849246231155746;4.0;3.577889447236174;3.0;3.0;2.422110552763826;2.0;2.0;2.0;2.4522613065326624;2.829145728643212;2.1105527638191006;2.608040201005025;3.3266331658291506;4.045226130653262;4.763819095477388;5.0;5.0;5.0;5.638190954773876;6.356783919597987;7.301507537688451;10.175879396984953;11.51256281407035;12.0;12.0;12.0;11.613065326633162;11.0;11.0;9.914572864321599;8.216080402010064;6.060301507537687;1.8090452261306211;0.0;0.0;0.0;0.0;0.0;0.0;0.0;0.0;0.0;0.0;0.0;0.0;0.0;0.0;0.0;0.0;0.0;0.0;0.0;0.0;0.0;0.0;0.0;0.0;0.0;0.0;0.0;0.0;0.0;0.0;0.0;0.0;0.0;0.0;0.0;0.0;0.0;0.0;0.0;0.0;0.0;0.0;0.0;0.0;0.0;0.0;0.0;0.0;0.0;0.0;0.0;0.0;0.0;0.0;0.0;0.0;0.0;0.0;0.0;0.0;0.0;0.0;0.0;0.0;0.0;0.0;0.0;0.0;0.0;0.0
Subject_016_S_6949;0.0;0.0;0.0;0.0;0.0;0.0;0.0;0.0;0.0;0.0;0.0;0.0;0.0;0.0;0.0;0.0;0.0;0.0;0.0;0.0;0.0;0.0;0.0;0.0;0.0;0.0;0.0;0.0;0.0;0.0;0.0;0.0;0.0;0.0;0.0;0.0;0.0;0.0;0.0;0.0;0.0;0.0;0.0;0.0;0.0;0.0;0.0;0.0;0.0;0.05025125628140614;3.3165829145728765;5.316582914572869;5.969849246231156;7.246231155778901;8.276381909547744;8.929648241206031;9.0;9.0;9.0;7.371859296482398;6.0;6.0;4.994974874371849;3.8442211055276374;3.1909547738693433;2.5376884422110493;2.0;2.0;1.5778894472361742;1.0753768844221128;1.7286432160804068;1.6180904522613062;1.0351758793969879;1.688442211055282;1.6582914572864311;1.005025125628137;1.648241206030157;2.301507537688444;2.954773869346738;3.0;2.738693467336681;2.085427135678387;2.0;2.0;2.0;2.0;2.0;2.0;2.4874371859296502;3.0;3.0;2.5527638190954747;2.0;2.0;2.4070351758794004;3.0;3.0;2.6331658291457245;1.9798994974874375;1.3266331658291364;1.6532663316583012;2.959798994974875;3.0;2.7135678391959743;2.0603015075376874;2.0;2.0;2.0;2.0;2.0;2.0;2.0;2.0;2.0;2.472361809045239;3.0;3.0;3.4321608040201;4.170854271356802;5.477386934673376;6.391959798994975;7.135678391959829;9.09547738693469;10.0;10.0;10.0;10.0;10.0;9.381909547738687;8.1859296482412;6.226130653266296;3.6884422110552464;1.5376884422110493;0.23115577889444694;0.0;0.0;0.0;0.0;0.0;0.0;0.0;0.0;0.0;0.0;0.0;0.0;0.0;0.0;0.0;0.0;0.0;0.0;0.0;0.0;0.0;0.0;0.0;0.0;0.0;0.0;0.0;0.0;0.0;0.0;0.0;0.0;0.0;0.0;0.0;0.0;0.0;0.0;0.0;0.0;0.0;0.0;0.0;0.0;0.0;0.0;0.0;0.0;0.0;0.0;0.0;0.0;0.0;0.0;0.0;0.0;0.0;0.0;0.0;0.0;0.0;0.0;0.0;0.0;0.0;0.0
Subject_003_S_6432;0.0;0.0;0.0;0.0;0.0;0.0;0.0;0.0;0.0;0.0;0.0;0.0;0.0;0.0;0.0;0.0;0.0;0.0;0.0;0.0;0.0;0.0;0.0;0.0;0.0;0.0;0.0;0.0;0.0;0.0;0.0;0.0;0.0;0.0;0.0;0.0;0.0;0.0;0.0;0.0;0.0;0.0;0.0;0.0;0.0;0.0;0.0;0.0;0.0;0.9648241206030264;3.6783919597990007;5.1959798994974875;6.552763819095489;7.909547738693476;8.633165829145732;9.311557788944725;9.989949748743719;11.336683417085439;10.613065326633148;7.974874371859293;7.2964824120603;6.618090452261306;5.819095477386917;3.783919597989936;3.0;3.0;3.0;3.0;3.0;3.0;3.0;3.0;3.0;3.0;3.0;3.0;3.557788944723619;3.7638190954773805;3.085427135678387;3.0;3.0;3.0;3.0;3.0;3.0;3.0;3.341708542713569;4.0;4.0;4.0;4.0;4.0;4.0;4.0;4.0;4.0;3.874371859296474;3.1959798994974875;3.0;3.0;3.0;3.0;3.0;3.0;3.0;3.0;3.0;2.4120603015075375;2.0;2.0;2.6231155778894504;3.0;3.0;3.6582914572864382;4.336683417085439;5.0;5.0;5.371859296482413;6.0;6.0;6.4070351758794;7.4271356783920055;10.819095477386938;12.442211055276388;12.879396984924611;12.201005025125625;12.0;11.844221105527637;11.165829145728637;9.974874371859272;8.80904522613065;8.130653266331649;6.356783919597987;3.8693467336683085;0.47738693467330506;0.0;0.0;0.0;0.0;0.0;0.0;0.0;0.0;0.0;0.0;0.0;0.0;0.0;0.0;0.0;0.0;0.0;0.0;0.0;0.0;0.0;0.0;0.0;0.0;0.0;0.0;0.0;0.0;0.0;0.0;0.0;0.0;0.0;0.0;0.0;0.0;0.0;0.0;0.0;0.0;0.0;0.0;0.0;0.0;0.0;0.0;0.0;0.0;0.0;0.0;0.0;0.0;0.0;0.0;0.0;0.0;0.0;0.0;0.0;0.0;0.0;0.0;0.0;0.0;0.0
Subject_033_S_10005;0.0;0.0;0.0;0.0;0.0;0.0;0.0;0.0;0.0;0.0;0.0;0.0;0.0;0.0;0.0;0.0;0.0;0.0;0.0;0.0;0.0;0.0;0.0;0.0;0.0;0.0;0.0;0.0;0.0;0.0;0.0;0.0;0.0;0.0;0.0;0.0;0.0;0.0;0.0;0.0;0.0;0.0;0.0;0.0;0.0;0.0;0.0;0.0;0.0;0.0;0.0;1.301507537688444;6.542713567839229;7.683417085427138;8.8643216080402;10.361809045226138;11.859296482412063;12.678391959798994;13.427135678391963;14.0;14.0;12.653266331658287;10.733668341708544;8.658291457286424;7.1608040201005;6.331658291457288;5.582914572864318;4.834170854271356;4.085427135678387;3.3366834170854247;3.0;3.0;3.0;3.0;3.0;3.1557788944723626;3.9045226130653248;3.346733668341706;3.4020100502512562;3.8492462311557745;3.1005025125628123;3.64824120603015;3.603015075376881;3.0;3.0;3.0;3.391959798994975;4.0;4.0;3.3618090452261242;3.386934673366838;4.0;4.0;4.0;4.0;3.869346733668337;3.1206030150753747;3.0;3.0;3.0;3.0;3.0;3.0;3.0;3.0;3.0;3.0;3.0;3.0;3.613065326633162;3.6381909547738616;3.1105527638191006;3.859296482412063;4.0;4.356783919597987;5.0;5.0;5.603015075376888;6.0;6.703517587939686;11.944723618090421;13.59798994974875;13.653266331658287;12.904522613065325;12.155778894472363;10.8140703517588;9.658291457286424;8.819095477386924;7.321608040200999;5.236180904522612;3.3266331658291506;1.8291457286431978;0.33165829145727344;0.0;0.0;0.0;0.0;0.0;0.0;0.0;0.0;0.0;0.0;0.0;0.0;0.0;0.0;0.0;0.0;0.0;0.0;0.0;0.0;0.0;0.0;0.0;0.0;0.0;0.0;0.0;0.0;0.0;0.0;0.0;0.0;0.0;0.0;0.0;0.0;0.0;0.0;0.0;0.0;0.0;0.0;0.0;0.0;0.0;0.0;0.0;0.0;0.0;0.0;0.0;0.0;0.0;0.0;0.0;0.0;0.0;0.0;0.0;0.0;0.0;0.0;0.0;0.0;0.0;0.0;0.0
Subject_094_S_6736;0.0;0.0;0.0;0.0;0.0;0.0;0.0;0.0;0.0;0.0;0.0;0.0;0.0;0.0;0.0;0.0;0.0;0.0;0.0;0.0;0.0;0.0;0.0;0.0;0.0;0.0;0.0;0.0;0.0;0.0;0.0;0.0;0.0;0.0;0.0;0.0;0.0;0.0;0.0;0.0;0.0;0.0;0.0;0.0;0.0;0.0;1.0552763819095645;4.773869346733655;7.095477386934668;8.0;8.557788944723619;10.788944723618094;11.673366834170857;11.582914572864318;10.356783919598001;7.381909547738701;6.35175879396985;5.21608040201005;3.7286432160803997;2.2412060301507495;2.6231155778894504;2.6331658291457316;2.1105527638190935;2.8542713567839186;3.0;3.0;3.0;3.0;3.0;3.0;3.0;3.0;2.4522613065326624;2.2914572864321627;2.964824120603012;2.221105527638194;2.0;2.0;2.0100502512562812;2.7537688442211063;3.0;3.0;3.0;3.0;3.0;3.0;3.0;3.0;3.0;3.0;3.0;3.0;3.0;3.0;3.0;2.346733668341713;2.0;2.0;2.0;2.0;2.0;2.0;2.0;2.0;2.0;2.0;2.0;2.0;2.0;2.0;2.0;2.5527638190954747;3.0;3.0;3.0;3.527638190954775;4.0;4.0;4.0;4.502512562814076;5.0;5.0;5.733668341708537;8.38693467336681;10.778894472361813;10.035175879396988;10.0;9.547738693467338;8.804020100502512;8.060301507537687;7.316582914572862;6.145728643216074;4.658291457286424;3.170854271356774;1.0251256281406853;0.0;0.0;0.0;0.0;0.0;0.0;0.0;0.0;0.0;0.0;0.0;0.0;0.0;0.0;0.0;0.0;0.0;0.0;0.0;0.0;0.0;0.0;0.0;0.0;0.0;0.0;0.0;0.0;0.0;0.0;0.0;0.0;0.0;0.0;0.0;0.0;0.0;0.0;0.0;0.0;0.0;0.0;0.0;0.0;0.0;0.0;0.0;0.0;0.0;0.0;0.0;0.0;0.0;0.0;0.0;0.0;0.0;0.0;0.0;0.0;0.0;0.0;0.0;0.0;0.0
Subject_033_S_7088;0.0;0.0;0.0;0.0;0.0;0.0;0.0;0.0;0.0;0.0;0.0;0.0;0.0;0.0;0.0;0.0;0.0;0.0;0.0;0.0;0.0;0.0;0.0;0.0;0.0;0.0;0.0;0.0;0.0;0.0;0.0;0.0;0.0;0.0;0.0;0.0;0.0;0.0;0.0;0.0;0.0;0.0;0.0;0.0;0.0;2.080402010050257;4.3266331658291435;6.1909547738693504;6.939698492462313;8.37688442211055;9.437185929648244;10.0;10.0;10.683417085427138;11.0;11.18090452261307;11.929648241206031;9.96482412060302;9.0;8.64824120603015;7.1507537688442255;7.0;6.155778894472363;5.0;5.0;3.6633165829145753;3.0;3.0;3.0;3.6633165829145753;3.5879396984924625;2.8391959798994932;2.090452261306531;2.658291457286431;3.0;3.0;3.0;3.653266331658294;4.0;4.0;4.0;4.0;3.603015075376881;3.1457286432160814;3.8944723618090507;4.0;3.608040201005025;3.0;3.0;3.0;3.386934673366838;4.0;4.0;4.0;4.0;3.869346733668337;3.1206030150753747;2.3718592964824126;2.0;2.0;2.0;2.0;2.0;2.1206030150753747;2.869346733668351;3.0;2.6331658291457245;2.0;2.0;2.0;2.0;2.0;2.0;2.0;1.6432160804020128;1.1055276381909636;1.8542713567839257;2.0;2.35175879396985;3.0;3.0;3.597989949748751;4.0;4.668341708542727;9.909547738693462;11.5929648241206;12.0;12.0;12.0;12.0;11.663316582914575;10.829145728643198;9.331658291457273;7.251256281407024;4.673366834170849;1.8391959798995003;0.34170854271354756;0.0;0.0;0.0;0.0;0.0;0.0;0.0;0.0;0.0;0.0;0.0;0.0;0.0;0.0;0.0;0.0;0.0;0.0;0.0;0.0;0.0;0.0;0.0;0.0;0.0;0.0;0.0;0.0;0.0;0.0;0.0;0.0;0.0;0.0;0.0;0.0;0.0;0.0;0.0;0.0;0.0;0.0;0.0;0.0;0.0;0.0;0.0;0.0;0.0;0.0;0.0;0.0;0.0;0.0;0.0;0.0;0.0;0.0;0.0;0.0;0.0;0.0;0.0
Subject_037_S_4028;0.0;0.0;0.0;0.0;0.0;0.0;0.0;0.0;0.0;0.0;0.0;0.0;0.0;0.0;0.0;0.0;0.0;0.0;0.0;0.0;0.0;0.0;0.0;0.0;0.0;0.0;0.0;0.0;0.0;0.0;0.0;0.0;0.0;0.0;0.0;0.0;0.0;0.0;0.0;0.0;0.0;0.0;0.0;0.0;0.0;0.0;0.0;0.0;0.34673366834171304;2.2914572864321627;4.236180904522612;6.120603015075375;7.4170854271356745;8.356783919597994;9.0;9.0;9.301507537688444;9.949748743718594;10.0;10.246231155778894;10.89447236180905;9.914572864321599;8.80904522613065;8.1608040201005;8.0;7.8643216080402;7.21608040201005;7.0;6.8391959798995;5.542713567839186;5.0;4.974874371859293;4.3266331658291435;4.0;4.0;4.0;4.0;4.0;4.0;4.0;4.0;4.0;4.0;4.0;4.452261306532662;4.899497487437181;4.251256281407031;4.0;4.0;4.0;4.0;4.0;4.0;4.0;4.0;4.0;4.0;4.0;4.0;4.0;4.0;4.0;4.0;4.0;4.4170854271356745;5.0;5.0;5.0;5.0;5.0;5.0;5.0;5.0;5.251256281407038;5.899497487437188;5.452261306532662;5.1959798994974875;5.844221105527637;6.492462311557787;7.140703517587937;7.788944723618101;10.185929648241256;13.085427135678401;13.733668341708551;14.0;14.0;14.0;14.0;14.0;13.37688442211055;12.4572864321608;11.1608040201005;9.8643216080402;7.7035175879397;3.814070351758801;1.4623115577889507;0.0;0.0;0.0;0.0;0.0;0.0;0.0;0.0;0.0;0.0;0.0;0.0;0.0;0.0;0.0;0.0;0.0;0.0;0.0;0.0;0.0;0.0;0.0;0.0;0.0;0.0;0.0;0.0;0.0;0.0;0.0;0.0;0.0;0.0;0.0;0.0;0.0;0.0;0.0;0.0;0.0;0.0;0.0;0.0;0.0;0.0;0.0;0.0;0.0;0.0;0.0;0.0;0.0;0.0;0.0;0.0;0.0;0.0;0.0;0.0;0.0;0.0;0.0;0.0
Subject_033_S_10793;0.0;0.0;0.0;0.0;0.0;0.0;0.0;0.0;0.0;0.0;0.0;0.0;0.0;0.0;0.0;0.0;0.0;0.0;0.0;0.0;0.0;0.0;0.0;0.0;0.0;0.0;0.0;0.0;0.0;0.0;0.0;0.0;0.0;0.0;0.0;0.0;0.0;0.0;0.0;0.0;0.0;0.0;0.0;0.0;0.0;0.0;0.0;0.0;0.0;0.0;0.0;1.4472361809045253;2.5025125628140756;3.8442211055276445;6.060301507537687;6.8391959798995;7.618090452261306;8.793969849246238;10.175879396984925;10.954773869346738;8.065326633165824;5.974874371859286;5.291457286432163;5.788944723618073;3.4522613065326553;3.0;3.4070351758794004;4.0;4.0;4.0;3.477386934673362;3.301507537688444;3.919597989949743;3.140703517587937;3.6381909547738758;3.5829145728643184;3.0;3.0;3.0;3.0;3.0;3.0;3.0;3.0;3.427135678391963;3.793969849246224;3.0150753768844254;3.0;3.0;3.0;3.0;3.0;3.0;3.0;3.21608040201005;3.994974874371863;4.0;4.0;4.0;4.0;4.0;4.0;3.5527638190954747;3.0;3.0;3.0;3.0;3.0;2.8793969849246253;2.1005025125628123;2.6783919597990007;3.0;2.7638190954773876;2.0150753768844254;2.7939698492462384;3.0;3.35175879396985;4.0;4.0;4.688442211055275;5.0;5.0;5.025125628140714;5.8040201005025125;8.331658291457302;11.809045226130692;15.0;15.0;14.301507537688437;13.522613065326624;12.48743718592965;10.894472361809036;8.557788944723598;6.814070351758772;4.51256281407035;1.698492462311549;0.140703517587923;0.0;0.0;0.0;0.0;0.0;0.0;0.0;0.0;0.0;0.0;0.0;0.0;0.0;0.0;0.0;0.0;0.0;0.0;0.0;0.0;0.0;0.0;0.0;0.0;0.0;0.0;0.0;0.0;0.0;0.0;0.0;0.0;0.0;0.0;0.0;0.0;0.0;0.0;0.0;0.0;0.0;0.0;0.0;0.0;0.0;0.0;0.0;0.0;0.0;0.0;0.0;0.0;0.0;0.0;0.0;0.0;0.0;0.0;0.0;0.0;0.0;0.0;0.0
Subject_168_S_6321;0.0;0.0;0.0;0.0;0.0;0.0;0.0;0.0;0.0;0.0;0.0;0.0;0.0;0.0;0.0;0.0;0.0;0.0;0.0;0.0;0.0;0.0;0.0;0.0;0.0;0.0;0.0;0.0;0.0;0.0;0.0;0.0;0.0;0.0;0.0;0.0;0.0;0.0;0.0;0.0;0.0;0.0;0.0;0.0;0.0;0.0;0.0;0.0;2.532663316582912;6.361809045226124;7.879396984924625;9.396984924623112;10.914572864321599;12.4321608040201;13.949748743718587;11.065326633165853;9.015075376884425;8.0;7.989949748743719;7.231155778894475;6.472361809045232;6.0;5.954773869346738;5.1959798994974875;3.874371859296488;3.0;3.0;3.0;3.0;3.0;3.0;3.0;3.0;3.0;2.8492462311557816;2.090452261306538;2.6683417085427124;3.0;3.0;3.0;3.0;3.4623115577889436;3.778894472361813;3.0201005025125696;3.0;2.5025125628140756;2.256281407035175;3.0;3.0;3.0;3.0;3.050251256281399;3.8090452261306496;3.4321608040201;3.3266331658291364;4.0;4.0;4.0;3.6381909547738758;2.8793969849246253;2.1206030150753747;2.6381909547738616;3.0;3.0;3.0;2.3266331658291506;1.5678391959799;1.1909547738693362;1.9497487437185868;1.2914572864321627;1.0;1.0;1.0;1.0;1.5025125628140614;2.0;2.0;2.0;2.0;2.2964824120603;3.055276381909536;3.8140703517587866;4.0;4.331658291457288;4.909547738693476;4.1507537688442255;7.040201005025125;10.467336683417045;13.251256281407024;14.768844221105525;14.356783919598001;13.195979899497502;11.8391959798995;11.080402010050264;8.96482412060304;6.251256281407052;3.4120603015075375;1.1356783919598286;1.0;1.0;1.0;1.0;0.2512562814070378;0.0;0.0;0.0;0.0;0.0;0.0;0.0;0.0;0.0;0.0;0.0;0.0;0.0;0.0;0.0;0.0;0.0;0.0;0.0;0.0;0.0;0.0;0.0;0.0;0.0;0.0;0.0;0.0;0.0;0.0;0.0;0.0;0.0;0.0;0.0;0.0;0.0;0.0;0.0;0.0;0.0;0.0;0.0;0.0;0.0;0.0;0.0;0.0;0.0;0.0;0.0;0.0;0.0;0.0;0.0;0.0;0.0
Subject_016_S_6773;0.0;0.0;0.0;0.0;0.0;0.0;0.0;0.0;0.0;0.0;0.0;0.0;0.0;0.0;0.0;0.0;0.0;0.0;0.0;0.0;0.0;0.0;0.0;0.0;0.0;0.0;0.0;0.0;0.0;0.0;0.0;0.0;0.0;0.0;0.0;0.0;0.0;0.0;0.0;0.0;0.0;0.0;0.0;0.0;0.0;0.0;0.0;1.6130653266331691;4.005025125628151;6.859296482412049;7.678391959798994;8.78391959798995;10.105527638190956;10.81909547738693;11.532663316582912;11.507537688442213;10.08040201005025;7.97989949748743;6.613065326633169;5.798994974874375;4.371859296482413;2.9447236180904497;2.2412060301507495;2.954773869346731;3.0;3.0;2.9045226130653248;2.1909547738693504;2.522613065326631;3.0;3.0;2.336683417085432;2.3768844221105496;3.090452261306531;3.8040201005025125;3.482412060301506;3.0;3.0;3.0;3.3718592964824126;3.914572864321613;3.2010050251256317;3.0;2.773869346733669;2.0603015075376874;2.653266331658287;3.0;3.0;3.0;3.0;3.0;3.0;3.0;3.0;3.0;3.0;3.0;3.0;3.0;3.0;2.643216080402013;2.0;2.0;2.0;2.0;2.0;2.0;1.64824120603015;1.0;1.0;1.4924623115577873;2.0;2.0;2.0;2.0;2.0603015075376874;2.7738693467336617;3.0;3.2010050251256246;3.914572864321599;4.628140703517587;5.6834170854271235;7.165829145728651;9.306532663316574;12.412060301507495;15.0;15.0;14.37688442211055;14.0;13.899497487437202;12.472361809045225;12.0;10.663316582914547;5.668341708542727;2.5276381909548036;0.6683417085427124;0.0;0.0;0.0;0.0;0.0;0.0;0.0;0.0;0.0;0.0;0.0;0.0;0.0;0.0;0.0;0.0;0.0;0.0;0.0;0.0;0.0;0.0;0.0;0.0;0.0;0.0;0.0;0.0;0.0;0.0;0.0;0.0;0.0;0.0;0.0;0.0;0.0;0.0;0.0;0.0;0.0;0.0;0.0;0.0;0.0;0.0;0.0;0.0;0.0;0.0;0.0;0.0;0.0;0.0;0.0;0.0;0.0;0.0;0.0;0.0;0.0;0.0;0.0;0.0
Subject_033_S_10021;0.0;0.0;0.0;0.0;0.0;0.0;0.0;0.0;0.0;0.0;0.0;0.0;0.0;0.0;0.0;0.0;0.0;0.0;0.0;0.0;0.0;0.0;0.0;0.0;0.0;0.0;0.0;0.0;0.0;0.0;0.0;0.0;0.0;0.0;0.0;0.0;0.0;0.0;0.0;0.0;0.0;0.0;0.0;0.0;0.0;0.0;0.0;0.0;0.0;0.0;2.7336683417085226;4.834170854271349;6.452261306532655;8.653266331658287;9.618090452261306;10.0;10.085427135678387;10.81909547738693;11.0;10.427135678391963;8.959798994974875;7.492462311557787;6.512562814070357;5.778894472361813;5.045226130653269;4.311557788944725;3.5778894472361813;3.0;3.0;3.0;2.643216080402013;2.090452261306531;2.824120603015075;2.4422110552763883;2.0;2.0;2.0;2.0;2.0;2.0;2.693467336683412;3.0;3.1608040201004997;3.8944723618090435;4.0;3.6381909547738758;3.0;3.0;3.0;3.0;2.9698492462311634;2.2361809045226124;2.0;2.0;2.0;2.698492462311549;3.0;3.0;3.0;3.0;3.0;3.0;3.0;2.4321608040201;2.301507537688437;2.9648241206030264;2.2311557788944754;2.5025125628140614;3.0;3.0;3.0;3.0;2.829145728643226;2.0954773869346752;2.0;2.3718592964824126;2.8944723618090507;2.160804020100514;2.572864321608037;3.0;3.040201005025125;3.7738693467336617;4.0;4.2412060301507495;4.974874371859286;5.0;5.0;5.7035175879397;8.638190954773847;11.572864321607994;12.62311557788945;12.110552763819086;12.844221105527637;11.844221105527652;10.376884422110578;8.909547738693476;7.4422110552764025;3.4120603015075517;0.0;0.0;0.0;0.0;0.0;0.0;0.0;0.0;0.0;0.0;0.0;0.0;0.0;0.0;0.0;0.0;0.0;0.0;0.0;0.0;0.0;0.0;0.0;0.0;0.0;0.0;0.0;0.0;0.0;0.0;0.0;0.0;0.0;0.0;0.0;0.0;0.0;0.0;0.0;0.0;0.0;0.0;0.0;0.0;0.0;0.0;0.0;0.0;0.0;0.0;0.0;0.0;0.0;0.0;0.0;0.0;0.0;0.0;0.0;0.0;0.0;0.0
Subject_032_S_6701;0.0;0.0;0.0;0.0;0.0;0.0;0.0;0.0;0.0;0.0;0.0;0.0;0.0;0.0;0.0;0.0;0.0;0.0;0.0;0.0;0.0;0.0;0.0;0.0;0.0;0.0;0.0;0.0;0.0;0.0;0.0;0.0;0.0;0.0;0.0;0.0;0.0;0.0;0.0;0.0;0.0;0.0;0.0;0.0;0.8743718592964775;2.9396984924623126;4.336683417085425;6.427135678391949;9.045226130653262;9.733668341708544;10.422110552763819;11.110552763819094;11.798994974874368;12.48743718592965;12.64824120603015;11.2713567839196;9.341708542713576;7.517587939698501;6.140703517587937;6.0;5.386934673366838;4.010050251256288;3.3165829145728623;3.0;3.0;3.0;3.0;2.874371859296481;2.1859296482412063;2.5025125628140685;2.8090452261306567;2.1206030150753747;2.5678391959799;3.0;3.0;3.0;3.0;3.0;3.0;3.0;2.9246231155778872;2.2361809045226124;2.4522613065326624;3.0;3.0;3.0;3.0;3.0;3.0;3.0;3.0;3.0;3.0;3.0;3.0;3.0;3.0;3.0;3.0;2.8442211055276374;2.1557788944723626;2.532663316582912;2.778894472361813;2.090452261306538;2.5979899497487366;2.7135678391959885;2.0251256281406995;2.0;2.0;2.0;2.0;2.0;2.1055276381909493;2.793969849246224;3.0;3.0;3.0;3.5477386934673376;4.472361809045225;5.8492462311557745;6.0;6.904522613065311;8.969849246231135;11.713567839195946;12.633165829145725;12.0;12.0;11.5678391959799;11.0;11.0;10.005025125628151;8.8140703517588;8.125628140703526;5.748743718592948;2.9949748743718487;0.24120603015074948;0.0;0.0;0.0;0.0;0.0;0.0;0.0;0.0;0.0;0.0;0.0;0.0;0.0;0.0;0.0;0.0;0.0;0.0;0.0;0.0;0.0;0.0;0.0;0.0;0.0;0.0;0.0;0.0;0.0;0.0;0.0;0.0;0.0;0.0;0.0;0.0;0.0;0.0;0.0;0.0;0.0;0.0;0.0;0.0;0.0;0.0;0.0;0.0;0.0;0.0;0.0;0.0;0.0;0.0;0.0;0.0;0.0;0.0;0.0;0.0;0.0;0.0;0.0;0.0
Subject_041_S_6292;0.0;0.0;0.0;0.0;0.0;0.0;0.0;0.0;0.0;0.0;0.0;0.0;0.0;0.0;0.0;0.0;0.0;0.0;0.0;0.0;0.0;0.0;0.0;0.0;0.0;0.0;0.0;0.0;0.0;0.0;0.0;0.0;0.0;0.0;0.0;0.0;0.0;0.0;0.0;0.0;0.0;0.0;0.0;0.0;0.0;1.2964824120602998;3.3919597989949892;5.487437185929657;7.05527638190955;8.452261306532662;9.849246231155774;11.2462311557789;12.643216080402013;13.899497487437188;10.407035175879372;8.582914572864318;7.768844221105525;6.371859296482413;5.48743718592965;4.788944723618087;4.090452261306531;4.0;3.693467336683412;3.0;3.0;3.0;3.0;3.0;3.4974874371859315;4.0;4.0;4.0;4.0;4.0;3.311557788944725;3.0;3.0;3.0;3.482412060301513;3.819095477386931;3.1206030150753747;3.0;3.0;3.0;3.0;3.3718592964824126;4.0;4.0;3.532663316582912;3.0;3.0;3.0;3.0;3.0;3.6582914572864382;4.0;4.0;4.0;4.0;3.8492462311557745;3.1507537688442255;3.0;3.0;3.0;3.0;3.0;2.959798994974875;2.261306532663312;2.437185929648251;3.0;3.0;2.467336683417088;2.0;2.0;2.6281407035175874;3.0;3.0;3.0;3.0;3.1206030150753747;3.819095477386938;4.517587939698501;5.0;5.0;6.2261306532663525;8.2462311557789;11.050251256281442;14.542713567839186;15.5929648241206;15.0;15.0;13.994974874371849;12.798994974874375;12.100502512562812;10.804020100502498;9.4070351758794;8.010050251256274;6.613065326633148;5.21608040201005;3.6381909547738474;0.8442211055275948;0.0;0.0;0.0;0.0;0.0;0.0;0.0;0.0;0.0;0.0;0.0;0.0;0.0;0.0;0.0;0.0;0.0;0.0;0.0;0.0;0.0;0.0;0.0;0.0;0.0;0.0;0.0;0.0;0.0;0.0;0.0;0.0;0.0;0.0;0.0;0.0;0.0;0.0;0.0;0.0;0.0;0.0;0.0;0.0;0.0;0.0;0.0;0.0;0.0;0.0;0.0;0.0;0.0;0.0;0.0;0.0;0.0;0.0;0.0
Subject_037_S_0377;0.0;0.0;0.0;0.0;0.0;0.0;0.0;0.0;0.0;0.0;0.0;0.0;0.0;0.0;0.0;0.0;0.0;0.0;0.0;0.0;0.0;0.0;0.0;0.0;0.0;0.0;0.0;0.0;0.0;0.0;0.0;0.0;0.0;0.0;0.0;0.0;0.0;0.0;0.0;0.0;0.0;0.0;0.0;0.0;0.0;0.0;0.0;0.0;0.0;1.4170854271356959;3.8793969849246253;7.396984924623126;9.748743718592976;11.572864321608051;12.979899497487438;13.0;10.618090452261285;7.0;7.0;7.0;6.788944723618087;6.085427135678387;6.0;5.678391959798994;5.0;5.0;5.0;4.7286432160804;3.3216080402009993;3.0;3.0;3.0;2.346733668341706;2.3567839195979943;3.0;3.0;3.0;3.170854271356788;3.874371859296488;3.4221105527638187;3.2814070351758815;3.9849246231155817;3.311557788944718;3.0;3.0;3.0;3.0;2.793969849246224;2.090452261306531;2.0;1.6834170854271306;1.0201005025125625;1.7236180904522627;2.427135678391963;3.0;3.0;3.0;3.0;3.0;3.0;3.0;3.0;3.0;2.5376884422110493;2.165829145728651;2.869346733668351;3.0;3.2763819095477373;3.9798994974874375;3.3165829145728623;3.386934673366838;4.0;4.0;4.497487437185939;5.0;5.0;5.0;6.557788944723626;10.03015075376885;11.437185929648251;12.422110552763826;12.874371859296474;12.170854271356774;12.0;11.763819095477388;11.060301507537687;10.356783919597987;9.306532663316574;7.8994974874371735;6.492462311557773;3.7135678391959317;0.8391959798994861;0.13567839195978593;0.0;0.0;0.0;0.0;0.0;0.0;0.0;0.0;0.0;0.0;0.0;0.0;0.0;0.0;0.0;0.0;0.0;0.0;0.0;0.0;0.0;0.0;0.0;0.0;0.0;0.0;0.0;0.0;0.0;0.0;0.0;0.0;0.0;0.0;0.0;0.0;0.0;0.0;0.0;0.0;0.0;0.0;0.0;0.0;0.0;0.0;0.0;0.0;0.0;0.0;0.0;0.0;0.0;0.0;0.0;0.0;0.0;0.0;0.0;0.0;0.0;0.0;0.0;0.0;0.0;0.0;0.0
Subject_033_S_6352;0.0;0.0;0.0;0.0;0.0;0.0;0.0;0.0;0.0;0.0;0.0;0.0;0.0;0.0;0.0;0.0;0.0;0.0;0.0;0.0;0.0;0.0;0.0;0.0;0.0;0.0;0.0;0.0;0.0;0.0;0.0;0.0;0.0;0.0;0.0;0.0;0.0;0.0;0.0;0.0;0.0;0.0;0.0;0.0;0.0;0.0;0.0;0.0;0.0;0.6733668341708565;2.7688442211055246;5.211055276381913;5.9798994974874375;7.497487437185924;8.517587939698494;9.286432160804019;9.94472361809045;9.175879396984925;9.5929648241206;9.276381909547737;7.738693467336688;6.201005025125625;3.994974874371863;3.0;2.7939698492462313;2.0251256281407066;2.0;2.0;1.7185929648241185;1.0502512562814061;1.8190954773869379;1.4120603015075375;1.3567839195979872;2.125628140703519;2.8944723618090435;3.6633165829145753;3.5678391959799;2.7989949748743754;2.0301507537688437;2.738693467336681;3.5075376884422127;3.7236180904522627;3.0;3.0;3.0;3.0;3.0;3.0;2.3417085427135618;2.0;2.0;2.0;2.733668341708537;3.0;3.0;3.0;3.0;2.422110552763826;2.0;2.0;2.0;2.0;2.422110552763826;2.8090452261306496;2.040201005025125;2.0;2.0;2.266331658291463;2.964824120603012;2.1959798994974875;2.0;2.0;2.0;2.0;2.0;2.4170854271356745;3.185929648241199;3.954773869346738;4.723618090452263;7.4623115577889365;10.261306532663312;11.03015075376885;11.798994974874375;12.0;11.663316582914575;10.89447236180905;10.125628140703512;8.713567839195974;7.175879396984925;4.914572864321627;0.3015075376884795;0.0;0.0;0.0;0.0;0.0;0.0;0.0;0.0;0.0;0.0;0.0;0.0;0.0;0.0;0.0;0.0;0.0;0.0;0.0;0.0;0.0;0.0;0.0;0.0;0.0;0.0;0.0;0.0;0.0;0.0;0.0;0.0;0.0;0.0;0.0;0.0;0.0;0.0;0.0;0.0;0.0;0.0;0.0;0.0;0.0;0.0;0.0;0.0;0.0;0.0;0.0;0.0;0.0;0.0;0.0;0.0;0.0;0.0;0.0;0.0;0.0;0.0;0.0;0.0;0.0;0.0;0.0;0.0;0.0
Subject_036_S_6099;0.0;0.0;0.0;0.0;0.0;0.0;0.0;0.0;0.0;0.0;0.0;0.0;0.0;0.0;0.0;0.0;0.0;0.0;0.0;0.0;0.0;0.0;0.0;0.0;0.0;0.0;0.0;0.0;0.0;0.0;0.0;0.0;0.0;0.0;0.0;0.0;0.0;0.0;0.0;0.0;0.0;0.0;0.0;0.0;0.0;0.0;1.7487437185929622;4.482412060301499;7.21608040201005;8.0;8.341708542713562;9.708542713567837;10.537688442211056;11.0;11.0;9.236180904522612;7.728643216080407;7.045226130653269;6.361809045226131;5.356783919598001;3.994974874371863;3.311557788944725;3.0;3.0;3.0;3.0;3.0;3.0;3.0;3.0;3.0;2.477386934673369;2.2060301507537687;2.8894472361808994;3.0;3.256281407035175;3.9396984924623055;3.3768844221105567;3.0;3.0;3.6733668341708494;3.643216080402013;3.0;3.0;3.0;3.0;3.0;2.5427135678392006;2.140703517587937;2.824120603015075;3.0;3.0;3.0;3.0;3.0;3.0;3.0;3.0;3.0;3.0;3.0;3.0;3.0;3.0;3.0;3.0;2.557788944723626;2.125628140703512;2.8090452261306496;2.5075376884422127;2.0;2.0;2.5427135678391863;3.0;3.0;3.0;3.2763819095477373;3.959798994974875;4.643216080401999;5.0;5.010050251256274;5.693467336683412;8.261306532663298;12.0;12.0;12.0;11.889447236180914;11.206030150753776;10.522613065326638;9.517587939698501;7.467336683417088;5.4170854271356745;3.5778894472362026;2.211055276381927;1.4221105527638258;0.7386934673366881;0.05527638190955031;0.0;0.0;0.0;0.0;0.0;0.0;0.0;0.0;0.0;0.0;0.0;0.0;0.0;0.0;0.0;0.0;0.0;0.0;0.0;0.0;0.0;0.0;0.0;0.0;0.0;0.0;0.0;0.0;0.0;0.0;0.0;0.0;0.0;0.0;0.0;0.0;0.0;0.0;0.0;0.0;0.0;0.0;0.0;0.0;0.0;0.0;0.0;0.0;0.0;0.0;0.0;0.0;0.0;0.0;0.0;0.0;0.0;0.0;0.0;0.0;0.0;0.0;0.0
Subject_168_S_6281;0.0;0.0;0.0;0.0;0.0;0.0;0.0;0.0;0.0;0.0;0.0;0.0;0.0;0.0;0.0;0.0;0.0;0.0;0.0;0.0;0.0;0.0;0.0;0.0;0.0;0.0;0.0;0.0;0.0;0.0;0.0;0.0;0.0;0.0;0.0;0.0;0.0;0.0;0.0;0.0;0.0;0.0;0.0;1.9346733668341543;5.070351758793969;5.753768844221103;6.4371859296482405;7.0;7.0;7.487437185929643;8.17085427135678;8.854271356783919;9.0;9.442211055276374;10.80904522613065;9.824120603015075;8.457286432160814;7.090452261306538;7.0;6.356783919598001;4.989949748743726;3.6231155778894504;3.0;3.0;3.0;3.0;3.1055276381909493;3.788944723618087;3.527638190954775;3.0;3.0;3.0;3.0;3.0;3.572864321608037;3.743718592964825;3.0603015075376945;3.6231155778894433;4.0;4.0;3.3266331658291506;3.0;3.0;3.0;3.0;2.909547738693469;2.2261306532663383;2.4572864321607994;3.0;3.0;2.4924623115577944;2.1909547738693433;2.874371859296481;2.4422110552763883;2.0;2.0;2.0;2.0;2.0;2.0;2.0;2.0;2.0;1.608040201005025;1.0;1.0;1.0;1.0;1.0;1.0;1.0;1.0;1.5427135678391863;2.0;2.0;2.5929648241205996;3.0;3.0;3.6432160804019986;5.3065326633165455;8.040201005025096;10.773869346733647;12.0;11.939698492462313;11.256281407035175;11.0;10.889447236180914;10.206030150753776;8.567839195979914;6.356783919598001;3.6231155778894504;1.4170854271356745;0.0;0.0;0.0;0.0;0.0;0.0;0.0;0.0;0.0;0.0;0.0;0.0;0.0;0.0;0.0;0.0;0.0;0.0;0.0;0.0;0.0;0.0;0.0;0.0;0.0;0.0;0.0;0.0;0.0;0.0;0.0;0.0;0.0;0.0;0.0;0.0;0.0;0.0;0.0;0.0;0.0;0.0;0.0;0.0;0.0;0.0;0.0;0.0;0.0;0.0;0.0;0.0;0.0;0.0;0.0;0.0;0.0;0.0;0.0;0.0;0.0;0.0;0.0;0.0;0.0;0.0;0.0;0.0
Subject_168_S_6426;0.0;0.0;0.0;0.0;0.0;0.0;0.0;0.0;0.0;0.0;0.0;0.0;0.0;0.0;0.0;0.0;0.0;0.0;0.0;0.0;0.0;0.0;0.0;0.0;0.0;0.0;0.0;0.0;0.0;0.0;0.0;0.0;0.0;0.0;0.0;0.0;0.0;0.0;0.0;0.0;0.0;0.0;0.0;0.23115577889447536;1.6783919597990007;4.251256281407052;6.859296482412056;9.020100502512562;10.467336683417088;11.0;11.361809045226138;12.80904522613065;13.628140703517587;12.5929648241206;9.849246231155774;8.40201005025125;8.0;7.507537688442213;6.060301507537687;5.306532663316581;5.0;5.0;5.0;5.0;4.688442211055275;4.0;4.0;3.517587939698494;3.2060301507537687;3.9296482412060314;3.346733668341706;3.3768844221105567;3.8994974874371877;3.175879396984925;3.5477386934673376;3.7286432160803997;3.005025125628137;3.7185929648241256;4.0;4.0;4.0;4.0;3.663316582914568;3.0603015075376874;3.78391959798995;4.0;4.0;4.0;4.0;4.0;4.0;4.0;3.427135678391963;3.0;3.0;3.0;3.0;3.0;3.0;3.0;2.6381909547738616;2.085427135678401;2.8090452261306496;3.0;3.256281407035175;3.9798994974874375;4.0;4.427135678391963;5.0;5.0;5.597989949748751;6.3216080402010135;7.045226130653276;7.768844221105525;8.0;8.8643216080402;11.75879396984925;13.32663316582915;14.0;14.0;14.0;13.442211055276374;12.718592964824111;11.989949748743726;10.5427135678392;9.547738693467338;8.120603015075375;4.502512562814061;1.5075376884421985;0.0;0.0;0.0;0.0;0.0;0.0;0.0;0.0;0.0;0.0;0.0;0.0;0.0;0.0;0.0;0.0;0.0;0.0;0.0;0.0;0.0;0.0;0.0;0.0;0.0;0.0;0.0;0.0;0.0;0.0;0.0;0.0;0.0;0.0;0.0;0.0;0.0;0.0;0.0;0.0;0.0;0.0;0.0;0.0;0.0;0.0;0.0;0.0;0.0;0.0;0.0;0.0;0.0;0.0;0.0;0.0;0.0;0.0;0.0;0.0;0.0;0.0;0.0;0.0;0.0;0.0;0.0;0.0;0.0;0.0;0.0
Subject_011_S_7112;0.0;0.0;0.0;0.0;0.0;0.0;0.0;0.0;0.0;0.0;0.0;0.0;0.0;0.0;0.0;0.0;0.0;0.0;0.0;0.0;0.0;0.0;0.0;0.0;0.0;0.0;0.0;0.0;0.0;0.0;0.0;0.0;0.0;0.0;0.0;0.0;0.0;0.0;0.0;0.0;0.0;0.0;0.0703517587939686;0.7386934673366845;1.8140703517587937;3.2261306532663276;5.231155778894475;6.824120603015075;8.0;8.0;8.417085427135682;9.170854271356788;10.507537688442213;11.0;10.819095477386938;9.482412060301513;8.145728643216074;7.0;7.0;6.1356783919598;4.798994974874375;3.4623115577889507;3.0;3.0;3.0;2.557788944723619;2.1105527638190935;2.778894472361813;2.5527638190954747;2.1155778894472377;2.78391959798995;2.5477386934673376;2.1206030150753747;2.788944723618094;3.0;2.874371859296481;2.2060301507537687;2.0;2.130653266331656;2.7989949748743754;2.532663316582912;2.0;2.0;2.0;2.140703517587937;2.8090452261306567;2.522613065326631;2.0;2.0;2.482412060301506;3.0;3.0;3.0;3.0;3.0;2.5075376884422127;2.0;2.0;2.0;2.0;2.0;2.0;2.170854271356788;2.8391959798995003;2.4924623115577873;2.0;2.0;2.0;1.8190954773869379;1.1507537688442255;1.0;1.0;1.0;1.522613065326638;2.0;2.0;2.527638190954775;3.0;3.0;3.532663316582912;4.0;4.0;4.0;5.030150753768879;8.371859296482441;10.085427135678401;11.0;11.0;11.0;11.21608040201005;11.884422110552762;10.89447236180905;9.778894472361813;9.1105527638191;7.326633165829122;4.64321608040197;0.6331658291456961;0.0;0.0;0.0;0.0;0.0;0.0;0.0;0.0;0.0;0.0;0.0;0.0;0.0;0.0;0.0;0.0;0.0;0.0;0.0;0.0;0.0;0.0;0.0;0.0;0.0;0.0;0.0;0.0;0.0;0.0;0.0;0.0;0.0;0.0;0.0;0.0;0.0;0.0;0.0;0.0;0.0;0.0;0.0;0.0;0.0;0.0;0.0;0.0;0.0;0.0;0.0;0.0;0.0;0.0;0.0;0.0;0.0;0.0;0.0;0.0;0.0;0.0;0.0
Subject_068_S_0127;0.0;0.0;0.0;0.0;0.0;0.0;0.0;0.0;0.0;0.0;0.0;0.0;0.0;0.0;0.0;0.0;0.0;0.0;0.0;0.0;0.0;0.0;0.0;0.0;0.0;0.0;0.0;0.0;0.0;0.0;0.0;0.0;0.0;0.0;0.0;0.0;0.0;0.0;0.0;0.0;0.0;0.0;0.0;0.0;0.0;0.0;0.0;0.0;0.0;0.0;0.0;0.0;0.0;1.6884422110552748;4.180904522613062;5.517587939698487;6.854271356783926;8.095477386934675;8.763819095477388;7.2713567839196;5.100502512562812;5.768844221105525;5.125628140703512;3.8944723618090435;3.226130653266331;2.557788944723619;2.0;2.0;2.0;2.0;2.0;1.5477386934673376;1.1206030150753747;1.7889447236180942;2.0;2.0;2.0;2.4623115577889436;3.0;3.0;2.532663316582912;2.1356783919598;2.8040201005025125;2.527638190954775;2.0;2.0;2.0;2.0;2.0;2.482412060301506;3.0;3.0;3.0;3.0;3.0;3.0;3.0;3.0;2.5025125628140756;2.0;2.0;2.0;1.829145728643212;1.1608040201004997;1.0;1.0;1.0;1.0;1.1809045226130621;1.8492462311557745;2.0;2.1859296482412134;2.8542713567839257;3.0;3.0;3.0;5.110552763819101;7.9798994974874375;11.321608040201;12.0;11.798994974874375;11.130653266331663;11.0;10.793969849246224;10.125628140703512;8.914572864321599;7.577889447236174;6.2412060301507495;3.261306532663312;0.78391959798995;0.11557788944723768;0.0;0.0;0.0;0.0;0.0;0.0;0.0;0.0;0.0;0.0;0.0;0.0;0.0;0.0;0.0;0.0;0.0;0.0;0.0;0.0;0.0;0.0;0.0;0.0;0.0;0.0;0.0;0.0;0.0;0.0;0.0;0.0;0.0;0.0;0.0;0.0;0.0;0.0;0.0;0.0;0.0;0.0;0.0;0.0;0.0;0.0;0.0;0.0;0.0;0.0;0.0;0.0;0.0;0.0;0.0;0.0;0.0;0.0;0.0;0.0;0.0;0.0;0.0;0.0;0.0;0.0;0.0;0.0;0.0
Subject_033_S_10736;0.0;0.0;0.0;0.0;0.0;0.0;0.0;0.0;0.0;0.0;0.0;0.0;0.0;0.0;0.0;0.0;0.0;0.0;0.0;0.0;0.0;0.0;0.0;0.0;0.0;0.0;0.0;0.0;0.0;0.0;0.0;0.0;0.0;0.0;0.0;0.0;0.0;0.0;0.0;0.0;0.0;0.0;0.0;0.0;0.0;2.336683417085439;5.422110552763826;6.909547738693462;8.396984924623112;9.0;9.185929648241206;9.929648241206031;10.0;10.0;9.517587939698501;7.286432160804026;5.7035175879397;5.0;5.1356783919598;5.879396984924625;4.753768844221099;4.0;4.0;4.0;3.4020100502512562;3.341708542713569;3.914572864321606;3.170854271356781;3.0;3.0;3.0;3.0;3.5477386934673376;3.7085427135678373;3.0;3.0;3.0;3.0;3.0100502512562812;3.7537688442211063;3.5025125628140685;3.0;3.0;3.0;3.0;3.0;3.0;3.0;2.5527638190954747;2.1909547738693504;2.9346733668341756;3.0;3.0;3.0;3.0;3.0;3.0;3.140703517587937;3.8844221105527623;4.0;4.0;3.8844221105527623;3.140703517587937;3.0;3.0;3.0;3.0;3.0;3.3216080402009993;4.0;4.0;4.552763819095475;5.2964824120603;6.0;6.0;6.527638190954775;7.2713567839196;8.015075376884425;8.75879396984925;9.502512562814076;10.492462311557802;11.979899497487423;11.266331658291463;11.477386934673362;11.778894472361813;11.035175879396988;9.582914572864325;8.547738693467338;7.608040201005025;6.120603015075375;4.6331658291457245;2.7185929648241114;0.829145728643212;0.08542713567838689;0.0;0.0;0.0;0.0;0.0;0.0;0.0;0.0;0.0;0.0;0.0;0.0;0.0;0.0;0.0;0.0;0.0;0.0;0.0;0.0;0.0;0.0;0.0;0.0;0.0;0.0;0.0;0.0;0.0;0.0;0.0;0.0;0.0;0.0;0.0;0.0;0.0;0.0;0.0;0.0;0.0;0.0;0.0;0.0;0.0;0.0;0.0;0.0;0.0;0.0;0.0;0.0;0.0;0.0;0.0;0.0;0.0;0.0;0.0;0.0;0.0;0.0;0.0;0.0;0.0;0.0
Subject_033_S_10092;0.0;0.0;0.0;0.0;0.0;0.0;0.0;0.0;0.0;0.0;0.0;0.0;0.0;0.0;0.0;0.0;0.0;0.0;0.0;0.0;0.0;0.0;0.0;0.0;0.0;0.0;0.0;0.0;0.0;0.0;0.0;0.0;0.0;0.0;0.0;0.0;0.0;0.0;0.0;0.0;0.0;0.0;0.0;0.0;0.0;0.0;0.0;0.0;0.0;0.0;0.0;1.7939698492462313;3.2763819095477444;3.954773869346738;5.266331658291463;6.311557788944725;6.989949748743719;7.0;7.346733668341713;8.0;8.0;8.0;8.0;8.0;7.165829145728637;5.713567839195974;3.6783919597989936;3.0;3.130653266331663;3.8090452261306567;3.5125628140703498;3.165829145728644;3.8442211055276445;3.477386934673362;3.0;3.0;3.0;3.0;3.0;3.0;3.0;3.0;3.6281407035175945;3.693467336683412;3.0150753768844183;3.0;3.0;3.0;3.0;2.6231155778894433;2.0552763819095503;2.733668341708544;3.0;3.0;3.0;3.0;3.0;3.0;3.0;3.0;3.0;3.517587939698501;4.0;4.0;3.447236180904511;3.0;3.0;3.0;3.0;3.0;3.0;3.0;3.0;3.0;3.336683417085439;4.015075376884425;4.693467336683426;4.628140703517587;4.050251256281413;4.728643216080414;5.4070351758794;6.0;6.0;7.326633165829165;9.120603015075389;9.798994974874375;10.477386934673376;11.0;11.0;11.0;11.0;11.0;9.904522613065325;8.321608040200985;6.286432160803983;2.502512562814047;0.0;0.0;0.0;0.0;0.0;0.0;0.0;0.0;0.0;0.0;0.0;0.0;0.0;0.0;0.0;0.0;0.0;0.0;0.0;0.0;0.0;0.0;0.0;0.0;0.0;0.0;0.0;0.0;0.0;0.0;0.0;0.0;0.0;0.0;0.0;0.0;0.0;0.0;0.0;0.0;0.0;0.0;0.0;0.0;0.0;0.0;0.0;0.0;0.0;0.0;0.0;0.0;0.0;0.0;0.0;0.0;0.0;0.0;0.0;0.0;0.0;0.0;0.0;0.0
Subject_033_S_10118;0.0;0.0;0.0;0.0;0.0;0.0;0.0;0.0;0.0;0.0;0.0;0.0;0.0;0.0;0.0;0.0;0.0;0.0;0.0;0.0;0.0;0.0;0.0;0.0;0.0;0.0;0.0;0.0;0.0;0.0;0.0;0.0;0.0;0.0;0.0;0.0;0.0;0.0;0.0;0.0;0.0;0.0;0.0;0.0;0.0;0.0;0.0;0.0;0.0;0.0;0.0;0.0;1.2562814070351749;3.4070351758794004;6.226130653266338;8.396984924623126;9.0;9.492462311557787;10.939698492462313;9.613065326633162;7.748743718592955;6.0;6.0;5.4120603015075375;4.688442211055275;3.964824120603012;3.2412060301507495;2.035175879396988;1.2060301507537687;1.9296482412060314;1.346733668341706;1.3768844221105567;2.1005025125628123;2.824120603015075;2.4522613065326624;2.0;2.0;2.0;2.0;2.0;2.0;2.613065326633169;2.663316582914568;2.0;2.0;2.0;2.0;2.0;1.3216080402009993;1.4020100502512634;2.0;2.0;2.572864321608037;3.0;3.0;3.0;3.0;3.0;3.0;3.0;2.6381909547738616;2.0;2.0;2.0;2.0;2.0;2.0;2.0;2.0;2.0;1.4020100502512491;1.3216080402010135;2.0;2.0;2.0;2.0;2.0;2.0;2.386934673366838;3.0;3.0;3.557788944723626;4.0;4.010050251256274;5.4572864321607994;6.904522613065325;8.7035175879397;11.59798994974875;12.0;12.0;11.859296482412049;10.412060301507523;9.482412060301499;8.517587939698473;7.070351758793976;6.311557788944725;4.35175879396985;1.8643216080401999;1.1407035175879372;0.41708542713567454;0.0;0.0;0.0;0.0;0.0;0.0;0.0;0.0;0.0;0.0;0.0;0.0;0.0;0.0;0.0;0.0;0.0;0.0;0.0;0.0;0.0;0.0;0.0;0.0;0.0;0.0;0.0;0.0;0.0;0.0;0.0;0.0;0.0;0.0;0.0;0.0;0.0;0.0;0.0;0.0;0.0;0.0;0.0;0.0;0.0;0.0;0.0;0.0;0.0;0.0;0.0;0.0;0.0;0.0;0.0;0.0;0.0;0.0;0.0;0.0
Subject_011_S_4278;0.0;0.0;0.0;0.0;0.0;0.0;0.0;0.0;0.0;0.0;0.0;0.0;0.0;0.0;0.0;0.0;0.0;0.0;0.0;0.0;0.0;0.0;0.0;0.0;0.0;0.0;0.0;0.0;0.0;0.0;0.0;0.0;0.0;0.0;0.0;0.0;0.0;0.0;0.0;0.0;0.0;0.0;0.0;0.0;0.0;0.6733668341708494;2.2211055276382012;5.095477386934675;7.477386934673362;9.211055276381913;9.929648241206031;10.0;9.266331658291463;7.829145728643212;6.391959798994975;4.954773869346738;3.7587939698492434;3.040201005025125;3.0;3.0;2.8844221105527623;2.165829145728644;2.0;2.0;2.0;2.0;2.0;2.0;2.0;2.0;2.0;2.0;2.0;1.5427135678391934;1.175879396984925;1.8944723618090435;2.0;2.0;1.9497487437185939;1.2311557788944754;1.4874371859296502;2.2060301507537687;2.9246231155778872;2.356783919597987;2.3618090452261313;3.0;3.0;3.0;3.0;3.0;3.0;3.0;3.0;3.0;3.0;3.0;3.0;3.0;3.0;2.859296482412063;2.140703517587937;2.0;2.2964824120603;3.0;3.0;2.5477386934673376;2.0;2.0;2.0;2.0;2.0;2.0;2.0;1.7989949748743754;1.0804020100502498;1.6381909547738758;1.6432160804020128;1.0753768844221128;1.7939698492462384;2.5125628140703498;3.0;3.0;3.6683417085427124;4.386934673366838;5.422110552763797;8.2964824120603;9.5427135678392;10.261306532663312;10.979899497487438;11.0;10.165829145728651;8.8643216080402;8.145728643216074;6.854271356783926;5.4170854271356745;3.9597989949748467;1.085427135678401;0.0;0.0;0.0;0.0;0.0;0.0;0.0;0.0;0.0;0.0;0.0;0.0;0.0;0.0;0.0;0.0;0.0;0.0;0.0;0.0;0.0;0.0;0.0;0.0;0.0;0.0;0.0;0.0;0.0;0.0;0.0;0.0;0.0;0.0;0.0;0.0;0.0;0.0;0.0;0.0;0.0;0.0;0.0;0.0;0.0;0.0;0.0;0.0;0.0;0.0;0.0;0.0;0.0;0.0;0.0;0.0;0.0;0.0;0.0;0.0;0.0;0.0;0.0
Subject_002_S_4225;0.0;0.0;0.0;0.0;0.0;0.0;0.0;0.0;0.0;0.0;0.0;0.0;0.0;0.0;0.0;0.0;0.0;0.0;0.0;0.0;0.0;0.0;0.0;0.0;0.0;0.0;0.0;0.0;0.0;0.0;0.0;0.0;0.0;0.0;0.0;0.0;0.0;0.0;0.0;0.0;0.0;0.0;0.0;0.0;0.0;0.0;0.0;0.06030150753768737;4.402010050251263;7.829145728643226;10.542713567839208;12.713567839195974;13.0;11.24120603015075;7.8492462311557745;6.402010050251249;6.0;5.507537688442213;4.060301507537687;4.0;3.5829145728643184;3.0;3.0;2.4120603015075375;2.311557788944725;3.0;3.0;3.0;3.0;3.0;3.0;3.0;3.0;3.0;3.0;3.2713567839196003;3.994974874371863;3.2814070351758744;3.442211055276381;4.0;4.0;3.386934673366831;3.0;3.0;3.0;3.0;3.2311557788944754;3.954773869346738;3.3216080402009993;2.5979899497487366;2.0;2.0;2.572864321608037;3.0;2.9798994974874375;2.256281407035175;2.0;2.1909547738693504;2.914572864321613;3.0;3.0;2.914572864321599;2.1909547738693504;2.0;1.7437185929648251;1.0201005025125625;1.7035175879397002;2.0;2.1507537688442255;2.874371859296488;3.597989949748751;4.0;4.045226130653276;4.768844221105525;5.492462311557787;6.64824120603015;8.819095477386938;11.653266331658301;13.0;12.8894472361809;12.165829145728637;12.0;11.718592964824111;11.0;11.0;10.095477386934675;8.64824120603015;7.201005025125625;3.884422110552748;1.306532663316574;0.0;0.0;0.0;0.0;0.0;0.0;0.0;0.0;0.0;0.0;0.0;0.0;0.0;0.0;0.0;0.0;0.0;0.0;0.0;0.0;0.0;0.0;0.0;0.0;0.0;0.0;0.0;0.0;0.0;0.0;0.0;0.0;0.0;0.0;0.0;0.0;0.0;0.0;0.0;0.0;0.0;0.0;0.0;0.0;0.0;0.0;0.0;0.0;0.0;0.0;0.0;0.0;0.0;0.0;0.0;0.0;0.0;0.0;0.0;0.0;0.0;0.0;0.0;0.0;0.0;0.0;0.0;0.0;0.0;0.0
Subject_033_S_6705;0.0;0.0;0.0;0.0;0.0;0.0;0.0;0.0;0.0;0.0;0.0;0.0;0.0;0.0;0.0;0.0;0.0;0.0;0.0;0.0;0.0;0.0;0.0;0.0;0.0;0.0;0.0;0.0;0.0;0.0;0.0;0.0;0.0;0.0;0.0;0.0;0.0;0.0;0.0;0.0;0.0;0.0;0.0;0.0;0.0;0.0;0.0;0.0;2.954773869346724;6.633165829145739;8.788944723618094;10.2964824120603;11.366834170854268;12.0;12.0;10.432160804020107;8.517587939698487;7.08040201005025;5.643216080402013;5.396984924623119;5.768844221105525;4.331658291457288;4.0;3.4572864321607994;2.0201005025125625;2.7085427135678373;3.0;3.1457286432160814;3.8643216080402;3.4170854271356816;3.301507537688444;4.0;4.0;4.0;4.0;4.0;4.0;3.6683417085427124;3.050251256281406;3.7688442211055246;4.0;3.7939698492462313;3.0753768844221128;3.0;3.0;3.0;3.0;3.0;2.7638190954773876;2.045226130653269;2.6733668341708494;3.0;2.8894472361808994;2.170854271356788;2.0;2.0;2.0;2.0;2.0;2.0;2.0;2.0;2.0;2.0150753768844254;2.733668341708537;3.0;2.829145728643212;2.1105527638191006;2.608040201005025;2.6733668341708494;2.0;2.0;2.0;2.0;2.0;1.3618090452261242;0.6432160804020128;0.0;0.0;0.0;0.0;0.0;0.0;0.0;0.0;0.0;0.0;0.0;0.0;0.0;0.0;0.0;0.0;0.0;0.0;0.0;0.0;0.0;0.0;0.0;0.0;0.0;0.0;0.0;0.0;0.0;0.0;0.0;0.0;0.0;0.0;0.0;0.0;0.0;0.0;0.0;0.0;0.0;0.0;0.0;0.0;0.0;0.0;0.0;0.0;0.0;0.0;0.0;0.0;0.0;0.0;0.0;0.0;0.0;0.0;0.0;0.0;0.0;0.0;0.0;0.0;0.0;0.0;0.0;0.0;0.0;0.0;0.0;0.0;0.0;0.0;0.0;0.0;0.0;0.0;0.0;0.0;0.0;0.0;0.0
Subject_012_S_6073;0.0;0.0;0.0;0.0;0.0;0.0;0.0;0.0;0.0;0.0;0.0;0.0;0.0;0.0;0.0;0.0;0.0;0.0;0.0;0.0;0.0;0.0;0.0;0.0;0.0;0.0;0.0;0.0;0.0;0.0;0.0;0.0;0.0;0.0;0.0;0.0;0.0;0.0;0.0;0.0;0.0;0.0;0.0;0.0;0.0;0.0;0.0;0.0;0.0;0.0;1.1155778894472377;5.577889447236188;7.346733668341713;8.417085427135682;9.321608040201;10.80904522613065;11.64824120603015;12.391959798994975;12.5929648241206;10.361809045226124;8.7537688442211;7.266331658291463;6.0;6.0;4.8040201005025125;3.3165829145728623;2.0;2.0;2.572864321608037;3.0;3.0;3.0;3.0;3.0;3.0;3.0;3.0;3.0;3.0;3.0;3.0;3.2412060301507566;3.9849246231155746;3.2713567839196003;3.0;3.21608040201005;3.959798994974875;4.0;4.0;4.0;4.0;4.0;4.0;4.0;4.0;3.346733668341713;2.603015075376888;2.140703517587937;2.8844221105527623;3.0;3.0;2.8844221105527623;2.140703517587937;2.0;2.0;2.0;2.0;2.0;2.0;2.0;2.0;2.0;2.0;2.08040201005025;3.5678391959799;3.472361809045225;3.2713567839196003;4.0;4.0;4.0;4.246231155778901;4.989949748743712;5.0;5.0;5.0;5.0;5.708542713567837;6.0;6.9798994974874375;10.698492462311563;11.683417085427138;12.427135678391963;12.829145728643212;12.085427135678387;11.341708542713562;10.597989949748737;9.562814070351777;7.331658291457302;3.8341708542713775;1.2462311557789008;0.0;0.0;0.0;0.0;0.0;0.0;0.0;0.0;0.0;0.0;0.0;0.0;0.0;0.0;0.0;0.0;0.0;0.0;0.0;0.0;0.0;0.0;0.0;0.0;0.0;0.0;0.0;0.0;0.0;0.0;0.0;0.0;0.0;0.0;0.0;0.0;0.0;0.0;0.0;0.0;0.0;0.0;0.0;0.0;0.0;0.0;0.0;0.0;0.0;0.0;0.0;0.0;0.0;0.0;0.0;0.0;0.0;0.0;0.0;0.0
Subject_137_S_6906;0.0;0.0;0.0;0.0;0.0;0.0;0.0;0.0;0.0;0.0;0.0;0.0;0.0;0.0;0.0;0.0;0.0;0.0;0.0;0.0;0.0;0.0;0.0;0.0;0.0;0.0;0.0;0.0;0.0;0.0;0.0;0.0;0.0;0.0;0.0;0.0;0.0;0.0;0.0;0.0;0.0;0.0;0.0;0.0;0.0;0.0;0.0;3.2412060301507672;5.964824120603019;7.984924623115589;9.336683417085425;10.341708542713569;11.0;11.0;11.361809045226131;12.035175879396988;12.708542713567837;13.0;12.834170854271349;10.81407035175878;9.195979899497488;7.8492462311557745;6.502512562814061;5.577889447236181;5.0;5.0;4.557788944723619;4.0;4.0;4.0;3.8643216080402;3.1909547738693433;3.482412060301513;3.8442211055276374;3.170854271356781;3.0;3.0;3.0;3.522613065326638;4.0;4.0;4.0;3.78391959798995;3.1105527638190935;3.562814070351763;3.7638190954773876;3.090452261306531;3.5829145728643255;3.743718592964825;3.0703517587939686;3.603015075376888;4.0;4.0;4.0;4.0;4.0;4.0;4.0;4.0;4.0;4.0;4.0;4.0;3.643216080402013;3.0;3.0;3.0;3.0;3.0;3.0;3.0;3.0;3.0;3.0;3.0;2.562814070351749;2.0;2.0;2.9145728643216273;4.130653266331663;4.8040201005025125;5.0;5.1507537688442255;5.824120603015075;7.492462311557816;9.512562814070364;11.532663316582912;12.517587939698501;13.0;13.0;12.462311557788937;11.788944723618087;11.115577889447238;10.442211055276374;9.53768844221105;8.19095477386935;6.266331658291435;4.497487437185924;3.1507537688442255;1.2060301507537474;0.0;0.0;0.0;0.0;0.0;0.0;0.0;0.0;0.0;0.0;0.0;0.0;0.0;0.0;0.0;0.0;0.0;0.0;0.0;0.0;0.0;0.0;0.0;0.0;0.0;0.0;0.0;0.0;0.0;0.0;0.0;0.0;0.0;0.0;0.0;0.0;0.0;0.0;0.0;0.0;0.0;0.0;0.0;0.0;0.0;0.0;0.0;0.0;0.0;0.0;0.0;0.0;0.0;0.0;0.0;0.0;0.0;0.0;0.0;0.0
Subject_168_S_6059;0.0;0.0;0.0;0.0;0.0;0.0;0.0;0.0;0.0;0.0;0.0;0.0;0.0;0.0;0.0;0.0;0.0;0.0;0.0;0.0;0.0;0.0;0.0;0.0;0.0;0.0;0.0;0.0;0.0;0.0;0.0;0.0;0.0;0.0;0.0;0.0;0.0;0.0;0.0;0.0;0.0;0.0;0.0;0.0;0.0;0.0;0.0;0.0;0.0;0.8442211055276516;3.7185929648241256;5.2964824120603;6.366834170854268;7.170854271356788;8.608040201005025;9.0;9.0;9.0;9.678391959798994;10.0;9.768844221105525;8.331658291457288;6.894472361809051;6.0;6.0;5.291457286432163;4.572864321608037;4.0;4.0;4.0;4.301507537688444;4.9798994974874375;4.261306532663319;4.4572864321608066;5.0;5.0;4.386934673366831;4.0;4.050251256281406;4.768844221105525;4.51256281407035;4.0;4.0;4.0;4.0;3.91959798994975;3.2010050251256246;3.0;3.2361809045226124;3.954773869346731;4.0;4.0;4.0;4.0;4.0;4.0;4.0;4.0;4.422110552763826;4.859296482412063;4.140703517587937;3.422110552763826;3.0;2.9849246231155746;2.266331658291463;2.4522613065326624;2.829145728643212;2.1105527638191006;2.0;1.6733668341708494;1.045226130653262;1.7638190954773876;2.0;2.0;2.0;2.0;2.356783919597987;3.0;3.0;3.5125628140703498;4.462311557788951;5.8994974874371735;10.010050251256274;12.386934673366838;13.0;13.0;13.0;13.0;13.0;12.301507537688437;11.582914572864325;10.7286432160804;9.291457286432149;7.281407035175889;4.542713567839186;0.9899497487437117;0.2713567839196003;0.0;0.0;0.0;0.0;0.0;0.0;0.0;0.0;0.0;0.0;0.0;0.0;0.0;0.0;0.0;0.0;0.0;0.0;0.0;0.0;0.0;0.0;0.0;0.0;0.0;0.0;0.0;0.0;0.0;0.0;0.0;0.0;0.0;0.0;0.0;0.0;0.0;0.0;0.0;0.0;0.0;0.0;0.0;0.0;0.0;0.0;0.0;0.0;0.0;0.0;0.0;0.0;0.0;0.0;0.0;0.0;0.0;0.0;0.0;0.0;0.0;0.0;0.0
Subject_033_S_6976;0.0;0.0;0.0;0.0;0.0;0.0;0.0;0.0;0.0;0.0;0.0;0.0;0.0;0.0;0.0;0.0;0.0;0.0;0.0;0.0;0.0;0.0;0.0;0.0;0.0;0.0;0.0;0.0;0.0;0.0;0.0;0.0;0.0;0.0;0.0;0.0;0.0;0.0;0.0;0.0;0.0;0.0;0.0;0.0;0.0;0.0;0.0;1.5075376884421843;5.0201005025125625;6.437185929648237;7.8542713567839115;9.1356783919598;9.844221105527637;10.552763819095475;11.261306532663312;11.969849246231156;12.678391959798994;11.065326633165846;7.904522613065332;7.1959798994974875;7.0;6.778894472361813;6.070351758793976;4.723618090452263;3.653266331658294;3.0;3.0;3.0;3.0;3.0;3.0;3.0;3.0;3.0;3.0;3.0;3.0;3.5577889447236117;3.733668341708544;3.0251256281407066;3.6834170854271306;3.608040201005025;3.0;3.0;3.0;3.0;3.0;3.0;2.648241206030157;2.0603015075376874;2.7688442211055246;3.0;3.0;3.0;3.0;3.0;2.9798994974874375;2.2713567839196003;2.437185929648237;2.8542713567839257;2.1457286432160885;2.0;2.2713567839196003;2.9798994974874375;2.311557788944725;2.0;1.8944723618090507;1.1859296482412134;1.5226130653266239;2.0;2.0;2.0;2.0;2.0653266331658244;2.7738693467336617;3.0;3.1909547738693362;3.8994974874371877;4.0;4.316582914572862;5.0251256281406995;5.733668341708537;8.21105527638187;11.0;11.0;11.5678391959799;12.0;12.0;11.306532663316588;10.59798994974875;9.778894472361827;8.361809045226153;6.94472361809045;4.819095477386938;1.2763819095477515;0.34673366834171304;0.0;0.0;0.0;0.0;0.0;0.0;0.0;0.0;0.0;0.0;0.0;0.0;0.0;0.0;0.0;0.0;0.0;0.0;0.0;0.0;0.0;0.0;0.0;0.0;0.0;0.0;0.0;0.0;0.0;0.0;0.0;0.0;0.0;0.0;0.0;0.0;0.0;0.0;0.0;0.0;0.0;0.0;0.0;0.0;0.0;0.0;0.0;0.0;0.0;0.0;0.0;0.0;0.0;0.0;0.0;0.0;0.0;0.0;0.0;0.0;0.0;0.0;0.0;0.0
Subject_041_S_6136;0.0;0.0;0.0;0.0;0.0;0.0;0.0;0.0;0.0;0.0;0.0;0.0;0.0;0.0;0.0;0.0;0.0;0.0;0.0;0.0;0.0;0.0;0.0;0.0;0.0;0.0;0.0;0.0;0.0;0.0;0.0;0.0;0.0;0.0;0.0;0.0;0.0;0.0;0.0;0.0;0.0;0.0;0.0;0.0;0.0;0.0;0.0;0.0;0.09045226130652395;1.4673366834170878;3.688442211055275;6.1105527638190935;6.798994974874368;7.48743718592965;8.35175879396985;9.7286432160804;10.552763819095475;11.24120603015075;11.929648241206031;13.236180904522612;13.080402010050257;11.015075376884433;9.633165829145725;8.628140703517587;7.939698492462313;7.251256281407038;5.688442211055289;4.125628140703519;4.814070351758794;4.4974874371859315;4.0;4.0;4.0;4.0;4.0;4.6331658291457245;4.678391959798994;4.010050251256281;4.698492462311556;4.613065326633169;4.075376884422113;4.763819095477388;4.547738693467338;4.0;4.0;4.517587939698494;5.0;5.0;4.417085427135682;4.0;4.0;4.0;4.0;4.0;4.0;4.0;4.0;4.0;4.0;4.0;4.0;4.0;4.0;4.0;4.597989949748737;4.427135678391977;3.050251256281399;3.0;3.35175879396985;4.0;4.0;4.0;3.8944723618090507;3.206030150753776;3.482412060301499;4.0;4.0;4.547738693467338;5.472361809045225;6.8492462311557745;7.613065326633162;9.507537688442184;12.949748743718558;13.678391959798986;14.0;14.0;14.0;13.5678391959799;12.879396984924625;12.19095477386935;11.005025125628151;9.628140703517602;8.251256281407052;6.874371859296474;5.2462311557788865;3.180904522613062;1.1155778894472377;0.0;0.0;0.0;0.0;0.0;0.0;0.0;0.0;0.0;0.0;0.0;0.0;0.0;0.0;0.0;0.0;0.0;0.0;0.0;0.0;0.0;0.0;0.0;0.0;0.0;0.0;0.0;0.0;0.0;0.0;0.0;0.0;0.0;0.0;0.0;0.0;0.0;0.0;0.0;0.0;0.0;0.0;0.0;0.0;0.0;0.0;0.0;0.0;0.0;0.0;0.0;0.0;0.0;0.0;0.0;0.0;0.0;0.0;0.0;0.0;0.0;0.0;0.0
Subject_033_S_10693;0.0;0.0;0.0;0.0;0.0;0.0;0.0;0.0;0.0;0.0;0.0;0.0;0.0;0.0;0.0;0.0;0.0;0.0;0.0;0.0;0.0;0.0;0.0;0.0;0.0;0.0;0.0;0.0;0.0;0.0;0.0;0.0;0.0;0.0;0.0;0.0;0.0;0.0;0.0;0.0;0.0;0.0;0.0;0.0;0.0;1.4020100502512634;3.6331658291457387;5.864321608040193;7.396984924623112;8.442211055276381;8.814070351758794;8.070351758793969;8.673366834170857;9.417085427135682;9.356783919598001;6.381909547738701;4.7035175879397;3.608040201005025;3.0;3.0;3.0;2.6331658291457316;2.0;2.0;2.5979899497487438;2.658291457286431;2.085427135678394;2.829145728643219;3.0;3.0;2.9396984924623126;2.1959798994974875;2.0;2.0;2.0;2.0;2.0;2.0;2.0;2.0;2.0;2.2412060301507566;2.9849246231155746;2.2713567839196003;2.472361809045225;3.0;3.0;3.0;3.0;3.0;3.0;3.0;3.0;3.0;3.0;2.346733668341713;2.0;2.0;2.0;2.0;2.0;2.0;2.0;2.0;1.653266331658287;1.0;1.0;1.0;1.3216080402009993;2.0;2.0;1.4472361809045253;1.0;1.040201005025125;1.78391959798995;2.0;2.0;2.0;2.0;2.5025125628140756;3.0;3.0;4.467336683417074;5.0;5.221105527638187;5.964824120603012;8.834170854271349;11.356783919597987;13.195979899497488;13.939698492462313;13.316582914572862;12.572864321608037;11.829145728643212;11.085427135678387;11.0;10.195979899497473;8.708542713567851;7.221105527638201;3.8341708542713775;1.2462311557789008;0.0;0.0;0.0;0.0;0.0;0.0;0.0;0.0;0.0;0.0;0.0;0.0;0.0;0.0;0.0;0.0;0.0;0.0;0.0;0.0;0.0;0.0;0.0;0.0;0.0;0.0;0.0;0.0;0.0;0.0;0.0;0.0;0.0;0.0;0.0;0.0;0.0;0.0;0.0;0.0;0.0;0.0;0.0;0.0;0.0;0.0;0.0;0.0;0.0;0.0;0.0;0.0;0.0;0.0;0.0;0.0;0.0;0.0;0.0;0.0
Subject_011_S_6303;0.0;0.0;0.0;0.0;0.0;0.0;0.0;0.0;0.0;0.0;0.0;0.0;0.0;0.0;0.0;0.0;0.0;0.0;0.0;0.0;0.0;0.0;0.0;0.0;0.0;0.0;0.0;0.0;0.0;0.0;0.0;0.0;0.0;0.0;0.0;0.0;0.0;0.0;0.0;0.0;0.0;0.0;0.0;0.0;0.0;0.0;0.0;0.0;0.0;0.5427135678391863;2.819095477386938;4.396984924623112;5.4572864321607994;6.4321608040201;7.949748743718587;8.733668341708537;9.0;9.25125628140703;10.010050251256281;10.768844221105525;9.417085427135696;7.713567839195981;6.954773869346738;6.1959798994974875;4.311557788944732;3.3216080402009993;3.91959798994975;3.1608040201005068;2.4020100502512562;2.356783919597987;2.8844221105527694;2.125628140703519;2.6331658291457245;3.0;2.8492462311557816;2.090452261306538;2.6683417085427124;2.5728643216080442;2.0;2.0;2.0;2.4623115577889436;2.778894472361813;2.0201005025125696;2.0;2.4974874371859244;3.0;3.0;3.0;3.0;3.0;3.0;3.0;3.0;3.0;3.0;3.0;3.0;3.3618090452261242;4.0;4.0;4.0;4.0;3.8442211055276374;3.085427135678401;3.0;3.0;2.8090452261306638;2.0502512562814132;2.0;2.0;2.0;2.0;2.0;2.0;2.0;2.0;2.0;2.5376884422110493;3.2964824120603;4.055276381909536;4.814070351758787;7.864321608040186;10.994974874371863;13.090452261306524;13.849246231155774;13.391959798994975;12.633165829145739;11.874371859296488;11.115577889447238;9.713567839196003;7.793969849246253;5.035175879397002;0.48241206030158423;0.0;0.0;0.0;0.0;0.0;0.0;0.0;0.0;0.0;0.0;0.0;0.0;0.0;0.0;0.0;0.0;0.0;0.0;0.0;0.0;0.0;0.0;0.0;0.0;0.0;0.0;0.0;0.0;0.0;0.0;0.0;0.0;0.0;0.0;0.0;0.0;0.0;0.0;0.0;0.0;0.0;0.0;0.0;0.0;0.0;0.0;0.0;0.0;0.0;0.0;0.0;0.0;0.0;0.0;0.0;0.0;0.0;0.0;0.0;0.0;0.0;0.0;0.0;0.0;0.0;0.0
Subject_012_S_6503;0.0;0.0;0.0;0.0;0.0;0.0;0.0;0.0;0.0;0.0;0.0;0.0;0.0;0.0;0.0;0.0;0.0;0.0;0.0;0.0;0.0;0.0;0.0;0.0;0.0;0.0;0.0;0.0;0.0;0.0;0.0;0.0;0.0;0.0;0.0;0.0;0.0;0.0;0.0;0.0;0.0;0.0;0.0;0.0;0.1809045226130621;2.3668341708542826;3.517587939698494;4.738693467336681;6.9246231155779014;7.7035175879397;8.4321608040201;9.0;9.0;9.618090452261306;10.346733668341713;10.849246231155774;9.391959798994975;8.46733668341708;7.216080402010043;5.030150753768844;4.281407035175874;3.5527638190954747;3.0;3.0;3.6331658291457316;3.6381909547738687;3.090452261306538;3.819095477386938;3.4522613065326624;3.0;3.0;3.0;3.0;3.0;3.0;3.0;3.0;3.0;3.0;3.0;3.0;3.0;3.0;3.477386934673369;3.793969849246224;3.0653266331658244;3.0;3.0;3.0;3.0;3.0;3.0;3.0;3.0;3.0;3.2211055276382012;3.949748743718601;4.0;4.0;4.0;4.0;3.407035175879386;3.3216080402010135;3.9497487437185868;3.221105527638187;3.0;3.0;3.0;3.0;3.0;2.8492462311557745;2.1206030150753747;2.0;2.0;2.0653266331658386;2.7939698492462384;3.522613065326638;4.0;4.0;4.7085427135678515;5.437185929648251;6.497487437185953;8.683417085427152;9.62311557788945;10.35175879396985;11.080402010050264;11.809045226130664;12.0;12.0;12.0;11.276381909547737;10.547738693467338;9.638190954773847;8.180904522613048;3.5326633165828696;0.6331658291457245;0.0;0.0;0.0;0.0;0.0;0.0;0.0;0.0;0.0;0.0;0.0;0.0;0.0;0.0;0.0;0.0;0.0;0.0;0.0;0.0;0.0;0.0;0.0;0.0;0.0;0.0;0.0;0.0;0.0;0.0;0.0;0.0;0.0;0.0;0.0;0.0;0.0;0.0;0.0;0.0;0.0;0.0;0.0;0.0;0.0;0.0;0.0;0.0;0.0;0.0;0.0;0.0;0.0;0.0;0.0;0.0;0.0;0.0;0.0;0.0;0.0;0.0;0.0;0.0
Subject_016_S_6708;0.0;0.0;0.0;0.0;0.0;0.0;0.0;0.0;0.0;0.0;0.0;0.0;0.0;0.0;0.0;0.0;0.0;0.0;0.0;0.0;0.0;0.0;0.0;0.0;0.0;0.0;0.0;0.0;0.0;0.0;0.0;0.0;0.0;0.0;0.0;0.0;0.0;0.0;0.0;0.0;0.0;0.0;0.0;0.0;0.0;0.0;0.0;0.0;1.266331658291456;3.3618090452261242;4.879396984924625;6.396984924623112;7.4572864321607994;7.78391959798995;7.025125628140707;7.733668341708537;8.492462311557787;9.0;8.989949748743719;8.231155778894475;6.417085427135696;5.0;4.954773869346738;4.1959798994974875;3.437185929648244;2.6783919597990007;2.0;2.0;1.4020100502512562;1.3567839195979872;2.0;2.0;2.0;1.608040201005025;1.1507537688442184;1.9095477386934618;2.0;2.0;2.0;2.0;2.0;1.5376884422110564;1.221105527638187;1.9798994974874304;2.0;2.0;2.0;2.015075376884411;2.7738693467336617;3.0;2.7085427135678373;2.0;2.0;2.0;2.3266331658291364;3.0;3.0;3.0;3.0;2.8793969849246253;2.1206030150753747;2.0;2.0;2.0;2.0;1.3266331658291506;1.4321608040201;2.0;2.0;2.0;1.5326633165829264;1.0;1.0;1.7437185929648251;2.0;2.261306532663312;3.0;3.0;3.5376884422110493;4.2964824120603;5.055276381909536;5.814070351758787;6.572864321608037;8.32663316582915;11.0;11.0;11.0;10.633165829145739;9.874371859296488;9.115577889447238;7.713567839196003;5.391959798995003;2.517587939698501;0.24120603015079212;0.0;0.0;0.0;0.0;0.0;0.0;0.0;0.0;0.0;0.0;0.0;0.0;0.0;0.0;0.0;0.0;0.0;0.0;0.0;0.0;0.0;0.0;0.0;0.0;0.0;0.0;0.0;0.0;0.0;0.0;0.0;0.0;0.0;0.0;0.0;0.0;0.0;0.0;0.0;0.0;0.0;0.0;0.0;0.0;0.0;0.0;0.0;0.0;0.0;0.0;0.0;0.0;0.0;0.0;0.0;0.0;0.0;0.0;0.0;0.0;0.0;0.0;0.0;0.0;0.0;0.0
Subject_003_S_6257;0.0;0.0;0.0;0.0;0.0;0.0;0.0;0.0;0.0;0.0;0.0;0.0;0.0;0.0;0.0;0.0;0.0;0.0;0.0;0.0;0.0;0.0;0.0;0.0;0.0;0.0;0.0;0.0;0.0;0.0;0.0;0.0;0.0;0.0;0.0;0.0;0.0;0.0;0.0;0.0;0.0;0.0;0.0;0.0;0.0;0.0;0.0;1.2060301507537474;4.030150753768844;6.1557788944723555;7.427135678391956;8.1356783919598;8.844221105527637;9.0;9.261306532663312;9.969849246231156;10.0;9.61306532663317;8.809045226130664;7.391959798994975;5.9748743718593005;4.778894472361813;4.070351758793976;4.638190954773869;4.306532663316588;3.0;3.0;2.527638190954775;2.0;2.0;2.5979899497487438;2.693467336683419;2.0150753768844183;2.7236180904522556;2.5678391959799;2.0;2.0;2.5577889447236117;2.733668341708544;2.0251256281407066;2.6834170854271306;3.391959798994975;3.8994974874371877;3.1909547738693504;3.0;2.773869346733669;2.0653266331658315;2.6432160804020057;3.0;3.0;3.0;3.0;3.185929648241199;3.8944723618090364;4.0;4.0;4.0;4.0;4.0;3.8542713567839257;3.1457286432160885;3.562814070351749;4.0;4.0;3.311557788944725;3.0;3.0;3.0;3.522613065326624;3.768844221105539;3.0603015075376874;3.64824120603015;3.643216080402013;3.0653266331658244;3.7738693467336617;4.0;4.190954773869336;4.899497487437188;5.608040201005025;6.0;6.0;6.0;6.442211055276374;7.603015075376845;10.437185929648194;11.5678391959799;11.723618090452263;11.015075376884425;11.0;11.0;10.778894472361827;9.361809045226153;7.94472361809045;6.527638190954775;5.110552763819101;3.040201005025139;1.6381909547738758;0.9296482412060385;0.22110552763820124;0.0;0.0;0.0;0.0;0.0;0.0;0.0;0.0;0.0;0.0;0.0;0.0;0.0;0.0;0.0;0.0;0.0;0.0;0.0;0.0;0.0;0.0;0.0;0.0;0.0;0.0;0.0;0.0;0.0;0.0;0.0;0.0;0.0;0.0;0.0;0.0;0.0;0.0;0.0;0.0;0.0;0.0;0.0;0.0;0.0;0.0;0.0;0.0;0.0;0.0;0.0;0.0;0.0;0.0;0.0;0.0;0.0;0.0;0.0;0.0;0.0
Subject_168_S_6065;0.0;0.0;0.0;0.0;0.0;0.0;0.0;0.0;0.0;0.0;0.0;0.0;0.0;0.0;0.0;0.0;0.0;0.0;0.0;0.0;0.0;0.0;0.0;0.0;0.0;0.0;0.0;0.0;0.0;0.0;0.0;0.0;0.0;0.0;0.0;0.0;0.0;0.0;0.0;0.0;0.0;0.0;0.0;0.0;0.0;0.0;3.3417085427135618;5.713567839195974;7.090452261306524;8.467336683417088;9.422110552763819;10.221105527638187;11.597989949748737;12.48743718592965;13.0;13.0;11.341708542713576;9.517587939698501;8.140703517587937;7.381909547738694;6.080402010050257;4.0150753768844325;4.683417085427138;4.628140703517587;4.0;4.0;4.0;4.0;4.0;3.4974874371859315;3.0;3.0;3.0;3.256281407035175;3.9447236180904497;4.0;4.0;3.9899497487437188;3.301507537688444;3.0;3.0753768844221128;3.7638190954773876;4.0;4.0;4.0;4.0;4.0;4.0;4.0;4.0;4.0;4.0;4.0;4.0;4.0;4.402010050251249;5.0;5.0;5.0;4.844221105527637;4.155778894472363;4.0;3.778894472361813;3.090452261306538;3.5979899497487366;4.0;4.0;4.0;4.0;4.0;4.0;4.0;4.105527638190949;4.793969849246224;4.517587939698501;4.170854271356788;4.859296482412063;5.547738693467338;6.0;6.0;6.0;6.603015075376874;7.979899497487423;10.03517587939696;11.0;11.05527638190955;11.743718592964825;11.5678391959799;11.0;11.0;10.502512562814076;10.0;10.0;9.437185929648237;8.246231155778887;6.180904522613062;2.2311557788944754;0.0;0.0;0.0;0.0;0.0;0.0;0.0;0.0;0.0;0.0;0.0;0.0;0.0;0.0;0.0;0.0;0.0;0.0;0.0;0.0;0.0;0.0;0.0;0.0;0.0;0.0;0.0;0.0;0.0;0.0;0.0;0.0;0.0;0.0;0.0;0.0;0.0;0.0;0.0;0.0;0.0;0.0;0.0;0.0;0.0;0.0;0.0;0.0;0.0;0.0;0.0;0.0;0.0;0.0;0.0;0.0;0.0;0.0;0.0;0.0;0.0;0.0;0.0
Subject_041_S_4037;0.0;0.0;0.0;0.0;0.0;0.0;0.0;0.0;0.0;0.0;0.0;0.0;0.0;0.0;0.0;0.0;0.0;0.0;0.0;0.0;0.0;0.0;0.0;0.0;0.0;0.0;0.0;0.0;0.0;0.0;0.0;0.0;0.0;0.0;0.0;0.0;0.0;0.0;0.0;0.0;0.0;0.0;0.0;0.0;0.0;0.0;0.0;0.0;1.9346733668341898;5.331658291457288;6.889447236180914;8.447236180904525;9.0;9.281407035175882;10.060301507537687;10.8391959798995;9.145728643216081;7.206030150753762;6.0;6.0;5.266331658291456;5.512562814070357;5.125628140703512;3.0;3.0;3.0;3.0;3.0;3.0;3.0;3.0;3.0;3.0;3.0;3.0;3.0;2.8040201005025125;2.0251256281406995;2.7537688442211063;3.0;2.688442211055275;2.090452261306538;2.869346733668344;3.0;3.0;3.0;3.0;3.0;3.0;3.0;3.0;3.0;3.6582914572864382;4.0;3.78391959798995;3.005025125628137;3.0;3.0;3.0;2.8894472361808994;2.1105527638190864;2.0;1.5527638190954747;1.2261306532663383;2.0;2.0;2.0;2.0;2.0;2.0;1.3216080402009993;1.4572864321608137;2.0;2.030150753768851;3.5879396984924767;4.0;4.35175879396985;5.0;5.0;5.688442211055275;8.336683417085439;11.2462311557789;12.0;12.0;12.0;11.638190954773862;10.859296482412049;10.08040201005025;8.603015075376874;7.522613065326624;5.206030150753776;0.0;0.0;0.0;0.0;0.0;0.0;0.0;0.0;0.0;0.0;0.0;0.0;0.0;0.0;0.0;0.0;0.0;0.0;0.0;0.0;0.0;0.0;0.0;0.0;0.0;0.0;0.0;0.0;0.0;0.0;0.0;0.0;0.0;0.0;0.0;0.0;0.0;0.0;0.0;0.0;0.0;0.0;0.0;0.0;0.0;0.0;0.0;0.0;0.0;0.0;0.0;0.0;0.0;0.0;0.0;0.0;0.0;0.0;0.0;0.0;0.0;0.0;0.0;0.0;0.0;0.0;0.0;0.0;0.0
Subject_016_S_6943;0.0;0.0;0.0;0.0;0.0;0.0;0.0;0.0;0.0;0.0;0.0;0.0;0.0;0.0;0.0;0.0;0.0;0.0;0.0;0.0;0.0;0.0;0.0;0.0;0.0;0.0;0.0;0.0;0.0;0.0;0.0;0.0;0.0;0.0;0.0;0.0;0.0;0.0;0.0;0.0;0.0;0.0;0.0;0.0;0.0;0.0;0.0;0.0;0.020100502512562457;1.437185929648237;3.708542713567823;6.4070351758794;8.532663316582912;9.552763819095475;10.261306532663312;10.969849246231156;12.356783919597987;13.38693467336683;14.095477386934668;14.804020100502512;13.46231155778895;10.894472361809065;7.3517587939698785;5.723618090452263;4.653266331658294;4.0;4.0;4.0;3.819095477386938;3.1105527638191006;3.5979899497487438;4.0;4.0;4.0;4.0;4.0;4.0;4.0;3.733668341708544;3.0251256281407066;3.6834170854271306;3.608040201005025;3.0;3.0;3.517587939698487;4.0;4.0;4.0;4.0;3.9396984924623126;3.2311557788944754;3.0;3.185929648241199;3.8944723618090364;4.0;4.0;4.0;4.0;4.0;4.0;4.0;4.0;3.7286432160803997;3.0201005025125625;3.688442211055275;3.603015075376888;3.0;3.0;3.522613065326624;4.0;4.0;4.64824120603015;5.356783919597987;6.065326633165824;6.773869346733662;7.482412060301499;8.381909547738672;9.798994974874375;11.824120603015075;13.316582914572862;14.0251256281407;14.733668341708537;15.0;15.0;15.0;14.4321608040201;13.723618090452263;13.015075376884425;11.613065326633176;9.793969849246253;7.778894472361827;6.361809045226153;3.3618090452261242;0.7638190954773876;0.05527638190955031;0.0;0.0;0.0;0.0;0.0;0.0;0.0;0.0;0.0;0.0;0.0;0.0;0.0;0.0;0.0;0.0;0.0;0.0;0.0;0.0;0.0;0.0;0.0;0.0;0.0;0.0;0.0;0.0;0.0;0.0;0.0;0.0;0.0;0.0;0.0;0.0;0.0;0.0;0.0;0.0;0.0;0.0;0.0;0.0;0.0;0.0;0.0;0.0;0.0;0.0;0.0;0.0;0.0;0.0;0.0;0.0;0.0;0.0;0.0;0.0;0.0;0.0;0.0;0.0;0.0
Subject_137_S_6880;0.0;0.0;0.0;0.0;0.0;0.0;0.0;0.0;0.0;0.0;0.0;0.0;0.0;0.0;0.0;0.0;0.0;0.0;0.0;0.0;0.0;0.0;0.0;0.0;0.0;0.0;0.0;0.0;0.0;0.0;0.0;0.0;0.0;0.0;0.0;0.0;0.0;0.0;0.0;0.0;0.0;0.0;0.0;0.5778894472361884;4.195979899497502;6.125628140703526;7.286432160804019;8.010050251256281;8.733668341708544;9.914572864321613;11.0;11.0;11.0;9.5929648241206;6.924623115577887;6.201005025125625;4.954773869346724;4.0;4.0;4.0;3.5829145728643184;3.1407035175879443;3.8643216080402;4.0;3.688442211055275;3.0;3.0;2.517587939698494;2.2060301507537687;2.9296482412060314;3.0;3.0;3.0;3.0;2.4522613065326624;2.0;2.0;2.7185929648241256;3.0;2.834170854271356;2.1105527638190935;2.613065326633169;2.663316582914568;2.0603015075376874;2.78391959798995;3.0;3.0;3.0;3.0;3.0;3.0;3.0;3.0;3.0;3.0;3.0;3.0;3.0;3.0;3.0;2.6381909547738616;2.0;2.0;2.0;2.0;2.0;2.0;2.0;2.0;2.0;2.0;2.3216080402010135;3.0;3.0;3.4924623115577873;4.21608040201005;4.939698492462313;5.0;5.386934673366838;6.110552763819101;6.834170854271363;7.557788944723626;8.844221105527666;11.010050251256274;12.4572864321608;13.0;13.175879396984925;13.899497487437188;13.37688442211055;12.306532663316574;10.929648241206024;10.206030150753762;8.964824120602998;7.035175879396945;4.140703517587951;1.9346733668341756;1.0;0.8643216080401999;0.1407035175879372;0.0;0.0;0.0;0.0;0.0;0.0;0.0;0.0;0.0;0.0;0.0;0.0;0.0;0.0;0.0;0.0;0.0;0.0;0.0;0.0;0.0;0.0;0.0;0.0;0.0;0.0;0.0;0.0;0.0;0.0;0.0;0.0;0.0;0.0;0.0;0.0;0.0;0.0;0.0;0.0;0.0;0.0;0.0;0.0;0.0;0.0;0.0;0.0;0.0;0.0;0.0;0.0;0.0;0.0;0.0;0.0;0.0;0.0;0.0;0.0;0.0
Subject_003_S_5154;0.0;0.0;0.0;0.0;0.0;0.0;0.0;0.0;0.0;0.0;0.0;0.0;0.0;0.0;0.0;0.0;0.0;0.0;0.0;0.0;0.0;0.0;0.0;0.0;0.0;0.0;0.0;0.0;0.0;0.0;0.0;0.0;0.0;0.0;0.0;0.0;0.0;0.0;0.0;0.0;0.0;0.0;0.0;0.0;0.7939698492462313;2.3316582914572805;4.472361809045225;6.613065326633169;8.502512562814076;9.929648241206024;10.678391959798994;11.78391959798995;12.472361809045218;8.904522613065346;6.934673366834176;5.753768844221106;5.040201005025125;3.653266331658287;3.0;3.0;3.0;3.527638190954775;3.7587939698492505;3.045226130653269;3.0;3.381909547738694;3.9045226130653248;3.1909547738693504;3.522613065326631;3.7638190954773876;3.050251256281406;3.0;3.0;3.0;3.0;3.0;3.2311557788944683;3.9447236180904497;3.341708542713569;3.0;3.0;3.0;3.0;3.0;3.0;3.0;3.0;3.0;3.0;3.0;3.0;3.0;3.0;3.0;3.0;3.0;2.4974874371859244;2.0;2.0;2.643216080402013;3.0;3.0;3.0;2.5025125628140756;2.0;2.0;2.6381909547738616;2.64824120603015;2.0;2.0;2.4924623115577873;3.0;3.0;2.3668341708542755;2.346733668341713;3.0;3.0;3.0;3.2010050251256246;3.914572864321599;4.628140703517587;6.708542713567809;10.0;10.0;10.0;10.0;10.0;9.37688442211055;8.32663316582915;7.0;7.0;6.522613065326638;5.618090452261299;4.1909547738693504;2.1457286432161027;1.0;0.954773869346738;0.24120603015074948;0.0;0.0;0.0;0.0;0.0;0.0;0.0;0.0;0.0;0.0;0.0;0.0;0.0;0.0;0.0;0.0;0.0;0.0;0.0;0.0;0.0;0.0;0.0;0.0;0.0;0.0;0.0;0.0;0.0;0.0;0.0;0.0;0.0;0.0;0.0;0.0;0.0;0.0;0.0;0.0;0.0;0.0;0.0;0.0;0.0;0.0;0.0;0.0;0.0;0.0;0.0;0.0;0.0;0.0;0.0;0.0;0.0;0.0;0.0;0.0;0.0;0.0
Subject_033_S_10276;0.0;0.0;0.0;0.0;0.0;0.0;0.0;0.0;0.0;0.0;0.0;0.0;0.0;0.0;0.0;0.0;0.0;0.0;0.0;0.0;0.0;0.0;0.0;0.0;0.0;0.0;0.0;0.0;0.0;0.0;0.0;0.0;0.0;0.0;0.0;0.0;0.0;0.0;0.0;0.0;0.0;0.0;0.0;0.0;0.0;0.0;0.0;0.0;0.0;0.0;0.0;2.9899497487437188;5.552763819095489;6.909547738693476;8.266331658291463;9.0;9.0;9.66834170854272;10.693467336683426;11.949748743718587;10.5929648241206;8.854271356783919;6.9396984924623055;6.261306532663312;5.165829145728637;4.0;4.0;3.5477386934673305;2.869346733668337;2.1909547738693433;2.0;2.165829145728644;2.8442211055276445;3.522613065326638;4.0;4.0;3.442211055276381;3.2361809045226195;3.914572864321613;3.4070351758793933;3.2713567839196003;3.949748743718594;3.3718592964824055;3.0;3.0;3.0;3.0;3.0;3.0;3.0;3.0;3.0;3.4120603015075446;3.909547738693462;3.2311557788944683;2.5527638190954747;2.0;2.0;2.0;2.160804020100514;2.8391959798995003;2.482412060301499;2.0;2.0;2.552763819095489;2.7688442211055246;2.090452261306524;2.0;2.0;2.0;2.0;2.0;2.0;2.0;2.336683417085439;3.0;3.0;3.3718592964824126;4.050251256281413;4.728643216080414;5.4070351758794;6.170854271356802;7.527638190954775;8.884422110552777;10.0;10.0;9.522613065326624;8.844221105527637;8.165829145728637;8.0;7.618090452261299;6.261306532663298;3.8090452261306496;1.5477386934673234;0.19095477386932203;0.0;0.0;0.0;0.0;0.0;0.0;0.0;0.0;0.0;0.0;0.0;0.0;0.0;0.0;0.0;0.0;0.0;0.0;0.0;0.0;0.0;0.0;0.0;0.0;0.0;0.0;0.0;0.0;0.0;0.0;0.0;0.0;0.0;0.0;0.0;0.0;0.0;0.0;0.0;0.0;0.0;0.0;0.0;0.0;0.0;0.0;0.0;0.0;0.0;0.0;0.0;0.0;0.0;0.0;0.0;0.0;0.0;0.0;0.0;0.0;0.0;0.0;0.0;0.0;0.0
Subject_032_S_6728;0.0;0.0;0.0;0.0;0.0;0.0;0.0;0.0;0.0;0.0;0.0;0.0;0.0;0.0;0.0;0.0;0.0;0.0;0.0;0.0;0.0;0.0;0.0;0.0;0.0;0.0;0.0;0.0;0.0;0.0;0.0;0.0;0.0;0.0;0.0;0.0;0.0;0.0;0.0;0.0;0.0;0.0;0.0;0.0;0.0;0.0;0.0;0.0;0.0;0.10050251256281229;2.6331658291457245;4.291457286432156;4.924623115577887;6.115577889447238;7.190954773869343;7.824120603015075;8.0;8.0;8.0;8.0;8.0;8.623115577889443;9.0;9.0;7.432160804020107;5.688442211055275;4.422110552763826;3.5778894472361813;2.944723618090457;2.311557788944725;2.0;2.0;2.0;2.0;2.0;2.0;2.0;2.0;2.0;2.0;2.0;2.2864321608040186;2.919597989949743;3.0;3.0;3.0;3.4522613065326624;3.914572864321613;3.2814070351758815;3.0;3.0;3.618090452261306;4.0;4.0;3.482412060301513;3.0;3.0;3.0;3.0;3.0;3.3165829145728623;3.9497487437185868;4.0;3.78391959798995;3.1507537688442255;3.0;3.0;3.0;2.6180904522613133;2.0150753768844254;2.64824120603015;3.0;3.0;2.4522613065326624;2.0;2.0;2.4472361809045253;3.0;3.0;3.346733668341699;3.9798994974874375;4.613065326633162;5.2462311557788865;5.879396984924625;8.562814070351749;11.145728643216074;11.778894472361799;11.587939698492463;11.0;11.0;10.688442211055275;10.05527638190955;8.844221105527652;7.577889447236203;6.311557788944725;5.045226130653276;3.6683417085427408;1.7688442211055246;0.6231155778894504;0.0;0.0;0.0;0.0;0.0;0.0;0.0;0.0;0.0;0.0;0.0;0.0;0.0;0.0;0.0;0.0;0.0;0.0;0.0;0.0;0.0;0.0;0.0;0.0;0.0;0.0;0.0;0.0;0.0;0.0;0.0;0.0;0.0;0.0;0.0;0.0;0.0;0.0;0.0;0.0;0.0;0.0;0.0;0.0;0.0;0.0;0.0;0.0;0.0;0.0;0.0;0.0;0.0;0.0;0.0;0.0;0.0;0.0;0.0;0.0;0.0
Subject_137_S_6693;0.0;0.0;0.0;0.0;0.0;0.0;0.0;0.0;0.0;0.0;0.0;0.0;0.0;0.0;0.0;0.0;0.0;0.0;0.0;0.0;0.0;0.0;0.0;0.0;0.0;0.0;0.0;0.0;0.0;0.0;0.0;0.0;0.0;0.0;0.0;0.0;0.0;0.0;0.0;0.0;0.0;0.0;0.0;0.0;0.0;0.0;1.7939698492462313;4.115577889447238;6.145728643216081;6.91959798994975;8.386934673366838;9.467336683417088;10.241206030150757;11.0;11.0;9.311557788944711;7.663316582914575;6.8894472361809065;6.115577889447238;6.0;5.1356783919598;4.0;4.0;3.2462311557788937;3.0;3.301507537688444;3.9246231155778872;3.1507537688442184;3.6231155778894504;3.603015075376881;3.170854271356788;3.944723618090457;3.2814070351758744;3.4924623115577873;3.733668341708544;3.040201005025125;3.8140703517587937;3.4120603015075375;3.0;3.1356783919598;3.909547738693469;4.0;3.5427135678391934;3.0;3.005025125628137;3.778894472361813;4.0;3.6733668341708494;3.0;3.0;3.0;3.0;3.0;3.0;3.0;3.0;3.0;3.0;3.0;3.0;3.0;2.8391959798995003;2.0653266331658244;2.7085427135678373;3.0;3.0;3.0;3.0;3.0;2.64824120603015;2.125628140703526;2.8994974874371877;3.0;2.5527638190954747;2.221105527638187;2.994974874371863;3.0;3.5427135678392006;4.316582914572862;5.180904522613076;6.7286432160804;7.638190954773876;9.236180904522612;11.185929648241213;11.959798994974875;12.0;12.0;12.0;11.8894472361809;10.341708542713576;8.793969849246224;6.4924623115578015;3.5477386934673234;1.2261306532663383;0.30150753768843686;0.0;0.0;0.0;0.0;0.0;0.0;0.0;0.0;0.0;0.0;0.0;0.0;0.0;0.0;0.0;0.0;0.0;0.0;0.0;0.0;0.0;0.0;0.0;0.0;0.0;0.0;0.0;0.0;0.0;0.0;0.0;0.0;0.0;0.0;0.0;0.0;0.0;0.0;0.0;0.0;0.0;0.0;0.0;0.0;0.0;0.0;0.0;0.0;0.0;0.0;0.0;0.0;0.0;0.0;0.0;0.0;0.0;0.0;0.0;0.0;0.0;0.0;0.0;0.0;0.0
Subject_032_S_6717;0.0;0.0;0.0;0.0;0.0;0.0;0.0;0.0;0.0;0.0;0.0;0.0;0.0;0.0;0.0;0.0;0.0;0.0;0.0;0.0;0.0;0.0;0.0;0.0;0.0;0.0;0.0;0.0;0.0;0.0;0.0;0.0;0.0;0.0;0.0;0.0;0.0;0.0;0.0;0.0;0.0;0.0;0.0;0.0;0.0;0.0;0.0;0.0;0.0;0.0;0.0;0.0;0.9145728643215989;2.64824120603015;4.92462311557788;7.20100502512561;8.492462311557787;9.502512562814061;11.010050251256281;11.768844221105525;10.417085427135696;8.427135678391963;6.954773869346738;6.1959798994974875;6.0;5.678391959799001;4.91959798994975;4.160804020100507;2.8040201005025125;2.356783919597987;3.0;3.0;3.0;3.0;3.1507537688442184;3.909547738693462;4.0;3.5728643216080442;3.0;3.0;3.0;3.0;3.0;3.0;3.0;3.0;3.0;3.0;3.0;3.0;3.0;3.0;3.0;3.0;2.6733668341708636;2.085427135678387;2.8442211055276374;3.0;3.0;3.0;3.0;3.0;3.0;3.0;3.0;3.0;2.5678391959799;2.0;2.0;2.7085427135678373;3.0;3.0;3.0;3.0;2.4974874371859386;2.261306532663312;3.0;3.0;3.5376884422110493;4.2964824120603;5.055276381909536;5.814070351758787;7.718592964824111;11.984924623115589;18.090452261306524;18.849246231155774;18.391959798994975;17.63316582914574;16.623115577889465;14.346733668341713;12.713567839196003;10.793969849246253;8.356783919598001;5.321608040201056;1.6080402010050676;0.0;0.0;0.0;0.0;0.0;0.0;0.0;0.0;0.0;0.0;0.0;0.0;0.0;0.0;0.0;0.0;0.0;0.0;0.0;0.0;0.0;0.0;0.0;0.0;0.0;0.0;0.0;0.0;0.0;0.0;0.0;0.0;0.0;0.0;0.0;0.0;0.0;0.0;0.0;0.0;0.0;0.0;0.0;0.0;0.0;0.0;0.0;0.0;0.0;0.0;0.0;0.0;0.0;0.0;0.0;0.0;0.0;0.0;0.0;0.0;0.0;0.0;0.0;0.0;0.0
Subject_032_S_6855;0.0;0.0;0.0;0.0;0.0;0.0;0.0;0.0;0.0;0.0;0.0;0.0;0.0;0.0;0.0;0.0;0.0;0.0;0.0;0.0;0.0;0.0;0.0;0.0;0.0;0.0;0.0;0.0;0.0;0.0;0.0;0.0;0.0;0.0;0.0;0.0;0.0;0.0;0.0;0.0;0.0;0.0;0.0;0.0;0.0;0.0;0.0;0.0;1.9698492462311492;4.633165829145739;6.788944723618094;8.2964824120603;9.366834170854268;10.085427135678394;10.804020100502512;8.909547738693476;6.517587939698487;5.08040201005025;5.0;4.206030150753762;3.0;3.0;2.4472361809045253;2.2713567839196003;2.9899497487437188;3.0;3.0;3.0;3.0;3.0;3.0;3.0;3.0;3.0;3.0;3.0;2.386934673366831;2.3316582914572876;3.0;3.0;3.4874371859296502;3.7939698492462313;3.0753768844221128;3.0;3.0;3.0;3.0;3.0;3.0;3.0;3.0;3.0;3.0;3.0;3.0;3.0;3.0;3.0;3.0;3.0;3.0;3.0;3.0;2.9849246231155746;2.266331658291463;2.4522613065326624;3.0;3.0;2.391959798994975;2.3266331658291506;3.0;3.0;3.0;3.0;3.0;3.0;3.356783919597987;4.075376884422113;4.793969849246238;5.0;5.231155778894475;5.949748743718587;6.0;7.547738693467352;10.422110552763797;13.2964824120603;14.5427135678392;14.738693467336688;14.020100502512562;13.301507537688437;12.582914572864325;11.8643216080402;11.145728643216074;9.281407035175889;7.4170854271356745;5.949748743718558;2.3567839195980014;0.5527638190954747;0.0;0.0;0.0;0.0;0.0;0.0;0.0;0.0;0.0;0.0;0.0;0.0;0.0;0.0;0.0;0.0;0.0;0.0;0.0;0.0;0.0;0.0;0.0;0.0;0.0;0.0;0.0;0.0;0.0;0.0;0.0;0.0;0.0;0.0;0.0;0.0;0.0;0.0;0.0;0.0;0.0;0.0;0.0;0.0;0.0;0.0;0.0;0.0;0.0;0.0;0.0;0.0;0.0;0.0;0.0;0.0;0.0;0.0;0.0;0.0;0.0;0.0
Subject_011_S_4827;0.0;0.0;0.0;0.0;0.0;0.0;0.0;0.0;0.0;0.0;0.0;0.0;0.0;0.0;0.0;0.0;0.0;0.0;0.0;0.0;0.0;0.0;0.0;0.0;0.0;0.0;0.0;0.0;0.0;0.0;0.0;0.0;0.0;0.0;0.0;0.0;0.0;0.0;0.0;0.0;0.0;0.0;0.0;0.0;0.0;0.0;0.0;0.0;0.0;0.0;0.0;0.0;0.0;0.859296482412077;2.9698492462311563;3.693467336683419;5.1909547738693576;7.100502512562819;7.8040201005025125;8.507537688442213;9.211055276381913;9.914572864321613;9.381909547738694;8.356783919597987;6.974874371859293;6.271356783919593;6.0;5.8643216080402;5.1608040201005;4.4572864321607994;3.5075376884421985;2.1005025125628123;2.0;2.3567839195979943;3.0;3.0;2.532663316582912;2.0;2.0;2.5778894472361813;3.0;3.0;3.0;3.0;3.0;3.0;3.0;3.206030150753776;3.909547738693469;4.0;4.0;4.0;4.0;3.572864321608037;3.0;3.0;3.0;2.7587939698492363;2.055276381909536;2.0;2.35175879396985;2.9447236180904497;2.2412060301507495;2.0;2.0;2.0;2.0;2.0;2.0;2.6834170854271377;2.613065326633162;2.090452261306538;2.7939698492462384;3.0;3.201005025125639;3.904522613065339;3.391959798994975;3.6231155778894504;5.0;5.0;6.688442211055303;9.125628140703526;9.829145728643226;10.0;10.0;10.0;9.356783919597987;8.653266331658287;7.949748743718587;7.2462311557788865;6.085427135678373;4.195979899497431;0.6783919597989296;0.0;0.0;0.0;0.0;0.0;0.0;0.0;0.0;0.0;0.0;0.0;0.0;0.0;0.0;0.0;0.0;0.0;0.0;0.0;0.0;0.0;0.0;0.0;0.0;0.0;0.0;0.0;0.0;0.0;0.0;0.0;0.0;0.0;0.0;0.0;0.0;0.0;0.0;0.0;0.0;0.0;0.0;0.0;0.0;0.0;0.0;0.0;0.0;0.0;0.0;0.0;0.0;0.0;0.0;0.0;0.0;0.0;0.0;0.0;0.0;0.0;0.0;0.0;0.0;0.0;0.0;0.0
Subject_032_S_0677;0.0;0.0;0.0;0.0;0.0;0.0;0.0;0.0;0.0;0.0;0.0;0.0;0.0;0.0;0.0;0.0;0.0;0.0;0.0;0.0;0.0;0.0;0.0;0.0;0.0;0.0;0.0;0.0;0.0;0.0;0.0;0.0;0.0;0.0;0.0;0.0;0.0;0.0;0.0;0.0;0.0;0.0;0.0;0.0;0.0;0.44221105527637405;3.2964824120603;6.1507537688442255;8.502512562814076;9.929648241206024;10.678391959798994;11.78391959798995;13.105527638190956;13.81909547738693;12.402010050251263;10.507537688442213;9.08040201005025;7.653266331658287;6.613065326633169;5.899497487437188;5.185929648241206;5.527638190954775;5.2763819095477515;3.1356783919598072;3.0;3.381909547738694;3.9045226130653248;3.1909547738693504;3.522613065326631;3.7638190954773876;3.050251256281406;3.663316582914568;4.0;3.909547738693469;3.1959798994974875;3.517587939698494;4.0;4.0;4.0;4.0;3.914572864321613;3.2010050251256317;3.0;3.226130653266331;3.9396984924623126;4.0;4.0;4.0;4.0;3.4924623115577873;3.0;3.0;3.0;3.0;3.0;3.0;3.0;3.0;3.0;3.0;3.0;3.0;3.0;2.5025125628140756;2.211055276381913;2.9246231155778872;2.3618090452261384;2.35175879396985;3.0653266331658244;3.778894472361813;4.0;4.0;4.0;5.266331658291449;7.386934673366852;10.060301507537687;10.773869346733662;11.0;11.201005025125625;11.914572864321599;11.371859296482413;11.0;10.94472361809045;10.231155778894475;9.517587939698501;8.608040201005025;7.180904522613076;2.6381909547738474;0.0;0.0;0.0;0.0;0.0;0.0;0.0;0.0;0.0;0.0;0.0;0.0;0.0;0.0;0.0;0.0;0.0;0.0;0.0;0.0;0.0;0.0;0.0;0.0;0.0;0.0;0.0;0.0;0.0;0.0;0.0;0.0;0.0;0.0;0.0;0.0;0.0;0.0;0.0;0.0;0.0;0.0;0.0;0.0;0.0;0.0;0.0;0.0;0.0;0.0;0.0;0.0;0.0;0.0;0.0;0.0;0.0;0.0;0.0;0.0;0.0;0.0;0.0;0.0;0.0;0.0;0.0;0.0;0.0;0.0;0.0;0.0
Subject_003_S_4644;0.0;0.0;0.0;0.0;0.0;0.0;0.0;0.0;0.0;0.0;0.0;0.0;0.0;0.0;0.0;0.0;0.0;0.0;0.0;0.0;0.0;0.0;0.0;0.0;0.0;0.0;0.0;0.0;0.0;0.0;0.0;0.0;0.0;0.0;0.0;0.0;0.0;0.0;0.0;0.0;0.0;0.0;0.0;0.0;0.0;0.0;0.0;0.17587939698492505;0.8391959798994968;3.5125628140703427;6.331658291457288;7.658291457286424;8.492462311557787;9.155778894472363;9.81909547738693;10.964824120603012;12.0;12.0;11.05527638190955;10.0;10.0;8.61306532663317;7.0;7.0;5.643216080402013;4.0;4.0;3.557788944723619;3.1055276381909565;3.7688442211055246;3.5678391959799;3.0954773869346752;3.7587939698492434;3.5778894472361813;3.0;3.0;3.0;3.0753768844221128;3.738693467336681;4.0;4.0;4.0;4.0;3.944723618090457;3.2814070351758815;3.381909547738694;3.954773869346738;3.2914572864321627;3.0;3.0351758793969807;3.698492462311556;3.6381909547738687;3.0;3.0;3.0;3.0;3.0;3.0;3.0;3.0;3.0;3.0;3.0;3.3216080402009993;3.9849246231155746;3.35175879396985;3.0;3.0;3.0;3.301507537688437;3.964824120603012;4.0;4.291457286432163;4.954773869346738;5.618090452261299;6.281407035175874;6.94472361809045;7.0;8.356783919598001;11.673366834170878;12.597989949748737;13.0;13.0;13.587939698492463;13.748743718592962;13.085427135678387;11.844221105527652;11.0;11.0;9.8643216080402;7.844221105527623;4.527638190954818;1.768844221105553;0.0;0.0;0.0;0.0;0.0;0.0;0.0;0.0;0.0;0.0;0.0;0.0;0.0;0.0;0.0;0.0;0.0;0.0;0.0;0.0;0.0;0.0;0.0;0.0;0.0;0.0;0.0;0.0;0.0;0.0;0.0;0.0;0.0;0.0;0.0;0.0;0.0;0.0;0.0;0.0;0.0;0.0;0.0;0.0;0.0;0.0;0.0;0.0;0.0;0.0;0.0;0.0;0.0;0.0;0.0;0.0;0.0;0.0;0.0;0.0;0.0;0.0;0.0;0.0;0.0;0.0;0.0
Subject_002_S_0413;0.0;0.0;0.0;0.0;0.0;0.0;0.0;0.0;0.0;0.0;0.0;0.0;0.0;0.0;0.0;0.0;0.0;0.0;0.0;0.0;0.0;0.0;0.0;0.0;0.0;0.0;0.0;0.0;0.0;0.0;0.0;0.0;0.0;0.0;0.0;0.0;0.0;0.0;0.0;0.0;0.0;0.0;0.0;0.0;0.0;0.0;1.085427135678394;3.261306532663326;6.075376884422127;7.472361809045232;8.35175879396985;9.75879396984925;10.582914572864325;11.286432160804026;11.989949748743719;9.919597989949743;8.206030150753762;6.899497487437181;6.1959798994974875;6.507537688442213;6.366834170854261;4.256281407035161;3.381909547738694;3.0;3.0251256281407066;3.728643216080407;3.567839195979893;3.1356783919598;3.8391959798995003;4.0;4.0;4.0;3.346733668341706;3.3567839195979943;3.9396984924623055;3.2361809045226124;3.0;3.170854271356788;3.874371859296488;4.0;4.0;4.0;3.311557788944718;3.391959798994982;4.0;4.0;4.0;4.0;4.0;4.0;3.6834170854271306;3.0;3.0;3.427135678391963;3.869346733668337;3.1658291457286367;3.0;2.7587939698492363;2.055276381909536;2.0;2.35175879396985;3.0;3.0;2.5376884422110493;2.165829145728651;2.869346733668351;3.0;3.2763819095477373;3.9798994974874375;4.683417085427138;5.0;5.180904522613076;6.587939698492477;9.984924623115631;12.798994974874361;12.095477386934661;12.0;11.688442211055275;10.984924623115575;10.281407035175874;9.577889447236174;8.748743718592948;7.341708542713548;5.402010050251221;3.0552763819095503;0.24120603015074948;0.0;0.0;0.0;0.0;0.0;0.0;0.0;0.0;0.0;0.0;0.0;0.0;0.0;0.0;0.0;0.0;0.0;0.0;0.0;0.0;0.0;0.0;0.0;0.0;0.0;0.0;0.0;0.0;0.0;0.0;0.0;0.0;0.0;0.0;0.0;0.0;0.0;0.0;0.0;0.0;0.0;0.0;0.0;0.0;0.0;0.0;0.0;0.0;0.0;0.0;0.0;0.0;0.0;0.0;0.0;0.0;0.0;0.0;0.0;0.0;0.0;0.0;0.0;0.0;0.0;0.0;0.0;0.0;0.0;0.0;0.0;0.0;0.0;0.0
Subject_002_S_1155;0.0;0.0;0.0;0.0;0.0;0.0;0.0;0.0;0.0;0.0;0.0;0.0;0.0;0.0;0.0;0.0;0.0;0.0;0.0;0.0;0.0;0.0;0.0;0.0;0.0;0.0;0.0;0.0;0.0;0.0;0.0;0.0;0.0;0.0;0.0;0.0;0.0;0.0;0.0;0.0;0.0;0.0;0.0;0.0;0.0;0.0;0.0;1.0703517587939615;3.180904522613048;5.934673366834176;8.266331658291456;10.110552763819094;10.798994974874368;11.9748743718593;12.472361809045225;10.4070351758794;8.89447236180905;7.517587939698501;6.140703517587937;6.0;6.0;6.0;4.6331658291457245;3.6281407035175874;3.0;3.0;3.0;3.0;3.0;3.0;3.0;3.0;3.0;3.256281407035175;3.9447236180904497;3.3668341708542755;3.3216080402010064;3.9899497487437188;3.301507537688444;3.0;3.0;3.0;3.0;3.140703517587937;3.829145728643212;3.482412060301506;3.0;3.0;3.0;3.0;3.0;3.0;3.0;3.0;3.0;3.0;3.0;3.0;3.0;3.1557788944723626;3.8442211055276374;3.467336683417088;3.0;3.0;3.5979899497487366;3.7135678391959885;3.0251256281406995;3.6633165829145753;4.0;4.0;4.0;4.0;4.105527638190949;4.793969849246224;5.0;5.512562814070364;7.577889447236188;9.643216080402013;11.0;11.0;11.0;10.698492462311563;10.010050251256288;8.643216080402027;7.6331658291457245;6.94472361809045;6.256281407035175;5.1356783919598;3.7587939698492505;2.381909547738701;1.0050251256281513;0.0;0.0;0.0;0.0;0.0;0.0;0.0;0.0;0.0;0.0;0.0;0.0;0.0;0.0;0.0;0.0;0.0;0.0;0.0;0.0;0.0;0.0;0.0;0.0;0.0;0.0;0.0;0.0;0.0;0.0;0.0;0.0;0.0;0.0;0.0;0.0;0.0;0.0;0.0;0.0;0.0;0.0;0.0;0.0;0.0;0.0;0.0;0.0;0.0;0.0;0.0;0.0;0.0;0.0;0.0;0.0;0.0;0.0;0.0;0.0;0.0;0.0;0.0;0.0;0.0;0.0;0.0;0.0;0.0
Subject_033_S_7066;0.0;0.0;0.0;0.0;0.0;0.0;0.0;0.0;0.0;0.0;0.0;0.0;0.0;0.0;0.0;0.0;0.0;0.0;0.0;0.0;0.0;0.0;0.0;0.0;0.0;0.0;0.0;0.0;0.0;0.0;0.0;0.0;0.0;0.0;0.0;0.0;0.0;0.0;0.0;0.0;0.0;0.0;0.0;0.0;0.0;0.0;0.0;1.296482412060307;3.2864321608040257;5.979899497487452;8.67336683417085;10.341708542713569;10.939698492462298;8.2462311557789;6.276381909547737;4.964824120603012;4.291457286432163;3.618090452261306;3.0;3.0;2.5979899497487438;1.9246231155778872;1.2512562814070307;1.4221105527638187;2.0954773869346752;2.7688442211055317;2.557788944723619;2.0;2.0;2.4623115577889436;3.0;3.0;3.0;2.8442211055276374;2.170854271356781;2.0;2.0;2.0;2.522613065326638;3.0;3.0;2.4572864321607994;2.0;2.0;2.0;2.0;2.0;2.0;2.0;2.0;2.0;2.0;2.0;2.0;1.703517587939693;1.0301507537688437;1.0;1.0;1.0;1.6633165829145753;2.0;1.9899497487437117;1.3165829145728623;1.0;1.0301507537688508;1.7035175879397002;2.0;2.0;2.0;2.0;2.0703517587939757;2.743718592964825;3.4170854271356745;4.0;4.0;4.437185929648251;5.4422110552764025;8.1356783919598;10.829145728643255;13.0;13.0;12.522613065326624;12.0;12.0;11.005025125628123;9.829145728643212;9.155778894472363;7.447236180904497;4.854271356783897;0.8140703517588008;0.0;0.0;0.0;0.0;0.0;0.0;0.0;0.0;0.0;0.0;0.0;0.0;0.0;0.0;0.0;0.0;0.0;0.0;0.0;0.0;0.0;0.0;0.0;0.0;0.0;0.0;0.0;0.0;0.0;0.0;0.0;0.0;0.0;0.0;0.0;0.0;0.0;0.0;0.0;0.0;0.0;0.0;0.0;0.0;0.0;0.0;0.0;0.0;0.0;0.0;0.0;0.0;0.0;0.0;0.0;0.0;0.0;0.0;0.0;0.0;0.0;0.0;0.0;0.0;0.0;0.0;0.0;0.0;0.0;0.0
Subject_033_S_10328;0.0;0.0;0.0;0.0;0.0;0.0;0.0;0.0;0.0;0.0;0.0;0.0;0.0;0.0;0.0;0.0;0.0;0.0;0.0;0.0;0.0;0.0;0.0;0.0;0.0;0.0;0.0;0.0;0.0;0.0;0.0;0.0;0.0;0.0;0.0;0.0;0.0;0.0;0.0;0.0;0.0;0.0;0.0;0.0;0.0;0.0;0.0;0.13065326633166308;1.5376884422110635;4.36180904522616;7.35175879396985;8.75879396984925;10.748743718592976;12.572864321608051;13.979899497487438;11.226130653266324;9.206030150753762;7.798994974874361;6.391959798994975;6.0;5.788944723618087;5.085427135678387;4.381909547738694;3.6783919597989936;3.0;3.0;3.0;3.0;3.0;3.0;3.0;3.0;2.346733668341706;2.3567839195979943;3.0;3.0;2.532663316582912;2.170854271356788;2.874371859296488;3.0;3.0;3.0;2.311557788944718;2.391959798994982;2.9045226130653248;2.2010050251256246;2.0;2.0;2.0;2.613065326633169;3.0;2.9798994974874375;2.2763819095477373;2.0;2.0;2.0;2.0;2.0;2.0;2.64824120603015;2.64824120603015;2.0;2.0;2.0;2.0;2.0;2.0;2.0;2.0;2.0;2.0;2.0;2.0;2.0;2.201005025125639;2.904522613065339;3.0;3.0;3.0150753768844254;3.7185929648241256;4.422110552763826;5.0;5.0;5.0;5.236180904522612;5.939698492462313;9.216080402010064;12.04020100502514;14.0;14.0;13.542713567839186;12.678391959798972;11.271356783919572;9.8643216080402;8.7286432160804;8.0251256281407;6.643216080401999;4.0904522613064955;0.9145728643215989;0.2110552763818987;0.0;0.0;0.0;0.0;0.0;0.0;0.0;0.0;0.0;0.0;0.0;0.0;0.0;0.0;0.0;0.0;0.0;0.0;0.0;0.0;0.0;0.0;0.0;0.0;0.0;0.0;0.0;0.0;0.0;0.0;0.0;0.0;0.0;0.0;0.0;0.0;0.0;0.0;0.0;0.0;0.0;0.0;0.0;0.0;0.0;0.0;0.0;0.0;0.0;0.0;0.0;0.0;0.0;0.0;0.0;0.0;0.0;0.0;0.0;0.0
Subject_033_S_10144;0.0;0.0;0.0;0.0;0.0;0.0;0.0;0.0;0.0;0.0;0.0;0.0;0.0;0.0;0.0;0.0;0.0;0.0;0.0;0.0;0.0;0.0;0.0;0.0;0.0;0.0;0.0;0.0;0.0;0.0;0.0;0.0;0.0;0.0;0.0;0.0;0.0;0.0;0.0;0.0;0.0;0.0;0.0;0.0;0.0;0.0;0.0;1.4271356783919487;4.045226130653262;4.733668341708544;5.844221105527637;7.1105527638190935;7.798994974874368;8.9748743718593;9.2964824120603;6.5427135678392006;4.894472361809051;4.2412060301507495;4.929648241206031;4.381909547738694;3.693467336683419;3.005025125628144;2.3165829145728623;2.3718592964824126;2.9396984924623126;2.251256281407038;2.437185929648237;2.874371859296481;2.1859296482412063;2.5025125628140685;3.0;3.0;2.4321608040201;2.256281407035175;2.9447236180904497;3.0;2.6783919597989936;2.0;2.0;2.386934673366831;3.0;3.0;3.0;3.0;3.0;3.0;3.0;3.0;3.0;3.0;3.0;3.0;3.0;3.0;3.0;3.0;2.909547738693476;2.221105527638187;2.0;2.0;2.0;2.0;2.0;2.0;2.0;2.0;2.0;2.6633165829145753;3.35175879396985;4.0;4.0;4.4170854271356745;5.0;5.0;5.482412060301499;6.170854271356788;6.859296482412063;8.095477386934675;9.0;9.0;9.613065326633162;9.698492462311563;9.010050251256288;7.643216080402027;5.8994974874371735;3.8894472361808994;2.5125628140703498;1.1356783919598001;0.0;0.0;0.0;0.0;0.0;0.0;0.0;0.0;0.0;0.0;0.0;0.0;0.0;0.0;0.0;0.0;0.0;0.0;0.0;0.0;0.0;0.0;0.0;0.0;0.0;0.0;0.0;0.0;0.0;0.0;0.0;0.0;0.0;0.0;0.0;0.0;0.0;0.0;0.0;0.0;0.0;0.0;0.0;0.0;0.0;0.0;0.0;0.0;0.0;0.0;0.0;0.0;0.0;0.0;0.0;0.0;0.0;0.0;0.0;0.0;0.0;0.0;0.0;0.0;0.0;0.0;0.0;0.0;0.0;0.0;0.0;0.0
Subject_032_S_6804;0.0;0.0;0.0;0.0;0.0;0.0;0.0;0.0;0.0;0.0;0.0;0.0;0.0;0.0;0.0;0.0;0.0;0.0;0.0;0.0;0.0;0.0;0.0;0.0;0.0;0.0;0.0;0.0;0.0;0.0;0.0;0.0;0.0;0.0;0.0;0.0;0.0;0.0;0.0;0.0;0.0;0.0;0.0;0.0;0.0;0.0;0.0;0.0;0.0;0.0;0.5125628140703427;2.562814070351756;5.1507537688442255;7.442211055276374;8.80904522613065;9.587939698492463;10.271356783919593;10.954773869346731;12.276381909547737;13.0;12.994974874371863;12.311557788944725;10.884422110552762;8.723618090452284;5.306532663316595;4.0;4.0;4.0;4.0;4.0;4.0;3.477386934673369;2.7939698492462313;2.1105527638191006;2.0;2.256281407035175;2.9396984924623055;3.0;3.0;3.0;3.0;3.0;3.040201005025125;3.7236180904522556;3.5929648241206067;3.0;3.0;3.0;3.0;3.0;3.5075376884422056;3.8090452261306567;3.125628140703519;2.4422110552763883;2.0;2.0;2.0;2.0;2.0;2.0;2.0;2.0;2.0;1.608040201005025;1.0;1.0;1.442211055276374;2.0;2.0;2.0;2.0;2.0;2.0;2.226130653266324;2.909547738693462;3.0;3.0;3.0;3.0;3.3266331658291364;4.010050251256274;4.693467336683412;5.37688442211055;6.060301507537687;6.743718592964825;9.135678391959743;12.0;12.0;12.477386934673362;12.8391959798995;12.155778894472363;11.472361809045225;10.577889447236203;9.211055276381927;7.266331658291477;5.216080402010064;3.165829145728651;1.1155778894472377;0.0;0.0;0.0;0.0;0.0;0.0;0.0;0.0;0.0;0.0;0.0;0.0;0.0;0.0;0.0;0.0;0.0;0.0;0.0;0.0;0.0;0.0;0.0;0.0;0.0;0.0;0.0;0.0;0.0;0.0;0.0;0.0;0.0;0.0;0.0;0.0;0.0;0.0;0.0;0.0;0.0;0.0;0.0;0.0;0.0;0.0;0.0;0.0;0.0;0.0;0.0;0.0;0.0;0.0;0.0;0.0;0.0;0.0;0.0;0.0;0.0;0.0
Subject_016_S_7014;0.0;0.0;0.0;0.0;0.0;0.0;0.0;0.0;0.0;0.0;0.0;0.0;0.0;0.0;0.0;0.0;0.0;0.0;0.0;0.0;0.0;0.0;0.0;0.0;0.0;0.0;0.0;0.0;0.0;0.0;0.0;0.0;0.0;0.0;0.0;0.0;0.0;0.0;0.0;0.0;0.0;0.0;0.0;0.0;0.0;0.0;0.0;0.0;0.0;0.0;3.3668341708542826;6.467336683417074;9.120603015075375;10.507537688442213;11.0;10.437185929648251;7.663316582914575;7.0;6.557788944723612;5.170854271356788;4.391959798994975;3.698492462311556;3.005025125628137;3.0;3.0;3.0;3.0;2.5376884422110564;2.0;2.0;2.5427135678391934;3.0;3.0;2.3768844221105496;2.3165829145728623;3.0;3.0;3.0;3.0;3.0;3.0;3.0;3.0;3.0;3.0;3.0;3.0;3.0;3.0;3.0;3.0;3.0;3.0;2.5075376884422127;2.0;2.0;2.0;2.0;2.0;2.0;2.0;2.0;2.0;2.0;2.0;2.0;1.4924623115577873;1.2010050251256246;1.8944723618090507;2.0;2.0;2.0;2.0;2.3618090452261242;3.0;3.0;4.326633165829165;6.4070351758794;8.487437185929636;12.135678391959829;14.5678391959799;13.180904522613076;12.396984924623112;11.7035175879397;11.010050251256274;8.949748743718587;4.984924623115603;0.0;0.0;0.0;0.0;0.0;0.0;0.0;0.0;0.0;0.0;0.0;0.0;0.0;0.0;0.0;0.0;0.0;0.0;0.0;0.0;0.0;0.0;0.0;0.0;0.0;0.0;0.0;0.0;0.0;0.0;0.0;0.0;0.0;0.0;0.0;0.0;0.0;0.0;0.0;0.0;0.0;0.0;0.0;0.0;0.0;0.0;0.0;0.0;0.0;0.0;0.0;0.0;0.0;0.0;0.0;0.0;0.0;0.0;0.0;0.0;0.0;0.0;0.0;0.0;0.0;0.0;0.0;0.0;0.0;0.0;0.0;0.0;0.0
Subject_168_S_6049;0.0;0.0;0.0;0.0;0.0;0.0;0.0;0.0;0.0;0.0;0.0;0.0;0.0;0.0;0.0;0.0;0.0;0.0;0.0;0.0;0.0;0.0;0.0;0.0;0.0;0.0;0.0;0.0;0.0;0.0;0.0;0.0;0.0;0.0;0.0;0.0;0.0;0.0;0.0;0.0;0.0;0.0;0.0;0.0;0.0;0.0;0.33165829145730186;4.643216080402013;6.984924623115575;8.211055276381913;8.929648241206031;10.2964824120603;11.733668341708537;13.085427135678394;13.804020100502512;14.522613065326631;15.0;15.0;12.286432160804026;9.809045226130642;8.115577889447238;8.834170854271356;7.341708542713576;5.7286432160804;5.010050251256281;3.5829145728643255;3.427135678391963;4.0;4.0;4.0;4.0;3.9798994974874375;3.261306532663319;3.0;3.0;3.0;3.0;3.0;3.0;3.0;3.0;3.0;3.0;3.643216080402013;3.6381909547738687;3.0;3.0;3.0;3.0;3.0;3.0;3.0;3.0;3.0;3.0;3.0;3.0;3.0;3.0;2.859296482412063;2.140703517587937;2.0;2.0;2.0150753768844254;2.733668341708537;3.0;3.0;3.0;3.0;3.3266331658291506;4.045226130653262;4.763819095477388;5.482412060301513;7.005025125628123;10.59798994974875;11.0;11.356783919597987;11.924623115577887;11.206030150753762;11.0;10.768844221105525;10.050251256281413;9.331658291457288;8.226130653266324;6.683417085427152;4.527638190954775;1.8291457286431978;0.0;0.0;0.0;0.0;0.0;0.0;0.0;0.0;0.0;0.0;0.0;0.0;0.0;0.0;0.0;0.0;0.0;0.0;0.0;0.0;0.0;0.0;0.0;0.0;0.0;0.0;0.0;0.0;0.0;0.0;0.0;0.0;0.0;0.0;0.0;0.0;0.0;0.0;0.0;0.0;0.0;0.0;0.0;0.0;0.0;0.0;0.0;0.0;0.0;0.0;0.0;0.0;0.0;0.0;0.0;0.0;0.0;0.0;0.0;0.0;0.0;0.0;0.0;0.0;0.0;0.0;0.0;0.0;0.0;0.0;0.0;0.0;0.0
Subject_032_S_6211;0.0;0.0;0.0;0.0;0.0;0.0;0.0;0.0;0.0;0.0;0.0;0.0;0.0;0.0;0.0;0.0;0.0;0.0;0.0;0.0;0.0;0.0;0.0;0.0;0.0;0.0;0.0;0.0;0.0;0.0;0.0;0.0;0.0;0.0;0.0;0.0;0.0;0.0;0.0;0.0;0.0;0.0;0.0;0.0;0.0;0.0;0.0;0.0;0.0;0.0;0.0;0.7437185929648251;3.7386934673367023;6.050251256281413;7.0;7.180904522613069;7.929648241206031;8.678391959798994;9.427135678391963;10.175879396984925;10.924623115577887;10.326633165829143;9.155778894472363;7.829145728643212;7.08040201005025;5.663316582914575;5.0;4.668341708542712;3.170854271356774;3.0;3.0;3.0;3.0;3.0;3.0;3.1557788944723626;3.9045226130653248;3.346733668341706;3.0;3.0;3.0;3.0;3.0;3.0;3.0;3.0;3.391959798994975;3.859296482412063;3.1105527638191006;3.0;3.0;3.0;3.0;3.6331658291457245;4.0;3.869346733668337;3.1206030150753747;3.6281407035175874;3.6231155778894504;3.0;3.0;3.0;3.0;3.0;3.0;3.0;3.0;3.0;3.0;2.386934673366838;2.0;2.1105527638191006;2.859296482412063;3.0;3.7135678391959743;5.105527638190964;5.854271356783926;7.206030150753776;9.75879396984925;13.100502512562812;13.849246231155774;14.0;14.0;14.0;14.0;12.8140703517588;11.316582914572848;9.366834170854233;4.125628140703498;1.2361809045226124;0.0;0.0;0.0;0.0;0.0;0.0;0.0;0.0;0.0;0.0;0.0;0.0;0.0;0.0;0.0;0.0;0.0;0.0;0.0;0.0;0.0;0.0;0.0;0.0;0.0;0.0;0.0;0.0;0.0;0.0;0.0;0.0;0.0;0.0;0.0;0.0;0.0;0.0;0.0;0.0;0.0;0.0;0.0;0.0;0.0;0.0;0.0;0.0;0.0;0.0;0.0;0.0;0.0;0.0;0.0;0.0;0.0;0.0;0.0;0.0;0.0;0.0;0.0;0.0;0.0;0.0;0.0;0.0;0.0;0.0
Subject_041_S_6786;0.0;0.0;0.0;0.0;0.0;0.0;0.0;0.0;0.0;0.0;0.0;0.0;0.0;0.0;0.0;0.0;0.0;0.0;0.0;0.0;0.0;0.0;0.0;0.0;0.0;0.0;0.0;0.0;0.0;0.0;0.0;0.0;0.0;0.0;0.0;0.0;0.0;0.0;0.0;0.0;0.0;0.0;0.0;0.0;0.0;0.0;0.0;2.0603015075376874;5.1608040201005;6.497487437185924;7.834170854271363;9.085427135678394;9.753768844221106;10.422110552763819;11.0;11.0;11.427135678391963;11.522613065326624;8.180904522613062;6.1356783919598;4.899497487437188;4.231155778894475;3.562814070351756;3.0;3.0;3.0;3.0;3.0;3.0;3.0;3.0;2.5477386934673376;2.1206030150753747;2.788944723618094;3.0;3.0;3.0;3.0;3.0;3.0;3.0;3.0;3.0;2.527638190954775;2.140703517587937;2.8090452261306567;3.0;3.0;3.0;3.0;3.1507537688442184;3.819095477386938;4.0;3.8442211055276374;3.175879396984925;3.0;3.0;3.0;3.0;3.0;3.0;3.0;3.0;3.0;2.4924623115577873;2.175879396984925;2.8442211055276374;2.4874371859296502;2.0;2.0;2.0;2.0;2.0;2.0;2.0;2.0;2.527638190954775;3.0;3.0;3.532663316582912;4.0;4.0;4.537688442211049;5.206030150753776;5.874371859296488;8.713567839196003;11.211055276381913;11.879396984924625;12.547738693467338;13.21608040201005;13.884422110552762;13.447236180904525;12.557788944723626;11.221105527638201;11.0;10.547738693467323;9.211055276381899;7.311557788944711;4.613065326633148;0.6030150753768737;0.0;0.0;0.0;0.0;0.0;0.0;0.0;0.0;0.0;0.0;0.0;0.0;0.0;0.0;0.0;0.0;0.0;0.0;0.0;0.0;0.0;0.0;0.0;0.0;0.0;0.0;0.0;0.0;0.0;0.0;0.0;0.0;0.0;0.0;0.0;0.0;0.0;0.0;0.0;0.0;0.0;0.0;0.0;0.0;0.0;0.0;0.0;0.0;0.0;0.0;0.0;0.0;0.0;0.0;0.0;0.0;0.0;0.0;0.0;0.0
Subject_041_S_4427;0.0;0.0;0.0;0.0;0.0;0.0;0.0;0.0;0.0;0.0;0.0;0.0;0.0;0.0;0.0;0.0;0.0;0.0;0.0;0.0;0.0;0.0;0.0;0.0;0.0;0.0;0.0;0.0;0.0;0.0;0.0;0.0;0.0;0.0;0.0;0.0;0.0;0.0;0.0;0.0;0.0;0.0;0.0;0.0;0.0;0.0;1.7688442211055246;4.572864321608051;6.819095477386938;7.688442211055275;8.874371859296488;10.185929648241206;10.934673366834176;11.683417085427138;12.8643216080402;14.18090452261307;14.929648241206031;12.96482412060302;10.718592964824111;8.64824120603015;7.1507537688442255;7.0;6.577889447236181;5.829145728643212;5.08040201005025;4.331658291457288;4.0;4.0;4.0;4.0;4.0;4.0;4.0;3.341708542713569;3.4070351758794004;4.0;4.0;4.0;4.0;4.0;4.0;3.35175879396985;3.396984924623119;4.0;4.0;4.0;3.608040201005025;3.0;3.0;3.0;3.386934673366838;4.0;4.0;4.0;3.618090452261299;3.0;3.0;3.6281407035175874;3.6231155778894504;3.0;3.0;3.0;3.0;3.0;3.0;3.0;2.6331658291457245;2.0;2.0;2.0;2.3618090452261384;2.8894472361808994;2.140703517587937;2.0;2.356783919597987;3.0;3.0;3.603015075376888;4.0;4.100502512562812;4.8492462311557745;4.402010050251249;4.346733668341713;5.0;5.0;5.5929648241206;8.391959798995032;12.909547738693462;12.1608040201005;11.412060301507537;10.663316582914575;9.914572864321599;9.165829145728637;8.417085427135675;7.668341708542712;6.8391959798995;5.341708542713548;2.110552763819058;0.0;0.0;0.0;0.0;0.0;0.0;0.0;0.0;0.0;0.0;0.0;0.0;0.0;0.0;0.0;0.0;0.0;0.0;0.0;0.0;0.0;0.0;0.0;0.0;0.0;0.0;0.0;0.0;0.0;0.0;0.0;0.0;0.0;0.0;0.0;0.0;0.0;0.0;0.0;0.0;0.0;0.0;0.0;0.0;0.0;0.0;0.0;0.0;0.0;0.0;0.0;0.0;0.0;0.0;0.0;0.0;0.0;0.0;0.0;0.0;0.0;0.0
Subject_032_S_6293;0.0;0.0;0.0;0.0;0.0;0.0;0.0;0.0;0.0;0.0;0.0;0.0;0.0;0.0;0.0;0.0;0.0;0.0;0.0;0.0;0.0;0.0;0.0;0.0;0.0;0.0;0.0;0.0;0.0;0.0;0.0;0.0;0.0;0.0;0.0;0.0;0.0;0.0;0.0;0.0;0.0;0.0;0.0;0.0;0.0;0.8643216080401999;2.7839195979899785;6.974874371859315;9.05527638190955;10.226130653266331;10.924623115577887;11.62311557788945;12.0;12.0;12.0;11.582914572864318;10.53768844221105;7.743718592964825;7.0;6.788944723618087;6.090452261306531;4.78391959798995;3.693467336683412;3.0;3.0;3.0;3.0;3.0;3.4974874371859315;4.0;4.0;4.0;4.0;4.0;3.311557788944725;3.386934673366838;4.0;4.0;4.0;3.819095477386931;3.1206030150753747;3.5778894472361813;4.0;4.0;4.0;4.0;4.0;4.0;3.532663316582912;3.0;3.0;3.0;3.0;3.0;2.3417085427135618;2.0;2.0;2.0;2.0;2.1507537688442255;2.8492462311557745;2.4522613065326624;2.0;2.0;2.0;2.0;2.0;2.0;2.437185929648251;3.0;3.0;3.0;3.2311557788944754;3.9296482412060385;4.0;4.326633165829151;4.9748743718593005;4.276381909547737;4.422110552763826;5.0;5.0;5.517587939698501;6.4321608040201;7.829145728643226;9.839195979899529;11.311557788944725;12.010050251256288;12.708542713567837;12.5929648241206;12.105527638190964;12.804020100502512;13.0;12.798994974874375;12.100502512562812;11.40201005025125;10.4070351758794;9.010050251256274;5.53266331658287;2.4321608040201;0.0;0.0;0.0;0.0;0.0;0.0;0.0;0.0;0.0;0.0;0.0;0.0;0.0;0.0;0.0;0.0;0.0;0.0;0.0;0.0;0.0;0.0;0.0;0.0;0.0;0.0;0.0;0.0;0.0;0.0;0.0;0.0;0.0;0.0;0.0;0.0;0.0;0.0;0.0;0.0;0.0;0.0;0.0;0.0;0.0;0.0;0.0;0.0;0.0;0.0;0.0;0.0;0.0;0.0;0.0;0.0;0.0;0.0;0.0;0.0;0.0
Subject_033_S_6497;0.0;0.0;0.0;0.0;0.0;0.0;0.0;0.0;0.0;0.0;0.0;0.0;0.0;0.0;0.0;0.0;0.0;0.0;0.0;0.0;0.0;0.0;0.0;0.0;0.0;0.0;0.0;0.0;0.0;0.0;0.0;0.0;0.0;0.0;0.0;0.0;0.0;0.0;0.0;0.0;0.0;0.0;0.0;0.0;0.0;0.0;0.0;0.0;0.0;0.0;0.0;0.0;0.0;0.0;0.0;1.251256281407045;3.2311557788944754;4.628140703517587;6.537688442211049;8.211055276381913;8.909547738693469;10.21608040201005;11.0;10.979899497487423;8.1859296482412;6.597989949748744;5.899497487437188;5.201005025125625;4.5025125628140685;4.0;4.0;2.8140703517587866;2.2914572864321627;2.9899497487437188;2.311557788944725;2.386934673366838;2.914572864321606;2.21608040201005;2.482412060301513;2.819095477386931;2.1206030150753747;2.5778894472361813;2.7236180904522627;2.0251256281406995;2.6733668341708565;2.6281407035175874;2.0703517587939757;2.7688442211055317;3.0;3.0;3.0;3.0;3.0;3.0;3.0;3.356783919597987;4.0;4.0;3.5477386934673376;3.0;3.0;2.4522613065326624;2.0;2.0;1.3567839195979872;1.341708542713576;2.0;2.0;1.5628140703517488;1.0;1.0;1.5326633165829122;2.2311557788944754;2.9296482412060385;3.0;3.653266331658301;5.0251256281406995;5.723618090452263;7.688442211055303;10.120603015075375;10.819095477386938;11.517587939698501;11.78391959798995;11.085427135678387;11.0;10.688442211055275;9.989949748743712;9.291457286432163;8.1859296482412;6.683417085427109;4.5879396984924625;1.9899497487436975;0.0;0.0;0.0;0.0;0.0;0.0;0.0;0.0;0.0;0.0;0.0;0.0;0.0;0.0;0.0;0.0;0.0;0.0;0.0;0.0;0.0;0.0;0.0;0.0;0.0;0.0;0.0;0.0;0.0;0.0;0.0;0.0;0.0;0.0;0.0;0.0;0.0;0.0;0.0;0.0;0.0;0.0;0.0;0.0;0.0;0.0;0.0;0.0;0.0;0.0;0.0;0.0;0.0;0.0;0.0;0.0;0.0;0.0;0.0;0.0;0.0;0.0;0.0;0.0;0.0;0.0;0.0;0.0
Subject_137_S_6659;0.0;0.0;0.0;0.0;0.0;0.0;0.0;0.0;0.0;0.0;0.0;0.0;0.0;0.0;0.0;0.0;0.0;0.0;0.0;0.0;0.0;0.0;0.0;0.0;0.0;0.0;0.0;0.0;0.0;0.0;0.0;0.0;0.0;0.0;0.0;0.0;0.0;0.0;0.0;0.0;0.0;0.0;0.0;0.0;0.0;0.0;0.0;0.26130653266332615;3.075376884422127;6.36180904522616;9.35175879396985;10.75879396984925;9.251256281407024;7.427135678391949;6.0201005025125625;5.306532663316581;4.603015075376881;3.8994974874371806;3.1959798994974875;2.4924623115577873;2.0;2.0;1.3819095477386938;1.3216080402010064;2.0;2.0;1.567839195979893;1.0;1.0;1.0;1.0;1.0;1.0;1.0;1.0603015075376945;1.7638190954773876;2.0;1.829145728643212;1.1256281407035118;1.5778894472361813;1.7185929648241185;1.0150753768844183;1.688442211055282;2.0;1.9045226130653248;1.2010050251256246;1.5025125628140756;2.0;2.0;2.0;2.0;2.0;2.0;2.0;2.130653266331663;2.8341708542713633;2.4623115577889365;2.0;2.0;2.0;2.0;1.9447236180904497;1.2412060301507495;1.4623115577889507;2.0;2.0;2.0;2.0;2.0;2.0;1.613065326633162;1.0904522613065382;1.7939698492462384;1.5025125628140614;1.0;1.0;1.0;1.0;1.0;1.0;1.4221105527638258;1.874371859296474;1.1708542713567738;1.0;1.2361809045226124;1.9396984924623126;1.3567839195979872;1.0;1.0;1.0;1.4572864321608137;2.160804020100514;2.864321608040214;5.2713567839196;8.085427135678401;10.899497487437202;10.321608040201;9.618090452261299;8.829145728643198;7.422110552763797;6.015075376884397;4.21608040201005;1.4020100502512491;0.3969849246231121;0.0;0.0;0.0;0.0;0.0;0.0;0.0;0.0;0.0;0.0;0.0;0.0;0.0;0.0;0.0;0.0;0.0;0.0;0.0;0.0;0.0;0.0;0.0;0.0;0.0;0.0;0.0;0.0;0.0;0.0;0.0;0.0;0.0;0.0;0.0;0.0;0.0;0.0;0.0;0.0;0.0;0.0;0.0;0.0;0.0;0.0;0.0;0.0;0.0;0.0;0.0;0.0;0.0;0.0;0.0;0.0
Subject_033_S_6824;0.0;0.0;0.0;0.0;0.0;0.0;0.0;0.0;0.0;0.0;0.0;0.0;0.0;0.0;0.0;0.0;0.0;0.0;0.0;0.0;0.0;0.0;0.0;0.0;0.0;0.0;0.0;0.0;0.0;0.0;0.0;0.0;0.0;0.0;0.0;0.0;0.0;0.0;0.0;0.0;0.0;0.0;0.0;0.0;0.0;0.0;2.3718592964823983;4.904522613065311;7.010050251256281;7.7185929648241185;8.427135678391956;9.1356783919598;9.844221105527637;10.552763819095475;11.0;11.0;8.286432160804026;6.226130653266338;4.713567839195996;2.5879396984924625;2.0;2.221105527638187;2.9296482412060243;3.0;3.0;3.0;3.0;3.0;3.180904522613062;3.8894472361808994;3.4020100502512562;3.0;3.0;3.0;3.4321608040201;3.859296482412063;3.1507537688442255;3.0;3.0;3.0;3.0;3.0;3.0;3.0;3.0;3.0;3.0;3.0;3.0;3.0;3.0;3.0;3.0;3.0;3.0;3.311557788944725;4.0;4.0;4.0;3.8542713567839257;3.1457286432160885;3.0;3.0;3.0;3.0;3.0;3.0;3.0;3.0;2.768844221105539;2.0603015075376874;2.64824120603015;3.0;3.0653266331658244;3.7738693467336617;4.482412060301499;5.0;5.0;7.4321608040201;10.266331658291449;13.0;13.0;13.0;13.0;13.0;12.4321608040201;11.723618090452263;11.015075376884425;9.613065326633176;8.59798994974875;7.115577889447309;1.4472361809046106;0.0;0.0;0.0;0.0;0.0;0.0;0.0;0.0;0.0;0.0;0.0;0.0;0.0;0.0;0.0;0.0;0.0;0.0;0.0;0.0;0.0;0.0;0.0;0.0;0.0;0.0;0.0;0.0;0.0;0.0;0.0;0.0;0.0;0.0;0.0;0.0;0.0;0.0;0.0;0.0;0.0;0.0;0.0;0.0;0.0;0.0;0.0;0.0;0.0;0.0;0.0;0.0;0.0;0.0;0.0;0.0;0.0;0.0;0.0;0.0;0.0;0.0;0.0;0.0;0.0;0.0;0.0;0.0
Subject_002_S_6007;0.0;0.0;0.0;0.0;0.0;0.0;0.0;0.0;0.0;0.0;0.0;0.0;0.0;0.0;0.0;0.0;0.0;0.0;0.0;0.0;0.0;0.0;0.0;0.0;0.0;0.0;0.0;0.0;0.0;0.0;0.0;0.0;0.0;0.0;0.0;0.0;0.0;0.0;0.0;0.0;0.0;0.0;0.0;0.0;0.0;0.0;0.0;0.0;0.0;0.9045226130653248;3.698492462311549;5.869346733668351;7.643216080402013;9.040201005025125;10.437185929648251;11.0;10.768844221105525;9.371859296482413;7.9748743718593005;6.788944723618087;6.090452261306531;6.0;5.080402010050236;3.0;3.0;3.4020100502512562;4.0;4.0;3.5025125628140685;3.0;3.0;3.0;3.2914572864321627;3.9899497487437188;4.0;3.613065326633162;3.0;3.0;3.482412060301513;3.819095477386931;3.1206030150753747;3.0;3.0;3.0;2.3266331658291435;2.0;2.0;2.0;2.467336683417088;2.834170854271356;2.1356783919598;2.0;1.7386934673366738;1.040201005025125;1.0;1.0;1.0552763819095503;1.7537688442211135;2.0;2.0;2.0;2.0;2.2462311557789008;2.9447236180904497;3.0;2.658291457286424;2.0;2.0;2.8743718592965024;4.0;4.0;4.0;4.231155778894475;4.9296482412060385;7.51256281407035;9.653266331658301;11.0251256281407;11.723618090452263;12.0;11.879396984924625;11.180904522613062;11.0;10.78391959798995;10.085427135678387;8.773869346733647;6.753768844221099;3.9597989949748467;1.165829145728651;0.0;0.0;0.0;0.0;0.0;0.0;0.0;0.0;0.0;0.0;0.0;0.0;0.0;0.0;0.0;0.0;0.0;0.0;0.0;0.0;0.0;0.0;0.0;0.0;0.0;0.0;0.0;0.0;0.0;0.0;0.0;0.0;0.0;0.0;0.0;0.0;0.0;0.0;0.0;0.0;0.0;0.0;0.0;0.0;0.0;0.0;0.0;0.0;0.0;0.0;0.0;0.0;0.0;0.0;0.0;0.0;0.0;0.0;0.0;0.0;0.0;0.0;0.0;0.0;0.0;0.0;0.0;0.0;0.0;0.0;0.0;0.0
Subject_037_S_4214;0.0;0.0;0.0;0.0;0.0;0.0;0.0;0.0;0.0;0.0;0.0;0.0;0.0;0.0;0.0;0.0;0.0;0.0;0.0;0.0;0.0;0.0;0.0;0.0;0.0;0.0;0.0;0.0;0.0;0.0;0.0;0.0;0.0;0.0;0.0;0.0;0.0;0.0;0.0;0.0;0.0;0.0;0.0;0.0;0.0;0.0;0.0;0.0;0.010050251256281229;0.7185929648241185;3.9899497487436903;8.2713567839196;9.688442211055275;10.552763819095475;11.261306532663312;11.969849246231156;9.286432160804026;7.613065326633169;6.904522613065332;6.1959798994974875;4.462311557788951;3.0;3.0;2.3618090452261313;2.0;2.0;2.0;2.0;2.180904522613062;2.8894472361808994;2.4020100502512562;1.693467336683419;1.0301507537688366;2.447236180904511;3.0;3.0;3.0;2.4422110552763883;2.0;2.0;2.6834170854271306;3.0;2.8994974874371877;2.1909547738693504;2.517587939698487;2.773869346733669;2.0653266331658315;2.0;2.351758793969843;2.9396984924623126;2.2311557788944754;2.477386934673362;3.0;3.0;3.0;2.688442211055275;1.9798994974874375;1.2713567839196003;1.0;1.0;1.0;1.0;1.0;1.0;1.0;1.0;1.0;1.0;1.0;1.0;1.0;1.0;1.3567839195979872;2.0;2.0;2.482412060301499;2.8090452261306638;2.1005025125628123;2.0;2.3165829145728623;3.0;3.0;2.557788944723626;2.1507537688442113;2.8592964824120486;2.4321608040201;3.658291457286424;7.909547738693448;10.773869346733647;11.59798994974875;10.889447236180914;10.180904522613076;9.472361809045225;8.527638190954775;7.110552763819101;3.733668341708565;1.2763819095477515;0.0;0.0;0.0;0.0;0.0;0.0;0.0;0.0;0.0;0.0;0.0;0.0;0.0;0.0;0.0;0.0;0.0;0.0;0.0;0.0;0.0;0.0;0.0;0.0;0.0;0.0;0.0;0.0;0.0;0.0;0.0;0.0;0.0;0.0;0.0;0.0;0.0;0.0;0.0;0.0;0.0;0.0;0.0;0.0;0.0;0.0;0.0;0.0;0.0;0.0;0.0;0.0;0.0;0.0;0.0;0.0;0.0;0.0;0.0;0.0;0.0;0.0;0.0
Subject_011_S_6367;0.0;0.0;0.0;0.0;0.0;0.0;0.0;0.0;0.0;0.0;0.0;0.0;0.0;0.0;0.0;0.0;0.0;0.0;0.0;0.0;0.0;0.0;0.0;0.0;0.0;0.0;0.0;0.0;0.0;0.0;0.0;0.0;0.0;0.0;0.0;0.0;0.0;0.0;0.0;0.0;0.0;0.0;0.0;0.0;0.0;0.0;0.0;1.1859296482412134;2.8592964824120557;4.939698492462313;6.346733668341713;7.366834170854268;8.060301507537687;8.753768844221106;9.0;9.281407035175874;10.668341708542712;10.472361809045225;9.557788944723612;8.170854271356788;6.78391959798995;5.698492462311556;5.005025125628137;5.0;4.618090452261306;3.8492462311557745;2.4623115577889507;2.4623115577889436;3.0;3.0;3.0;3.2361809045226124;3.9296482412060314;3.3768844221105496;3.0;3.0100502512562812;3.7035175879397;3.603015075376881;3.090452261306531;3.78391959798995;3.522613065326631;3.170854271356781;3.8643216080402;4.0;3.748743718592962;3.0552763819095503;3.0;3.3316582914572876;4.0;4.0;4.0;4.0;4.0;3.5075376884422127;3.0;3.0;2.427135678391963;2.0;2.0;2.653266331658287;3.0;3.0;3.0;2.572864321608037;2.0;2.0;2.0;2.0;2.0;2.0;2.0;2.0;2.6683417085427124;3.0;3.0552763819095503;3.748743718592962;4.442211055276388;5.0;5.0;7.090452261306552;9.21608040201005;9.909547738693462;10.0;10.0;10.0;9.316582914572862;8.62311557788945;7.859296482412049;6.472361809045225;4.628140703517602;2.5477386934673234;0.4673366834170878;0.0;0.0;0.0;0.0;0.0;0.0;0.0;0.0;0.0;0.0;0.0;0.0;0.0;0.0;0.0;0.0;0.0;0.0;0.0;0.0;0.0;0.0;0.0;0.0;0.0;0.0;0.0;0.0;0.0;0.0;0.0;0.0;0.0;0.0;0.0;0.0;0.0;0.0;0.0;0.0;0.0;0.0;0.0;0.0;0.0;0.0;0.0;0.0;0.0;0.0;0.0;0.0;0.0;0.0;0.0;0.0;0.0;0.0;0.0;0.0;0.0;0.0;0.0;0.0;0.0;0.0;0.0;0.0
Subject_003_S_4872;0.0;0.0;0.0;0.0;0.0;0.0;0.0;0.0;0.0;0.0;0.0;0.0;0.0;0.0;0.0;0.0;0.0;0.0;0.0;0.0;0.0;0.0;0.0;0.0;0.0;0.0;0.0;0.0;0.0;0.0;0.0;0.0;0.0;0.0;0.0;0.0;0.0;0.0;0.0;0.0;0.0;0.0;0.0;0.0;0.0;0.0;0.0;0.0;0.0;1.5075376884422056;3.4974874371859315;5.487437185929636;6.984924623115575;8.311557788944725;9.638190954773862;11.447236180904518;13.0;13.0;13.472361809045225;13.8643216080402;13.201005025125632;12.075376884422113;10.623115577889443;8.633165829145739;8.0;7.884422110552762;7.221105527638194;7.0;6.8944723618090435;6.231155778894475;5.1356783919598;4.0;4.0;4.0;4.0;4.0;4.0;4.0;4.0;4.402010050251256;4.934673366834176;4.2713567839196;4.0;4.0;4.0;4.0;4.0;4.0;4.371859296482413;5.0;5.0;4.638190954773869;4.0;4.0;4.0;4.0;4.0;4.0;4.0;4.0;3.6683417085427124;3.005025125628137;3.0;3.0;3.0;3.0;3.0;3.0;3.6381909547738616;3.698492462311563;3.035175879396988;3.0;3.2914572864321627;3.954773869346738;4.618090452261299;5.281407035175874;5.94472361809045;6.0;6.2713567839196;6.934673366834176;7.0;7.0;7.0;11.115577889447238;14.251256281407038;14.914572864321613;15.0;15.0;15.0;14.4321608040201;13.768844221105525;13.105527638190964;11.884422110552777;10.778894472361813;10.115577889447238;6.713567839195974;3.1557788944723484;0.5025125628141041;0.0;0.0;0.0;0.0;0.0;0.0;0.0;0.0;0.0;0.0;0.0;0.0;0.0;0.0;0.0;0.0;0.0;0.0;0.0;0.0;0.0;0.0;0.0;0.0;0.0;0.0;0.0;0.0;0.0;0.0;0.0;0.0;0.0;0.0;0.0;0.0;0.0;0.0;0.0;0.0;0.0;0.0;0.0;0.0;0.0;0.0;0.0;0.0;0.0;0.0;0.0;0.0;0.0;0.0;0.0;0.0;0.0;0.0;0.0;0.0;0.0;0.0
Subject_020_S_6227;0.0;0.0;0.0;0.0;0.0;0.0;0.0;0.0;0.0;0.0;0.0;0.0;0.0;0.0;0.0;0.0;0.0;0.0;0.0;0.0;0.0;0.0;0.0;0.0;0.0;0.0;0.0;0.0;0.0;0.0;0.0;0.0;0.0;0.0;0.0;0.0;0.0;0.0;0.0;0.0;0.0;0.0;0.0;0.0;0.0;0.0;0.0;0.0;0.030150753768843686;2.1557788944723555;3.4271356783919558;4.2713567839196;5.688442211055275;6.552763819095475;7.0;7.0;7.678391959798994;8.0;8.190954773869336;9.608040201005025;10.0;9.557788944723626;8.140703517587951;6.085427135678394;5.0;4.889447236180914;3.472361809045225;3.0;3.0;3.0;3.0;3.0;3.0150753768844183;3.7236180904522556;3.5678391959799;3.0;3.0;3.0;3.266331658291456;3.9748743718592934;4.0;3.608040201005025;3.1005025125628123;3.8090452261306496;4.0;4.0;4.0;4.0;4.0;4.0;4.0;4.0;4.0;4.0;3.3969849246231263;3.0;3.0;3.0;3.437185929648237;3.8542713567839257;3.1457286432160885;3.0;3.0;3.0;3.0;3.0;3.0;3.0;3.0;3.231155778894461;3.9396984924623126;4.64824120603015;5.713567839195974;7.065326633165824;7.773869346733662;8.482412060301499;9.381909547738672;10.798994974874375;11.608040201005025;12.0;12.0251256281407;12.733668341708537;13.0;12.698492462311577;11.281407035175903;10.4321608040201;9.170854271356788;7.045226130653276;7.0;4.185929648241256;0.0;0.0;0.0;0.0;0.0;0.0;0.0;0.0;0.0;0.0;0.0;0.0;0.0;0.0;0.0;0.0;0.0;0.0;0.0;0.0;0.0;0.0;0.0;0.0;0.0;0.0;0.0;0.0;0.0;0.0;0.0;0.0;0.0;0.0;0.0;0.0;0.0;0.0;0.0;0.0;0.0;0.0;0.0;0.0;0.0;0.0;0.0;0.0;0.0;0.0;0.0;0.0;0.0;0.0;0.0;0.0;0.0;0.0;0.0;0.0;0.0;0.0;0.0;0.0;0.0;0.0;0.0;0.0;0.0;0.0
Subject_003_S_6259;0.0;0.0;0.0;0.0;0.0;0.0;0.0;0.0;0.0;0.0;0.0;0.0;0.0;0.0;0.0;0.0;0.0;0.0;0.0;0.0;0.0;0.0;0.0;0.0;0.0;0.0;0.0;0.0;0.0;0.0;0.0;0.0;0.0;0.0;0.0;0.0;0.0;0.0;0.0;0.0;0.0;0.0;0.0;0.0;0.0;0.0;0.0;0.0;0.0;3.517587939698501;5.8643216080402;7.48241206030152;9.66834170854272;11.854271356783919;12.306532663316574;10.849246231155774;9.391959798994975;7.934673366834161;6.738693467336681;6.010050251256281;6.718592964824126;6.552763819095475;6.0;6.0;4.733668341708537;4.0;3.909547738693462;3.180904522613062;3.5477386934673376;3.7236180904522556;3.0;3.0;3.0;3.1909547738693504;3.91959798994975;3.351758793969843;3.0;3.0;3.0;3.0;3.0;3.0201005025125696;3.7487437185929693;3.522613065326631;3.0;3.0;3.0;3.0;3.0;3.0;2.4221105527638116;2.0;2.035175879396988;2.7638190954773876;3.0;2.7788944723617988;2.050251256281399;2.0;2.0;2.0;2.0;2.0;2.0;2.0;2.0;1.4924623115577873;1.0;1.0;1.693467336683426;2.0;2.0;2.0;2.608040201005025;3.0;3.0;3.0;3.522613065326638;4.251256281407038;4.9798994974874375;11.376884422110663;14.0;13.834170854271349;13.10552763819095;13.0;12.64824120603015;11.839195979899472;10.381909547738672;8.38693467336681;6.467336683417074;5.010050251256274;1.3819095477386867;0.0;0.0;0.0;0.0;0.0;0.0;0.0;0.0;0.0;0.0;0.0;0.0;0.0;0.0;0.0;0.0;0.0;0.0;0.0;0.0;0.0;0.0;0.0;0.0;0.0;0.0;0.0;0.0;0.0;0.0;0.0;0.0;0.0;0.0;0.0;0.0;0.0;0.0;0.0;0.0;0.0;0.0;0.0;0.0;0.0;0.0;0.0;0.0;0.0;0.0;0.0;0.0;0.0;0.0;0.0;0.0;0.0;0.0;0.0;0.0;0.0;0.0;0.0;0.0;0.0;0.0;0.0;0.0;0.0
Subject_016_S_5057;0.0;0.0;0.0;0.0;0.0;0.0;0.0;0.0;0.0;0.0;0.0;0.0;0.0;0.0;0.0;0.0;0.0;0.0;0.0;0.0;0.0;0.0;0.0;0.0;0.0;0.0;0.0;0.0;0.0;0.0;0.0;0.0;0.0;0.0;0.0;0.0;0.0;0.0;0.0;0.0;0.0;0.0;0.0;0.0;0.0;0.0;0.0;0.13065326633166308;1.5376884422110635;3.417085427135696;5.35175879396985;6.7587939698492505;7.5829145728643255;8.572864321608051;9.979899497487438;10.693467336683419;9.809045226130642;7.899497487437181;7.1959798994974875;5.477386934673362;4.0;4.0;3.381909547738694;2.6783919597989936;2.0251256281407066;2.728643216080407;2.567839195979893;2.0;2.0;2.5427135678392006;3.0;3.0;3.0;3.0;3.0;3.0;3.0;3.0;3.0;3.0;3.0;3.0;3.688442211055282;3.608040201005018;3.0;3.0;3.0;3.0;3.0;3.0;2.6834170854271306;2.0201005025125625;2.7236180904522627;2.572864321608037;2.0;2.0;2.0;2.0;2.0;2.64824120603015;3.0;3.0;3.0;3.0;3.0;3.0;2.4271356783919487;2.0;2.0;2.0;2.0;2.0;2.0;2.0;2.201005025125639;2.904522613065339;2.391959798994975;2.311557788944725;3.0150753768844254;3.7185929648241256;4.0;4.0;4.0;4.532663316582926;5.0;5.0;5.0;7.080402010050278;11.050251256281413;11.753768844221113;12.0;11.839195979899486;11.135678391959786;10.4321608040201;9.4572864321608;8.050251256281399;7.321608040200999;4.708542713567795;0.9145728643215989;0.2110552763818987;0.0;0.0;0.0;0.0;0.0;0.0;0.0;0.0;0.0;0.0;0.0;0.0;0.0;0.0;0.0;0.0;0.0;0.0;0.0;0.0;0.0;0.0;0.0;0.0;0.0;0.0;0.0;0.0;0.0;0.0;0.0;0.0;0.0;0.0;0.0;0.0;0.0;0.0;0.0;0.0;0.0;0.0;0.0;0.0;0.0;0.0;0.0;0.0;0.0;0.0;0.0;0.0;0.0;0.0;0.0;0.0;0.0;0.0;0.0;0.0
Subject_003_S_6264;0.0;0.0;0.0;0.0;0.0;0.0;0.0;0.0;0.0;0.0;0.0;0.0;0.0;0.0;0.0;0.0;0.0;0.0;0.0;0.0;0.0;0.0;0.0;0.0;0.0;0.0;0.0;0.0;0.0;0.0;0.0;0.0;0.0;0.0;0.0;0.0;0.0;0.0;0.0;0.0;0.0;0.0;0.0;0.0;0.0;0.0;0.16582914572865093;2.3216080402010064;4.477386934673362;6.211055276381913;6.929648241206031;7.64824120603015;8.366834170854268;9.085427135678394;9.804020100502512;10.0;10.241206030150757;10.959798994974875;8.96482412060302;7.206030150753762;5.768844221105525;4.331658291457288;3.4472361809045253;3.0;3.0;2.2914572864321627;2.427135678391963;3.0;3.0;3.0;3.301507537688444;4.0;4.0;4.0;3.824120603015075;3.1055276381909565;3.613065326633169;3.6683417085427124;3.050251256281406;3.7688442211055246;3.5125628140703498;3.0;3.0;3.0;3.0;3.0;3.0;3.0;3.0;3.0;3.0;3.0;3.0;3.0;3.0;3.0;3.0;3.0;3.0;3.140703517587937;3.859296482412063;3.422110552763826;3.0;3.0;3.0;3.0;2.829145728643212;2.1105527638191006;2.0;2.0;2.0;2.0;2.0;2.2010050251256246;2.91959798994975;3.0;2.643216080402013;2.0753768844221128;2.7939698492462384;3.0;3.2311557788944754;3.9497487437185868;3.3316582914572876;3.386934673366838;4.422110552763797;7.2964824120603;10.713567839196003;13.261306532663312;13.979899497487438;14.698492462311563;15.0;14.7286432160804;13.291457286432149;12.427135678391963;10.834170854271349;7.919597989949693;2.170854271356802;0.0;0.0;0.0;0.0;0.0;0.0;0.0;0.0;0.0;0.0;0.0;0.0;0.0;0.0;0.0;0.0;0.0;0.0;0.0;0.0;0.0;0.0;0.0;0.0;0.0;0.0;0.0;0.0;0.0;0.0;0.0;0.0;0.0;0.0;0.0;0.0;0.0;0.0;0.0;0.0;0.0;0.0;0.0;0.0;0.0;0.0;0.0;0.0;0.0;0.0;0.0;0.0;0.0;0.0;0.0;0.0;0.0;0.0;0.0;0.0;0.0;0.0;0.0
Subject_033_S_1016;0.0;0.0;0.0;0.0;0.0;0.0;0.0;0.0;0.0;0.0;0.0;0.0;0.0;0.0;0.0;0.0;0.0;0.0;0.0;0.0;0.0;0.0;0.0;0.0;0.0;0.0;0.0;0.0;0.0;0.0;0.0;0.0;0.0;0.0;0.0;0.0;0.0;0.0;0.0;0.0;0.0;0.0;0.0;0.0;0.0;0.0;2.1859296482412027;5.361809045226124;7.4120603015075375;8.974874371859286;10.17085427135678;10.854271356783919;12.075376884422113;12.557788944723626;11.19095477386935;9.236180904522612;7.728643216080407;7.045226130653269;6.361809045226131;5.035175879397002;3.0;3.0;3.0;3.0;3.0;3.0;3.0;3.0;3.0;3.0;3.0;3.0;3.0;3.0;2.427135678391963;2.256281407035175;2.9396984924623055;2.3768844221105567;2.306532663316581;2.9899497487437188;2.3266331658291506;2.356783919597987;3.0;3.0;3.0;2.909547738693469;2.2261306532663383;2.4572864321607994;3.0;3.0;3.0;3.0;3.0;3.0;3.0;3.0;3.0;3.0;3.0;3.0;3.0;3.0;3.0;3.0;3.0;3.0;3.0;3.0;3.0;3.0;2.824120603015075;2.140703517587937;2.5427135678391863;3.0;3.0;3.5929648241205996;4.0;4.0;4.643216080401999;5.653266331658273;7.0;7.0;7.753768844221099;9.301507537688437;12.718592964824126;14.0;14.0;14.0;14.0;13.8391959798995;13.155778894472363;11.94472361809045;10.788944723618101;10.105527638190964;8.844221105527652;6.954773869346752;4.221105527638201;1.4874371859296502;0.0;0.0;0.0;0.0;0.0;0.0;0.0;0.0;0.0;0.0;0.0;0.0;0.0;0.0;0.0;0.0;0.0;0.0;0.0;0.0;0.0;0.0;0.0;0.0;0.0;0.0;0.0;0.0;0.0;0.0;0.0;0.0;0.0;0.0;0.0;0.0;0.0;0.0;0.0;0.0;0.0;0.0;0.0;0.0;0.0;0.0;0.0;0.0;0.0;0.0;0.0;0.0;0.0;0.0;0.0;0.0;0.0;0.0;0.0;0.0;0.0;0.0
Subject_003_S_7010;0.0;0.0;0.0;0.0;0.0;0.0;0.0;0.0;0.0;0.0;0.0;0.0;0.0;0.0;0.0;0.0;0.0;0.0;0.0;0.0;0.0;0.0;0.0;0.0;0.0;0.0;0.0;0.0;0.0;0.0;0.0;0.0;0.0;0.0;0.0;0.0;0.0;0.0;0.0;0.0;0.0;0.0;0.0;0.0;0.0;0.0;0.0;0.0;0.0;0.0;0.0;0.0;0.0;0.0;0.5326633165829122;2.2311557788944683;5.798994974874375;7.346733668341713;8.38693467336683;9.201005025125625;10.628140703517587;11.0;11.0;11.0;11.0;9.090452261306531;5.8090452261306496;4.381909547738701;4.0;3.7638190954773876;3.050251256281406;3.663316582914568;3.6231155778894504;3.0;3.0;3.517587939698494;3.7688442211055317;3.0552763819095503;3.0;3.0;3.0;3.0;3.0;3.0;3.0;3.0;3.0;3.0;3.0;3.5075376884422127;3.778894472361813;3.0653266331658244;3.0;3.0;3.0;3.0;3.0;3.0;3.0;3.0;3.0;3.0;3.0;3.0;3.0;3.0;3.0;3.35175879396985;4.0;4.0;3.5075376884422127;3.2060301507537616;3.91959798994975;4.6331658291457245;5.346733668341713;6.2412060301507495;9.095477386934647;10.0;10.201005025125625;10.914572864321599;11.0;11.0;10.94472361809045;10.231155778894475;9.517587939698501;8.412060301507537;6.2713567839196145;4.753768844221099;2.989949748743726;0.949748743718601;0.23618090452261242;0.0;0.0;0.0;0.0;0.0;0.0;0.0;0.0;0.0;0.0;0.0;0.0;0.0;0.0;0.0;0.0;0.0;0.0;0.0;0.0;0.0;0.0;0.0;0.0;0.0;0.0;0.0;0.0;0.0;0.0;0.0;0.0;0.0;0.0;0.0;0.0;0.0;0.0;0.0;0.0;0.0;0.0;0.0;0.0;0.0;0.0;0.0;0.0;0.0;0.0;0.0;0.0;0.0;0.0;0.0;0.0;0.0;0.0;0.0;0.0;0.0;0.0;0.0;0.0;0.0;0.0;0.0;0.0;0.0
Subject_032_S_6055;0.0;0.0;0.0;0.0;0.0;0.0;0.0;0.0;0.0;0.0;0.0;0.0;0.0;0.0;0.0;0.0;0.0;0.0;0.0;0.0;0.0;0.0;0.0;0.0;0.0;0.0;0.0;0.0;0.0;0.0;0.0;0.0;0.0;0.0;0.0;0.0;0.0;0.0;0.0;0.0;0.0;0.0;0.0;0.0;0.0;0.0;0.0;0.19095477386935045;0.9396984924623126;3.0653266331658244;4.874371859296488;6.371859296482413;7.869346733668351;8.683417085427138;9.4321608040201;10.361809045226138;11.859296482412063;12.678391959798994;11.718592964824111;9.824120603015075;9.075376884422113;7.653266331658287;6.155778894472363;4.829145728643212;4.08040201005025;4.0;4.0;3.834170854271356;3.085427135678387;3.0;3.0;3.0;3.0;3.0;2.5929648241205996;2.1557788944723626;2.9045226130653248;3.0;2.5979899497487438;2.1507537688442255;2.8994974874371877;3.0;3.0;2.8542713567839186;2.1055276381909493;2.643216080402013;3.0;3.0;3.0;3.0;3.0;3.1356783919598;3.8844221105527623;4.0;4.0;3.869346733668337;3.1206030150753747;3.0;3.0;3.0;3.0;3.0;3.3718592964824126;3.8793969849246253;3.130653266331649;3.0;3.0;3.0;3.0;2.386934673366838;2.3618090452261384;3.0;3.0;3.0;3.0;3.0;3.0;3.0;3.35175879396985;4.0;4.0;4.597989949748751;5.346733668341713;6.1909547738693504;7.688442211055275;10.371859296482398;11.658291457286424;11.090452261306538;11.8391959798995;11.412060301507537;10.663316582914575;9.914572864321599;9.165829145728637;8.417085427135675;7.336683417085425;5.7587939698492505;3.5125628140703213;1.8442211055276232;0.6733668341708494;0.0;0.0;0.0;0.0;0.0;0.0;0.0;0.0;0.0;0.0;0.0;0.0;0.0;0.0;0.0;0.0;0.0;0.0;0.0;0.0;0.0;0.0;0.0;0.0;0.0;0.0;0.0;0.0;0.0;0.0;0.0;0.0;0.0;0.0;0.0;0.0;0.0;0.0;0.0;0.0;0.0;0.0;0.0;0.0;0.0;0.0;0.0;0.0;0.0;0.0;0.0;0.0;0.0;0.0;0.0;0.0;0.0;0.0;0.0;0.0;0.0
Subject_016_S_6790;0.0;0.0;0.0;0.0;0.0;0.0;0.0;0.0;0.0;0.0;0.0;0.0;0.0;0.0;0.0;0.0;0.0;0.0;0.0;0.0;0.0;0.0;0.0;0.0;0.0;0.0;0.0;0.0;0.0;0.0;0.0;0.0;0.0;0.0;0.0;0.0;0.0;0.0;0.0;0.0;0.0;0.0;0.0;0.0;0.0;1.125628140703526;3.432160804020093;7.0201005025125625;8.467336683417088;9.914572864321613;11.18090452261307;11.904522613065325;12.0;12.35175879396985;12.547738693467323;8.206030150753747;6.477386934673362;6.0;6.0;5.306532663316581;5.0;4.859296482412056;4.1356783919598;4.0;4.0;4.0;4.0;4.482412060301506;4.5879396984924625;3.140703517587937;2.346733668341706;2.3768844221105567;2.8994974874371877;2.175879396984925;2.5477386934673376;2.7286432160803997;2.005025125628137;2.0;2.442211055276381;3.0;3.0;3.0;3.0;3.0;3.0;3.0;3.0;3.0;3.0;3.0;3.0;3.0;3.0;3.0;2.9798994974874375;2.256281407035175;2.467336683417088;3.0;3.0;3.0;3.0;3.0;3.0;3.532663316582912;3.743718592964825;3.0201005025125625;3.0;3.0;3.0;3.0;3.0;3.0;3.045226130653276;3.7688442211055246;3.5075376884422127;3.0;3.0;3.6633165829145753;4.0;4.0;4.0;4.0;4.562814070351777;6.010050251256274;7.4572864321607994;9.80904522613065;12.0;12.0;11.37688442211055;10.653266331658287;9.859296482412049;8.412060301507523;7.482412060301499;6.517587939698473;5.070351758793976;1.557788944723626;0.0;0.0;0.0;0.0;0.0;0.0;0.0;0.0;0.0;0.0;0.0;0.0;0.0;0.0;0.0;0.0;0.0;0.0;0.0;0.0;0.0;0.0;0.0;0.0;0.0;0.0;0.0;0.0;0.0;0.0;0.0;0.0;0.0;0.0;0.0;0.0;0.0;0.0;0.0;0.0;0.0;0.0;0.0;0.0;0.0;0.0;0.0;0.0;0.0;0.0;0.0;0.0;0.0;0.0;0.0;0.0;0.0;0.0;0.0;0.0;0.0;0.0;0.0;0.0
Subject_037_S_6125;0.0;0.0;0.0;0.0;0.0;0.0;0.0;0.0;0.0;0.0;0.0;0.0;0.0;0.0;0.0;0.0;0.0;0.0;0.0;0.0;0.0;0.0;0.0;0.0;0.0;0.0;0.0;0.0;0.0;0.0;0.0;0.0;0.0;0.0;0.0;0.0;0.0;0.0;0.0;0.0;0.0;0.0;0.0;0.0;0.0;0.0;0.0;1.7839195979899358;5.090452261306524;6.467336683417088;7.422110552763819;8.221105527638187;9.597989949748737;10.48743718592965;11.0;11.0;11.552763819095475;10.793969849246253;7.351758793969843;6.381909547738694;5.693467336683419;5.005025125628144;5.683417085427138;4.884422110552762;3.0;3.0;3.437185929648237;3.874371859296481;3.1859296482412063;3.0;3.0;3.0;2.4321608040201;2.256281407035175;2.9447236180904497;3.0;3.0;3.0;3.0;3.0;3.0;3.0;3.0;3.0;3.0;3.0;3.0;3.0;3.0;3.0;3.0;3.0;3.0;3.0;3.0;3.0;3.0;3.0;3.0;3.0;3.0;2.467336683417088;2.0;2.0;2.0;2.2864321608040115;2.9748743718593005;3.0;2.64824120603015;2.0;2.0;2.0;2.0;2.0;2.0;2.0;2.0;2.0;2.0;2.0;2.613065326633162;3.0;3.0;3.0;3.3668341708542755;4.2763819095477515;7.718592964824126;10.7286432160804;13.0;13.0;13.0;13.0;13.0;12.437185929648237;11.246231155778887;9.180904522613062;7.743718592964825;6.050251256281413;3.9798994974874518;1.2261306532663525;0.0;0.0;0.0;0.0;0.0;0.0;0.0;0.0;0.0;0.0;0.0;0.0;0.0;0.0;0.0;0.0;0.0;0.0;0.0;0.0;0.0;0.0;0.0;0.0;0.0;0.0;0.0;0.0;0.0;0.0;0.0;0.0;0.0;0.0;0.0;0.0;0.0;0.0;0.0;0.0;0.0;0.0;0.0;0.0;0.0;0.0;0.0;0.0;0.0;0.0;0.0;0.0;0.0;0.0;0.0;0.0;0.0;0.0;0.0;0.0
Subject_094_S_4649;0.0;0.0;0.0;0.0;0.0;0.0;0.0;0.0;0.0;0.0;0.0;0.0;0.0;0.0;0.0;0.0;0.0;0.0;0.0;0.0;0.0;0.0;0.0;0.0;0.0;0.0;0.0;0.0;0.0;0.0;0.0;0.0;0.0;0.0;0.0;0.0;0.0;0.0;0.0;0.0;0.0;0.0;0.0;0.0;0.0;0.6633165829145611;4.94472361809045;7.075376884422113;8.251256281407038;8.964824120603012;9.678391959798994;10.78391959798995;11.788944723618087;10.361809045226138;8.402010050251263;6.507537688442213;5.08040201005025;5.0;4.226130653266338;3.0;3.0;2.472361809045225;2.2412060301507495;2.954773869346731;3.0;3.0;3.0;3.0;3.0;3.0;3.0;3.0;2.6231155778894504;2.090452261306531;2.8040201005025125;3.0;3.2311557788944683;3.9447236180904497;3.341708542713569;3.0;3.0;3.0;3.0;3.0;3.0;3.0;3.0;3.0;3.0;3.5075376884422127;3.557788944723626;2.130653266331649;2.0;2.3618090452261242;3.0;3.0;2.4974874371859244;2.0;2.0;2.0;2.0;2.0;2.0;2.0;2.211055276381913;2.9246231155778872;3.6381909547738616;4.0;4.130653266331649;5.557788944723626;6.492462311557787;7.206030150753762;7.91959798994975;9.899497487437174;11.693467336683426;13.060301507537687;13.773869346733662;13.51256281407035;13.0;13.0;12.371859296482413;11.316582914572876;9.94472361809045;9.231155778894475;7.070351758794004;4.0201005025125625;0.4522613065326908;0.0;0.0;0.0;0.0;0.0;0.0;0.0;0.0;0.0;0.0;0.0;0.0;0.0;0.0;0.0;0.0;0.0;0.0;0.0;0.0;0.0;0.0;0.0;0.0;0.0;0.0;0.0;0.0;0.0;0.0;0.0;0.0;0.0;0.0;0.0;0.0;0.0;0.0;0.0;0.0;0.0;0.0;0.0;0.0;0.0;0.0;0.0;0.0;0.0;0.0;0.0;0.0;0.0;0.0;0.0;0.0;0.0;0.0;0.0;0.0;0.0;0.0;0.0;0.0;0.0;0.0;0.0;0.0;0.0;0.0;0.0;0.0;0.0
Subject_020_S_6282;0.0;0.0;0.0;0.0;0.0;0.0;0.0;0.0;0.0;0.0;0.0;0.0;0.0;0.0;0.0;0.0;0.0;0.0;0.0;0.0;0.0;0.0;0.0;0.0;0.0;0.0;0.0;0.0;0.0;0.0;0.0;0.0;0.0;0.0;0.0;0.0;0.0;0.0;0.0;0.0;0.0;0.0;0.0;0.0;0.0;0.0;0.0;2.110552763819058;7.0201005025125625;8.437185929648237;9.854271356783912;11.2713567839196;12.688442211055275;13.552763819095475;13.477386934673376;12.060301507537687;10.643216080402013;9.226130653266338;7.809045226130664;6.391959798994975;6.0;6.0;6.0;4.723618090452263;4.0;3.944723618090457;3.2361809045226124;3.0;3.0;3.0;3.5979899497487438;3.693467336683419;3.0150753768844183;3.7236180904522556;4.0;3.859296482412063;3.1507537688442255;3.5577889447236117;4.0;4.0;4.0;3.608040201005025;3.0;3.0;3.517587939698487;4.0;4.0;3.3567839195979943;3.0;3.0;3.0;3.477386934673362;4.0;4.0;4.0;3.688442211055275;3.0;3.0;3.0;3.1457286432160743;3.8542713567839115;3.437185929648251;3.0;3.0;3.0;3.396984924623112;4.105527638190949;4.814070351758787;5.522613065326624;6.0;6.0;7.2964824120603;8.713567839195974;10.195979899497473;12.321608040200985;13.482412060301499;14.0;14.0;14.0;14.0;13.949748743718601;12.532663316582926;12.0;11.698492462311577;10.281407035175903;8.2964824120603;5.894472361809051;3.0603015075377016;0.9195979899497644;0.0;0.0;0.0;0.0;0.0;0.0;0.0;0.0;0.0;0.0;0.0;0.0;0.0;0.0;0.0;0.0;0.0;0.0;0.0;0.0;0.0;0.0;0.0;0.0;0.0;0.0;0.0;0.0;0.0;0.0;0.0;0.0;0.0;0.0;0.0;0.0;0.0;0.0;0.0;0.0;0.0;0.0;0.0;0.0;0.0;0.0;0.0;0.0;0.0;0.0;0.0;0.0;0.0;0.0;0.0;0.0;0.0;0.0;0.0;0.0;0.0;0.0;0.0;0.0;0.0;0.0;0.0;0.0;0.0;0.0;0.0
Subject_137_S_6919;0.0;0.0;0.0;0.0;0.0;0.0;0.0;0.0;0.0;0.0;0.0;0.0;0.0;0.0;0.0;0.0;0.0;0.0;0.0;0.0;0.0;0.0;0.0;0.0;0.0;0.0;0.0;0.0;0.0;0.0;0.0;0.0;0.0;0.0;0.0;0.0;0.0;0.0;0.0;0.0;0.0;0.0;0.0;0.0;0.0;0.0;0.0;0.0;0.0;0.0;0.0;1.6683417085426981;4.603015075376874;7.537688442211049;8.0;8.7035175879397;10.085427135678387;10.81909547738693;10.447236180904525;9.140703517587944;6.9798994974874375;6.246231155778894;5.512562814070357;4.778894472361813;4.045226130653269;4.0;3.5778894472361813;3.0;3.0;2.3768844221105567;2.356783919597987;2.909547738693469;2.175879396984925;2.0;2.2914572864321556;2.9748743718593005;2.2412060301507566;2.4924623115577873;2.773869346733669;2.040201005025132;2.693467336683412;2.5728643216080442;2.0;2.0;2.6281407035175874;3.0;2.904522613065332;2.170854271356788;2.0;2.0;2.0301507537688366;2.7638190954773876;3.0;2.7688442211055246;2.035175879396988;2.0;2.0;1.8341708542713633;1.1005025125628123;1.0;1.0;1.1005025125628123;1.834170854271349;2.0;1.6984924623115631;1.0;1.0;1.0;1.0;1.0;1.0;1.0;1.0;1.0;1.6381909547738616;2.3718592964824126;3.0;3.0;3.0;3.306532663316574;4.0;4.0;4.507537688442213;5.2412060301507495;5.974874371859286;10.95979899497486;13.442211055276374;14.0;14.0;12.713567839196003;11.62311557788945;10.778894472361827;9.311557788944725;7.844221105527652;6.065326633165867;3.819095477386952;0.884422110552805;0.0;0.0;0.0;0.0;0.0;0.0;0.0;0.0;0.0;0.0;0.0;0.0;0.0;0.0;0.0;0.0;0.0;0.0;0.0;0.0;0.0;0.0;0.0;0.0;0.0;0.0;0.0;0.0;0.0;0.0;0.0;0.0;0.0;0.0;0.0;0.0;0.0;0.0;0.0;0.0;0.0;0.0;0.0;0.0;0.0;0.0;0.0;0.0;0.0;0.0;0.0;0.0;0.0;0.0;0.0;0.0;0.0;0.0;0.0;0.0;0.0;0.0;0.0
Subject_033_S_6697;0.0;0.0;0.0;0.0;0.0;0.0;0.0;0.0;0.0;0.0;0.0;0.0;0.0;0.0;0.0;0.0;0.0;0.0;0.0;0.0;0.0;0.0;0.0;0.0;0.0;0.0;0.0;0.0;0.0;0.0;0.0;0.0;0.0;0.0;0.0;0.0;0.0;0.0;0.0;0.0;0.0;0.0;0.0;0.0;1.6884422110552464;6.030150753768837;7.497487437185924;8.964824120603012;10.0;10.0;10.0;10.417085427135675;10.396984924623126;7.462311557788951;6.381909547738694;6.0;5.743718592964839;3.5427135678392077;3.0;3.0;2.9798994974874375;2.2462311557788937;2.487437185929643;2.778894472361813;2.045226130653269;2.0;2.0;2.0;2.0;2.0;2.0;2.0;2.0;2.0;2.0;2.0251256281406995;2.7587939698492434;2.5075376884422127;2.226130653266331;2.959798994974868;3.0;2.5728643216080442;2.0;2.0;2.6281407035175874;3.0;3.0;3.0;3.0;3.0;3.0;3.0;2.5025125628140756;2.2311557788944754;2.964824120603012;3.0;2.5678391959799;2.0;2.0;2.0;2.0;1.8994974874371877;1.165829145728651;1.0;1.0;1.0351758793969736;1.7688442211055246;2.0;2.0;2.0;2.0;2.0;2.170854271356774;2.9045226130653248;3.0;3.0;3.1055276381909493;3.839195979899486;3.427135678391963;3.306532663316574;4.0;4.0;5.522613065326638;8.206030150753747;11.874371859296431;12.0;12.0;11.824120603015075;11.090452261306538;10.356783919598001;9.2462311557789;7.778894472361827;6.311557788944725;3.6884422110553032;1.376884422110578;0.0;0.0;0.0;0.0;0.0;0.0;0.0;0.0;0.0;0.0;0.0;0.0;0.0;0.0;0.0;0.0;0.0;0.0;0.0;0.0;0.0;0.0;0.0;0.0;0.0;0.0;0.0;0.0;0.0;0.0;0.0;0.0;0.0;0.0;0.0;0.0;0.0;0.0;0.0;0.0;0.0;0.0;0.0;0.0;0.0;0.0;0.0;0.0;0.0;0.0;0.0;0.0;0.0;0.0;0.0;0.0;0.0;0.0;0.0;0.0;0.0;0.0;0.0;0.0;0.0
Subject_003_S_6479;0.0;0.0;0.0;0.0;0.0;0.0;0.0;0.0;0.0;0.0;0.0;0.0;0.0;0.0;0.0;0.0;0.0;0.0;0.0;0.0;0.0;0.0;0.0;0.0;0.0;0.0;0.0;0.0;0.0;0.0;0.0;0.0;0.0;0.0;0.0;0.0;0.0;0.0;0.0;0.0;0.0;0.0;0.0;0.0;0.0;1.3165829145728694;3.085427135678394;5.0653266331658315;5.768844221105532;7.417085427135696;9.0;9.0;9.582914572864325;10.286432160804026;10.989949748743719;11.693467336683419;10.809045226130642;9.0;9.0;8.492462311557787;7.366834170854261;5.256281407035161;4.381909547738694;4.0;4.0;4.0;3.567839195979893;3.1356783919598;3.8391959798995003;3.4572864321607994;3.2462311557789008;3.949748743718594;4.0;4.0;4.0;4.0;3.532663316582912;3.0;3.0;3.5778894472361813;3.7185929648241185;3.0150753768844183;2.311557788944718;2.391959798994982;3.0;3.0;2.4974874371859244;2.206030150753776;2.909547738693469;3.0;3.3165829145728694;4.0;4.0;4.0;4.0;4.0;4.0;3.7587939698492363;3.055276381909536;3.0;3.0;3.0;3.0;3.0;3.0;3.0;3.0;3.0;3.0;2.3165829145728623;2.386934673366838;3.0;3.0;3.0;3.0;3.0;3.0;3.311557788944725;4.015075376884425;4.718592964824126;5.0;5.251256281407052;6.658291457286452;8.065326633165853;9.708542713567837;11.819095477386938;12.643216080402013;12.653266331658287;12.0;12.0;11.085427135678373;9.839195979899486;9.135678391959786;8.4321608040201;7.185929648241199;5.0753768844220986;1.6080402010049966;0.0;0.0;0.0;0.0;0.0;0.0;0.0;0.0;0.0;0.0;0.0;0.0;0.0;0.0;0.0;0.0;0.0;0.0;0.0;0.0;0.0;0.0;0.0;0.0;0.0;0.0;0.0;0.0;0.0;0.0;0.0;0.0;0.0;0.0;0.0;0.0;0.0;0.0;0.0;0.0;0.0;0.0;0.0;0.0;0.0;0.0;0.0;0.0;0.0;0.0;0.0;0.0;0.0;0.0;0.0;0.0;0.0;0.0;0.0;0.0;0.0;0.0;0.0
Subject_IXI167;0.0;0.0;0.0;0.0;0.0;0.0;0.0;0.0;0.0;0.0;0.0;0.0;0.0;0.0;0.0;0.0;0.0;0.0;0.0;0.0;0.0;0.0;0.0;0.0;0.0;0.0;0.0;0.0;0.0;0.0;0.0;0.0;0.0;0.0;0.0;0.0;0.0;0.0;0.0;0.0;0.0;0.0;0.0;0.6281407035175874;2.9346733668341543;6.291457286432163;7.8090452261306496;8.663316582914568;9.422110552763819;10.180904522613062;10.939698492462313;11.698492462311556;10.170854271356802;7.78391959798995;7.025125628140707;6.266331658291463;6.0;5.748743718592969;4.989949748743719;4.231155778894475;2.944723618090464;2.2864321608040186;3.0;3.0;3.0;3.3216080402009993;4.0;4.0;3.4020100502512562;3.356783919597987;3.8844221105527694;3.125628140703519;3.0;3.0;2.8492462311557816;2.090452261306538;2.0;2.4271356783919558;3.0;3.0;3.0;3.0;3.0;3.0;3.0;3.0;3.0;3.0;3.0;2.467336683417088;2.0;2.050251256281399;2.8090452261306496;3.0;3.0;3.0;3.0;2.3969849246231263;2.0;2.0;2.0;2.0;2.0;2.0;2.0;2.0;2.0;2.0;2.0;2.0;2.0;2.226130653266324;2.9849246231155746;3.0;3.0;3.261306532663312;3.9798994974874375;3.2211055276382012;3.5376884422110493;4.2964824120603;5.055276381909536;5.814070351758787;7.145728643216074;9.658291457286438;12.909547738693476;12.150753768844226;12.608040201005025;12.633165829145739;12.0;12.0;11.356783919598001;10.195979899497502;8.8391959798995;8.080402010050264;5.286432160804054;2.251256281407052;0.0;0.0;0.0;0.0;0.0;0.0;0.0;0.0;0.0;0.0;0.0;0.0;0.0;0.0;0.0;0.0;0.0;0.0;0.0;0.0;0.0;0.0;0.0;0.0;0.0;0.0;0.0;0.0;0.0;0.0;0.0;0.0;0.0;0.0;0.0;0.0;0.0;0.0;0.0;0.0;0.0;0.0;0.0;0.0;0.0;0.0;0.0;0.0;0.0;0.0;0.0;0.0;0.0;0.0;0.0;0.0;0.0;0.0;0.0;0.0;0.0;0.0;0.0;0.0
Subject_IXI261;0.0;0.0;0.0;0.0;0.0;0.0;0.0;0.0;0.0;0.0;0.0;0.0;0.0;0.0;0.0;0.0;0.0;0.0;0.0;0.0;0.0;0.0;0.0;0.0;0.0;0.0;0.0;0.0;0.0;0.0;0.0;0.0;0.0;0.0;0.0;0.0;0.0;0.0;0.0;0.0;0.0;0.0;0.0;0.0;0.0;0.0;0.0;0.0;1.608040201005032;4.974874371859315;7.673366834170849;9.683417085427138;11.03015075376885;12.37688442211055;13.361809045226131;13.894472361809036;11.874371859296488;9.854271356783919;7.94472361809045;7.271356783919593;6.597989949748744;6.0;6.0;5.155778894472363;3.9045226130653248;3.2311557788944683;3.0;3.0;3.0;3.0;3.0;3.0;3.0;3.0;3.0;2.4974874371859244;2.0;2.0;2.522613065326638;2.8040201005025125;2.130653266331656;2.0;2.0;2.0;2.0;2.0;2.0;2.0;2.0;2.0;2.0;2.0;2.0;2.0;2.0;2.0;1.3567839195979872;1.0;1.0;1.0;1.0;0.9899497487437117;0.31658291457286225;0.0;0.0;0.0;0.0;0.0;0.0;0.0;0.0;0.0;0.0;0.0;0.0;0.0;0.0;0.0;0.0;0.0;0.0;0.0;0.0;0.0;0.0;0.0;0.0;0.0;0.0;0.0;0.0;0.0;0.0;0.0;0.0;0.0;0.0;0.0;0.0;0.0;0.0;0.0;0.0;0.0;0.0;0.0;0.0;0.0;0.0;0.0;0.0;0.0;0.0;0.0;0.0;0.0;0.0;0.0;0.0;0.0;0.0;0.0;0.0;0.0;0.0;0.0;0.0;0.0;0.0;0.0;0.0;0.0;0.0;0.0;0.0;0.0;0.0;0.0;0.0;0.0;0.0;0.0;0.0;0.0;0.0;0.0;0.0;0.0;0.0;0.0;0.0;0.0;0.0;0.0;0.0;0.0;0.0;0.0;0.0;0.0
Subject_IXI057;0.0;0.0;0.0;0.0;0.0;0.0;0.0;0.0;0.0;0.0;0.0;0.0;0.0;0.0;0.0;0.0;0.0;0.0;0.0;0.0;0.0;0.0;0.0;0.0;0.0;0.0;0.0;0.0;0.0;0.0;0.0;0.0;0.0;0.0;0.0;0.0;0.0;0.0;0.0;0.0;0.0;0.0;0.6733668341708565;2.1407035175879514;4.934673366834176;6.8643216080402;8.39195979899499;10.487437185929657;11.527638190954775;12.226130653266331;12.924623115577887;13.62311557788945;14.0;13.959798994974875;12.562814070351749;10.748743718592955;8.653266331658287;6.557788944723619;5.48743718592965;5.0;5.0;4.391959798994975;4.306532663316588;5.0;5.0;5.0;4.899497487437188;4.201005025125625;4.0;4.0;4.0;4.0;4.0;4.0;4.0;4.0;4.0;4.0;4.0;4.0;4.0;3.4221105527638187;3.0;3.0;3.0;3.0;3.0;3.0;3.0;3.0;3.0;2.437185929648237;2.261306532663326;2.959798994974875;3.0;3.0;3.0;3.0;3.0;3.0;3.0;3.5477386934673376;4.0;4.0;4.643216080402013;5.0;5.040201005025125;5.738693467336688;6.0;6.0;6.0;7.065326633165824;8.46231155778895;9.859296482412077;10.0;10.32663316582915;11.0;11.0;10.577889447236174;9.879396984924625;9.180904522613062;7.964824120602998;6.5678391959799;5.170854271356774;1.9346733668341187;0.0;0.0;0.0;0.0;0.0;0.0;0.0;0.0;0.0;0.0;0.0;0.0;0.0;0.0;0.0;0.0;0.0;0.0;0.0;0.0;0.0;0.0;0.0;0.0;0.0;0.0;0.0;0.0;0.0;0.0;0.0;0.0;0.0;0.0;0.0;0.0;0.0;0.0;0.0;0.0;0.0;0.0;0.0;0.0;0.0;0.0;0.0;0.0;0.0;0.0;0.0;0.0;0.0;0.0;0.0;0.0;0.0;0.0;0.0;0.0;0.0;0.0;0.0;0.0;0.0;0.0;0.0;0.0;0.0;0.0;0.0;0.0;0.0;0.0;0.0
Subject_IXI083;0.0;0.0;0.0;0.0;0.0;0.0;0.0;0.0;0.0;0.0;0.0;0.0;0.0;0.0;0.0;0.0;0.0;0.0;0.0;0.0;0.0;0.0;0.0;0.0;0.0;0.0;0.0;0.0;0.0;0.0;0.0;0.0;0.0;0.0;0.0;0.0;0.0;0.0;0.0;0.0;0.0;0.0;0.0;0.0;0.0;0.0;0.11055276381910062;1.5477386934673376;3.969849246231149;6.422110552763826;7.859296482412063;8.64824120603015;9.0;9.085427135678394;9.804020100502512;10.522613065326631;11.241206030150757;11.959798994974875;12.0;11.206030150753762;9.768844221105525;8.331658291457288;6.894472361809051;5.7286432160804;5.010050251256281;3.5829145728643255;3.427135678391963;3.8542713567839186;3.1356783919598;3.5829145728643184;4.0;4.0;4.0;3.5427135678391934;3.175879396984925;3.8944723618090435;3.386934673366831;3.0;3.050251256281406;3.7688442211055246;3.5125628140703498;3.2060301507537687;3.9246231155778872;4.0;4.0;4.0;4.0;4.0;3.7638190954773876;3.045226130653269;3.0;3.0;3.0;3.0;2.4522613065326624;2.0;2.0;2.0;2.0;2.0;2.0;2.0;2.0;2.0;2.0;2.4522613065326624;3.0;3.0;3.608040201005025;4.326633165829151;5.0;5.0;5.0;5.201005025125625;5.91959798994975;6.638190954773876;7.713567839195974;9.075376884422113;9.793969849246238;10.51256281407035;11.0;11.0;11.0;10.613065326633162;9.89447236180905;9.175879396984925;6.286432160803997;2.9547738693467522;0.08040201005024983;0.0;0.0;0.0;0.0;0.0;0.0;0.0;0.0;0.0;0.0;0.0;0.0;0.0;0.0;0.0;0.0;0.0;0.0;0.0;0.0;0.0;0.0;0.0;0.0;0.0;0.0;0.0;0.0;0.0;0.0;0.0;0.0;0.0;0.0;0.0;0.0;0.0;0.0;0.0;0.0;0.0;0.0;0.0;0.0;0.0;0.0;0.0;0.0;0.0;0.0;0.0;0.0;0.0;0.0;0.0;0.0;0.0;0.0;0.0;0.0;0.0;0.0;0.0;0.0;0.0;0.0;0.0;0.0;0.0;0.0;0.0
Subject_IXI104;0.0;0.0;0.0;0.0;0.0;0.0;0.0;0.0;0.0;0.0;0.0;0.0;0.0;0.0;0.0;0.0;0.0;0.0;0.0;0.0;0.0;0.0;0.0;0.0;0.0;0.0;0.0;0.0;0.0;0.0;0.0;0.0;0.0;0.0;0.0;0.0;0.0;0.0;0.0;0.0;0.0;0.0;0.0;0.0;0.0;0.0;0.0;0.0;1.5678391959799;4.050251256281406;5.316582914572862;6.582914572864311;7.8492462311557745;8.557788944723619;9.0;9.0;9.4572864321608;10.090452261306531;10.723618090452263;10.643216080402013;10.010050251256281;9.376884422110557;8.743718592964825;8.1105527638191;5.909547738693476;4.155778894472363;4.788944723618087;4.577889447236181;4.055276381909543;4.688442211055275;5.0;5.0;4.4120603015075375;4.0;4.0;4.0;4.0;4.0;4.0;4.0201005025125625;4.653266331658287;4.713567839195981;4.080402010050257;4.0;4.0;4.0;4.0;4.0;4.0;4.0;4.0;4.0;3.7487437185929693;3.1155778894472377;3.0;3.0;3.0;3.0;3.0;3.0;3.0;3.0;2.4170854271356887;2.0;2.0;2.0;2.2311557788944754;3.4974874371859244;4.0;4.0;4.0;4.0;4.0;4.547738693467338;5.0;5.0;5.447236180904525;6.0;6.0;6.346733668341699;6.9798994974874375;8.839195979899486;10.246231155778887;10.879396984924625;11.51256281407035;12.0;12.0;12.0;11.954773869346738;11.321608040201014;10.37688442211055;9.1105527638191;7.844221105527652;5.733668341708608;1.9346733668341756;0.5226130653266381;0.0;0.0;0.0;0.0;0.0;0.0;0.0;0.0;0.0;0.0;0.0;0.0;0.0;0.0;0.0;0.0;0.0;0.0;0.0;0.0;0.0;0.0;0.0;0.0;0.0;0.0;0.0;0.0;0.0;0.0;0.0;0.0;0.0;0.0;0.0;0.0;0.0;0.0;0.0;0.0;0.0;0.0;0.0;0.0;0.0;0.0;0.0;0.0;0.0;0.0;0.0;0.0;0.0;0.0;0.0;0.0;0.0;0.0;0.0;0.0;0.0;0.0;0.0;0.0
Subject_IXI568;0.0;0.0;0.0;0.0;0.0;0.0;0.0;0.0;0.0;0.0;0.0;0.0;0.0;0.0;0.0;0.0;0.0;0.0;0.0;0.0;0.0;0.0;0.0;0.0;0.0;0.0;0.0;0.0;0.0;0.0;0.0;0.0;0.0;0.0;0.0;0.0;0.0;0.0;0.0;0.0;0.0;0.0;0.0;0.0;0.0;0.0;0.0;0.0;2.9899497487437188;5.51256281407035;6.829145728643212;8.718592964824111;10.231155778894468;10.8894472361809;11.0;11.0;11.0;11.0;10.457286432160814;8.48241206030152;7.005025125628151;5.688442211055275;4.371859296482413;4.0;4.130653266331656;4.788944723618087;5.0;5.0;5.0;4.577889447236181;3.91959798994975;3.261306532663319;3.396984924623112;3.944723618090457;3.2864321608040257;3.3718592964824126;4.0;4.0;4.0;4.005025125628137;4.663316582914568;4.678391959799001;4.0201005025125625;4.0;4.0;4.0;4.0;3.728643216080407;3.0703517587939757;3.0;3.0;3.0;4.125628140703512;4.778894472361813;4.120603015075382;4.0;4.0;4.0;4.0;4.0;4.0;4.0;4.0;4.0;4.0;4.0;4.0;4.0;4.0;4.0;4.4120603015075375;5.0703517587939615;5.7286432160804;6.0;6.090452261306524;7.4070351758794;8.723618090452248;10.020100502512562;10.678391959798986;11.336683417085425;11.994974874371849;11.346733668341713;11.0;11.0;10.371859296482413;9.713567839195989;9.05527638190955;4.17587939698501;0.7386934673366881;0.08040201005024983;0.0;0.0;0.0;0.0;0.0;0.0;0.0;0.0;0.0;0.0;0.0;0.0;0.0;0.0;0.0;0.0;0.0;0.0;0.0;0.0;0.0;0.0;0.0;0.0;0.0;0.0;0.0;0.0;0.0;0.0;0.0;0.0;0.0;0.0;0.0;0.0;0.0;0.0;0.0;0.0;0.0;0.0;0.0;0.0;0.0;0.0;0.0;0.0;0.0;0.0;0.0;0.0;0.0;0.0;0.0;0.0;0.0;0.0;0.0;0.0;0.0;0.0;0.0;0.0;0.0;0.0;0.0;0.0;0.0;0.0
Subject_IXI313;0.0;0.0;0.0;0.0;0.0;0.0;0.0;0.0;0.0;0.0;0.0;0.0;0.0;0.0;0.0;0.0;0.0;0.0;0.0;0.0;0.0;0.0;0.0;0.0;0.0;0.0;0.0;0.0;0.0;0.0;0.0;0.0;0.0;0.0;0.0;0.0;0.0;0.0;0.0;0.0;0.0;0.0;0.0;0.0;0.0;1.3467336683416988;4.165829145728651;6.321608040201006;8.96984924623115;11.422110552763826;12.859296482412063;13.64824120603015;14.366834170854268;15.085427135678394;15.804020100502512;13.909547738693476;11.517587939698487;10.08040201005025;8.643216080402013;7.603015075376881;7.0;7.0;7.0;6.7286432160804;6.010050251256281;4.5829145728643255;4.0;4.0;4.0;4.0;4.0;4.0;4.0;3.5427135678391934;3.0;3.0;3.0;3.0;3.0;3.0;3.0;3.2060301507537687;3.9246231155778872;4.0;4.0;4.0;4.0;4.0;4.0;4.0;4.0;3.21608040201005;2.0;2.0;2.0;2.266331658291463;2.9849246231155746;3.0;3.0;2.859296482412063;2.140703517587937;2.0;2.0;2.0150753768844254;2.733668341708537;3.0;3.0;3.0;3.608040201005025;4.0;4.0;4.0;4.482412060301513;5.0;5.0;5.638190954773876;6.0;6.075376884422113;6.793969849246238;7.51256281407035;8.0;8.0;10.67336683417085;13.547738693467352;16.0;16.0;16.5427135678392;16.738693467336688;16.020100502512562;15.301507537688437;14.165829145728651;12.5929648241206;10.437185929648223;8.281407035175889;5.834170854271349;2.969849246231135;0.8140703517588008;0.0;0.0;0.0;0.0;0.0;0.0;0.0;0.0;0.0;0.0;0.0;0.0;0.0;0.0;0.0;0.0;0.0;0.0;0.0;0.0;0.0;0.0;0.0;0.0;0.0;0.0;0.0;0.0;0.0;0.0;0.0;0.0;0.0;0.0;0.0;0.0;0.0;0.0;0.0;0.0;0.0;0.0;0.0;0.0;0.0;0.0;0.0;0.0;0.0;0.0;0.0;0.0;0.0;0.0;0.0;0.0;0.0;0.0;0.0;0.0;0.0;0.0;0.0
Subject_IXI635;0.0;0.0;0.0;0.0;0.0;0.0;0.0;0.0;0.0;0.0;0.0;0.0;0.0;0.0;0.0;0.0;0.0;0.0;0.0;0.0;0.0;0.0;0.0;0.0;0.0;0.0;0.0;0.0;0.0;0.0;0.0;0.0;0.0;0.0;0.0;0.0;0.0;0.0;0.0;0.0;0.0;0.0;0.0;0.0;0.0;0.0;0.0;0.0;1.8291457286431978;4.5879396984924625;6.804020100502505;8.346733668341713;9.824120603015075;11.150753768844218;11.889447236180906;12.628140703517587;13.366834170854268;13.577889447236174;10.62311557788945;8.834170854271363;7.356783919597987;5.939698492462313;5.201005025125632;5.0;5.0;4.984924623115582;4.246231155778894;4.492462311557787;4.768844221105532;4.030150753768844;4.0;4.0;4.0;4.0;4.0;4.0;3.859296482412063;3.120603015075382;3.0;3.0;3.0;3.0;3.572864321608037;4.0;4.0;4.0;4.0;4.0;4.005025125628137;4.743718592964825;4.517587939698501;4.0;4.0;4.0;3.562814070351763;3.0;3.0;3.0;3.0;3.0;3.0;3.0;3.0;3.0;3.0;2.437185929648237;2.0;2.0;2.0;2.0;2.0;2.0;2.733668341708537;2.527638190954775;2.211055276381913;2.9497487437185868;3.0;3.427135678391963;4.0;4.0;4.643216080402013;5.0;5.120603015075375;5.859296482412063;6.597989949748737;8.683417085427124;12.075376884422113;12.814070351758787;13.0;12.708542713567837;12.0;12.0;11.492462311557787;10.753768844221113;10.015075376884425;7.829145728643212;5.150753768844254;2.597989949748751;1.1206030150753747;0.3216080402010135;0.0;0.0;0.0;0.0;0.0;0.0;0.0;0.0;0.0;0.0;0.0;0.0;0.0;0.0;0.0;0.0;0.0;0.0;0.0;0.0;0.0;0.0;0.0;0.0;0.0;0.0;0.0;0.0;0.0;0.0;0.0;0.0;0.0;0.0;0.0;0.0;0.0;0.0;0.0;0.0;0.0;0.0;0.0;0.0;0.0;0.0;0.0;0.0;0.0;0.0;0.0;0.0;0.0;0.0;0.0;0.0;0.0;0.0;0.0;0.0
Subject_IXI327;0.0;0.0;0.0;0.0;0.0;0.0;0.0;0.0;0.0;0.0;0.0;0.0;0.0;0.0;0.0;0.0;0.0;0.0;0.0;0.0;0.0;0.0;0.0;0.0;0.0;0.0;0.0;0.0;0.0;0.0;0.0;0.0;0.0;0.0;0.0;0.0;0.0;0.0;0.0;0.0;0.0;0.0;0.0;0.0;0.0;0.0;0.0;0.3618090452261242;2.4120603015075375;4.462311557788929;6.0;6.0;6.537688442211056;7.221105527638187;7.904522613065325;8.587939698492463;9.271356783919593;9.954773869346731;10.0;9.035175879397002;6.994974874371863;6.311557788944725;5.256281407035175;4.0;4.0;3.5778894472361813;3.0;3.0;3.0;3.0;3.0;3.0;3.0;3.0;3.0;3.0;3.0;3.0;3.0;3.0;3.0;2.643216080402013;2.0;2.0;2.4070351758793933;3.0;3.0;3.0;2.859296482412063;2.175879396984925;2.5075376884422056;2.8090452261306567;2.125628140703519;2.0;2.0;2.0;2.608040201005025;3.0;3.0;3.0;3.0;2.9748743718593005;2.2914572864321627;2.0;2.0;2.0;2.442211055276374;3.0;3.0;3.0;3.175879396984925;3.859296482412063;4.542713567839186;5.226130653266324;5.909547738693462;6.5929648241206;7.829145728643212;9.879396984924625;11.286432160803997;12.0;12.010050251256274;12.693467336683412;13.37688442211055;13.939698492462313;13.256281407035175;12.145728643216103;11.0;11.0;9.567839195979914;7.356783919598001;4.62311557788945;1.8894472361808994;0.0;0.0;0.0;0.0;0.0;0.0;0.0;0.0;0.0;0.0;0.0;0.0;0.0;0.0;0.0;0.0;0.0;0.0;0.0;0.0;0.0;0.0;0.0;0.0;0.0;0.0;0.0;0.0;0.0;0.0;0.0;0.0;0.0;0.0;0.0;0.0;0.0;0.0;0.0;0.0;0.0;0.0;0.0;0.0;0.0;0.0;0.0;0.0;0.0;0.0;0.0;0.0;0.0;0.0;0.0;0.0;0.0;0.0;0.0;0.0;0.0;0.0;0.0;0.0;0.0;0.0;0.0;0.0
Subject_IXI609;0.0;0.0;0.0;0.0;0.0;0.0;0.0;0.0;0.0;0.0;0.0;0.0;0.0;0.0;0.0;0.0;0.0;0.0;0.0;0.0;0.0;0.0;0.0;0.0;0.0;0.0;0.0;0.0;0.0;0.0;0.0;0.0;0.0;0.0;0.0;0.0;0.0;0.0;0.0;0.0;0.0;0.0;0.0;0.0;0.0;0.0;0.0;0.5276381909547752;2.5175879396984904;5.010050251256274;7.165829145728644;7.829145728643212;8.984924623115575;10.155778894472363;10.81909547738693;11.0;11.145728643216081;11.80904522613065;12.472361809045225;12.7286432160804;11.402010050251263;10.075376884422113;8.874371859296481;8.211055276381913;7.095477386934675;5.768844221105525;4.442211055276388;4.0;4.0;4.0;4.0;4.0;4.0;3.5778894472361813;3.085427135678394;3.748743718592962;3.5879396984924625;3.0753768844221128;3.738693467336681;4.0;4.0;4.0;4.0;4.0;4.0;4.0;4.0;4.0;4.0;4.0;4.0;4.0;4.0;4.0;4.0;4.0;4.0;4.0;3.994974874371863;3.3316582914572876;3.0;3.0;3.0;2.6783919597990007;2.0150753768844254;2.64824120603015;2.688442211055275;2.0251256281406995;2.0;2.0;2.0;2.6281407035175874;3.0;3.0;3.618090452261299;4.281407035175874;4.94472361809045;5.0;4.7286432160804;4.065326633165824;3.4020100502512634;2.216080402010064;0.2261306532663383;0.0;0.0;0.0;0.0;0.0;0.0;0.0;0.0;0.0;0.0;0.0;0.0;0.0;0.0;0.0;0.0;0.0;0.0;0.0;0.0;0.0;0.0;0.0;0.0;0.0;0.0;0.0;0.0;0.0;0.0;0.0;0.0;0.0;0.0;0.0;0.0;0.0;0.0;0.0;0.0;0.0;0.0;0.0;0.0;0.0;0.0;0.0;0.0;0.0;0.0;0.0;0.0;0.0;0.0;0.0;0.0;0.0;0.0;0.0;0.0;0.0;0.0;0.0;0.0;0.0;0.0;0.0;0.0;0.0;0.0;0.0;0.0;0.0;0.0;0.0;0.0;0.0
Subject_IXI614;0.0;0.0;0.0;0.0;0.0;0.0;0.0;0.0;0.0;0.0;0.0;0.0;0.0;0.0;0.0;0.0;0.0;0.0;0.0;0.0;0.0;0.0;0.0;0.0;0.0;0.0;0.0;0.0;0.0;0.0;0.0;0.0;0.0;0.0;0.0;0.0;0.0;0.0;0.0;0.0;0.0;0.0;0.0;0.0;0.0;0.07537688442209145;3.743718592964811;6.447236180904518;8.64824120603015;10.849246231155782;11.68341708542713;13.251256281407024;15.150753768844218;15.884422110552762;16.618090452261306;17.35175879396985;17.658291457286452;14.723618090452277;12.341708542713576;10.427135678391963;8.979899497487438;8.246231155778894;7.025125628140714;5.778894472361813;5.045226130653269;4.311557788944725;4.0;4.0;4.0;4.0;4.356783919597987;5.0;5.0;4.442211055276388;4.0;4.0251256281406995;4.758793969849243;4.507537688442213;4.0;4.0;4.0;4.0;4.0;4.0;3.3718592964824126;3.3618090452261242;4.095477386934668;4.829145728643212;5.0;5.0;5.0;5.0;5.0;5.0;5.0;5.0;4.5678391959799;4.0;4.0;4.0;4.0;4.0;4.0;4.5678391959799;5.0;5.0;5.0;5.0;5.0;5.0;5.7035175879397;6.437185929648237;7.170854271356774;7.904522613065325;8.638190954773862;9.371859296482413;10.211055276381899;11.678391959798972;13.145728643216074;14.306532663316574;15.0;15.0;15.0;15.0;15.0;14.291457286432163;13.115577889447252;11.824120603015075;11.090452261306538;9.713567839196003;7.115577889447252;3.6683417085427408;1.4673366834170878;0.4221105527638258;0.0;0.0;0.0;0.0;0.0;0.0;0.0;0.0;0.0;0.0;0.0;0.0;0.0;0.0;0.0;0.0;0.0;0.0;0.0;0.0;0.0;0.0;0.0;0.0;0.0;0.0;0.0;0.0;0.0;0.0;0.0;0.0;0.0;0.0;0.0;0.0;0.0;0.0;0.0;0.0;0.0;0.0;0.0;0.0;0.0;0.0;0.0;0.0;0.0;0.0;0.0;0.0;0.0;0.0;0.0;0.0;0.0;0.0;0.0;0.0;0.0;0.0;0.0;0.0;0.0;0.0
Subject_IXI384;0.0;0.0;0.0;0.0;0.0;0.0;0.0;0.0;0.0;0.0;0.0;0.0;0.0;0.0;0.0;0.0;0.0;0.0;0.0;0.0;0.0;0.0;0.0;0.0;0.0;0.0;0.0;0.0;0.0;0.0;0.0;0.0;0.0;0.0;0.0;0.0;0.0;0.0;0.0;0.0;0.0;0.0;0.0;0.2261306532663312;0.8592964824120592;4.447236180904511;8.376884422110546;10.27638190954773;11.391959798994975;12.050251256281406;13.316582914572862;14.291457286432156;14.924623115577887;13.326633165829143;11.236180904522627;8.7035175879397;8.0;7.819095477386938;6.552763819095475;5.643216080402013;5.010050251256281;5.0;5.0;5.0;4.477386934673369;4.0;4.0;4.0;4.055276381909543;4.688442211055275;4.678391959799001;4.045226130653269;4.0;4.0;4.0;3.512562814070357;3.0;3.0;3.0;3.0201005025125625;3.653266331658287;3.7135678391959814;3.080402010050257;3.0;3.1859296482412063;3.819095477386931;4.0;4.0;4.0;4.0;4.0;4.0;4.0;4.0;4.0;4.0;4.0;3.5829145728643255;3.0;3.0;3.0;3.0;3.0;2.78391959798995;2.1507537688442255;2.482412060301499;3.0;3.0;3.0;3.0;3.0;3.2814070351758744;3.914572864321599;4.0;4.180904522613062;4.814070351758787;4.552763819095475;4.08040201005025;4.713567839195974;5.346733668341699;5.9798994974874375;10.291457286432134;13.246231155778887;13.879396984924625;14.51256281407035;14.854271356783926;14.221105527638201;14.0;13.954773869346738;13.321608040201014;12.065326633165824;10.165829145728651;8.844221105527652;7.577889447236203;6.311557788944725;5.045226130653276;3.5577889447236544;1.0251256281406995;0.0;0.0;0.0;0.0;0.0;0.0;0.0;0.0;0.0;0.0;0.0;0.0;0.0;0.0;0.0;0.0;0.0;0.0;0.0;0.0;0.0;0.0;0.0;0.0;0.0;0.0;0.0;0.0;0.0;0.0;0.0;0.0;0.0;0.0;0.0;0.0;0.0;0.0;0.0;0.0;0.0;0.0;0.0;0.0;0.0;0.0;0.0;0.0;0.0;0.0;0.0;0.0;0.0;0.0;0.0;0.0;0.0;0.0;0.0;0.0;0.0;0.0
Subject_IXI049;0.0;0.0;0.0;0.0;0.0;0.0;0.0;0.0;0.0;0.0;0.0;0.0;0.0;0.0;0.0;0.0;0.0;0.0;0.0;0.0;0.0;0.0;0.0;0.0;0.0;0.0;0.0;0.0;0.0;0.0;0.0;0.0;0.0;0.0;0.0;0.0;0.0;0.0;0.0;0.0;0.0;0.0;0.0;0.0;0.0;0.0;0.0;0.7185929648241185;2.829145728643198;5.5879396984924625;7.804020100502505;8.673366834170857;9.824120603015075;11.150753768844218;11.889447236180906;12.628140703517587;13.0;12.68341708542713;10.467336683417088;8.834170854271363;7.356783919597987;5.939698492462313;5.201005025125632;4.462311557788944;4.0;4.0;4.0;3.5075376884422127;3.2311557788944683;3.9698492462311563;3.2914572864321627;3.0;3.0;3.0;3.0;3.4020100502512562;3.859296482412063;3.120603015075382;3.0;3.0;2.9045226130653248;2.165829145728644;2.572864321608037;3.0;3.0;3.0;3.0;3.0;3.005025125628137;3.743718592964825;3.517587939698501;3.0;3.0;3.0;3.0;3.0;3.0;3.0;3.0;3.130653266331663;3.869346733668337;3.391959798994975;3.0;3.0;3.0;3.0;3.0;3.040201005025125;3.778894472361813;4.0;4.256281407035175;4.994974874371863;5.0;5.472361809045225;6.0;6.0;6.688442211055275;7.854271356783926;9.663316582914547;12.618090452261299;13.0;13.0;12.879396984924625;12.140703517587937;11.402010050251263;10.663316582914575;9.924623115577887;9.185929648241213;6.236180904522627;2.834170854271349;0.0;0.0;0.0;0.0;0.0;0.0;0.0;0.0;0.0;0.0;0.0;0.0;0.0;0.0;0.0;0.0;0.0;0.0;0.0;0.0;0.0;0.0;0.0;0.0;0.0;0.0;0.0;0.0;0.0;0.0;0.0;0.0;0.0;0.0;0.0;0.0;0.0;0.0;0.0;0.0;0.0;0.0;0.0;0.0;0.0;0.0;0.0;0.0;0.0;0.0;0.0;0.0;0.0;0.0;0.0;0.0;0.0;0.0;0.0;0.0;0.0;0.0;0.0;0.0;0.0;0.0;0.0;0.0;0.0;0.0
Subject_IXI128;0.0;0.0;0.0;0.0;0.0;0.0;0.0;0.0;0.0;0.0;0.0;0.0;0.0;0.0;0.0;0.0;0.0;0.0;0.0;0.0;0.0;0.0;0.0;0.0;0.0;0.0;0.0;0.0;0.0;0.0;0.0;0.0;0.0;0.0;0.0;0.0;0.0;0.0;0.0;0.0;0.0;0.0;0.0;0.0;0.0;0.0;0.0;0.0;0.0;0.0;0.0;0.8140703517588008;5.065326633165824;7.105527638190949;8.522613065326624;9.939698492462313;10.678391959798994;11.38693467336683;12.0;12.0;11.48743718592965;10.557788944723626;9.140703517587951;8.361809045226131;7.306532663316588;5.889447236180914;4.472361809045225;4.472361809045225;5.0;5.0;3.8040201005025125;3.306532663316581;4.0;4.0;4.0;4.0;4.0;4.0;4.0;4.0;4.0;3.608040201005025;3.0;3.0;2.482412060301513;2.226130653266331;2.9346733668341685;3.0;3.351758793969843;4.0;4.0;4.0;3.814070351758801;3.1055276381909636;3.0;3.0;3.0;3.0;3.0;3.0;3.0;3.0;2.7286432160803997;2.0201005025125625;2.0;2.0;2.0;2.0;2.522613065326624;3.0;3.0;3.0;3.356783919597987;4.0;4.0;4.0;4.190954773869336;4.899497487437188;5.608040201005025;6.0;6.050251256281399;7.467336683417074;8.884422110552748;10.150753768844211;10.859296482412049;11.0;11.0;11.0;10.306532663316588;9.59798994974875;8.778894472361827;7.361809045226153;5.94472361809045;3.819095477386938;0.27638190954775155;0.0;0.0;0.0;0.0;0.0;0.0;0.0;0.0;0.0;0.0;0.0;0.0;0.0;0.0;0.0;0.0;0.0;0.0;0.0;0.0;0.0;0.0;0.0;0.0;0.0;0.0;0.0;0.0;0.0;0.0;0.0;0.0;0.0;0.0;0.0;0.0;0.0;0.0;0.0;0.0;0.0;0.0;0.0;0.0;0.0;0.0;0.0;0.0;0.0;0.0;0.0;0.0;0.0;0.0;0.0;0.0;0.0;0.0;0.0;0.0;0.0;0.0;0.0;0.0;0.0
Subject_IXI481;0.0;0.0;0.0;0.0;0.0;0.0;0.0;0.0;0.0;0.0;0.0;0.0;0.0;0.0;0.0;0.0;0.0;0.0;0.0;0.0;0.0;0.0;0.0;0.0;0.0;0.0;0.0;0.0;0.0;0.0;0.0;0.0;0.0;0.0;0.0;0.0;0.0;0.0;0.0;0.0;0.0;0.0;0.0;0.0;0.0;0.0;0.0;0.0;2.6381909547738758;5.226130653266331;5.924623115577887;6.62311557788945;7.321608040201006;8.0;8.0;8.0;8.115577889447238;8.814070351758794;9.0;8.788944723618087;8.090452261306531;6.78391959798995;6.0;5.994974874371856;5.2964824120603;4.1959798994974875;3.0;3.0;3.0;3.0;3.0;3.0;3.0;3.0;3.0;3.386934673366838;4.085427135678394;4.78391959798995;4.517587939698487;4.0;4.0;4.0;4.0;4.0;4.0;4.0;4.070351758793976;4.768844221105532;5.0;4.834170854271356;4.1356783919598;4.0;3.738693467336674;3.040201005025125;3.0;3.0;3.0;3.0;3.0;3.0;3.0;3.0;3.0;3.0;3.0;3.0;3.0;3.0;3.0;3.0;3.0;3.532663316582912;4.0;4.0;5.256281407035175;6.0;6.0251256281406995;6.723618090452263;7.422110552763826;8.361809045226124;10.457286432160814;12.035175879397002;12.78391959798995;12.085427135678387;12.613065326633176;12.688442211055275;11.989949748743712;11.291457286432163;10.5929648241206;9.894472361809036;9.195979899497488;6.487437185929622;3.3969849246231263;1.3015075376884369;0.40201005025124914;0.0;0.0;0.0;0.0;0.0;0.0;0.0;0.0;0.0;0.0;0.0;0.0;0.0;0.0;0.0;0.0;0.0;0.0;0.0;0.0;0.0;0.0;0.0;0.0;0.0;0.0;0.0;0.0;0.0;0.0;0.0;0.0;0.0;0.0;0.0;0.0;0.0;0.0;0.0;0.0;0.0;0.0;0.0;0.0;0.0;0.0;0.0;0.0;0.0;0.0;0.0;0.0;0.0;0.0;0.0;0.0;0.0;0.0;0.0;0.0;0.0;0.0;0.0;0.0;0.0
Subject_IXI072;0.0;0.0;0.0;0.0;0.0;0.0;0.0;0.0;0.0;0.0;0.0;0.0;0.0;0.0;0.0;0.0;0.0;0.0;0.0;0.0;0.0;0.0;0.0;0.0;0.0;0.0;0.0;0.0;0.0;0.0;0.0;0.0;0.0;0.0;0.0;0.0;0.0;0.0;0.0;0.0;0.0;0.0;2.738693467336688;5.502512562814076;6.909547738693469;7.658291457286435;8.361809045226131;9.065326633165832;9.768844221105532;10.0;10.175879396984925;10.879396984924625;11.0;10.140703517587923;8.030150753768844;5.919597989949743;4.603015075376881;3.8994974874371806;3.1959798994974875;2.4924623115577873;2.211055276381913;2.914572864321613;2.381909547738694;2.0;2.0251256281407066;2.728643216080407;3.0;3.0;3.0;2.4572864321607994;2.2462311557789008;2.949748743718594;3.0;3.3567839195979943;4.0;4.0;4.0;4.0;4.0;3.4221105527638187;3.2814070351758815;3.9849246231155817;4.0;4.0;3.9045226130653248;3.2010050251256246;3.0;3.0;3.0;3.0;2.6834170854271306;2.0;2.0;2.0;2.0;2.0;2.5376884422110635;3.0;3.0;3.0;3.0;3.0;3.0;3.0;3.165829145728651;3.869346733668351;4.0;4.0;4.0;3.3165829145728623;2.613065326633162;2.090452261306538;2.7939698492462384;3.4974874371859386;4.0;4.0;4.0;4.0;4.030150753768851;5.437185929648251;6.422110552763826;7.62814070351763;11.145728643216131;11.467336683417074;11.0;11.0;10.356783919597987;9.653266331658287;8.899497487437174;7.492462311557773;5.170854271356745;2.5175879396984584;0.4070351758793578;0.0;0.0;0.0;0.0;0.0;0.0;0.0;0.0;0.0;0.0;0.0;0.0;0.0;0.0;0.0;0.0;0.0;0.0;0.0;0.0;0.0;0.0;0.0;0.0;0.0;0.0;0.0;0.0;0.0;0.0;0.0;0.0;0.0;0.0;0.0;0.0;0.0;0.0;0.0;0.0;0.0;0.0;0.0;0.0;0.0;0.0;0.0;0.0;0.0;0.0;0.0;0.0;0.0;0.0;0.0;0.0;0.0;0.0;0.0;0.0;0.0;0.0;0.0;0.0;0.0;0.0;0.0
Subject_IXI257;0.0;0.0;0.0;0.0;0.0;0.0;0.0;0.0;0.0;0.0;0.0;0.0;0.0;0.0;0.0;0.0;0.0;0.0;0.0;0.0;0.0;0.0;0.0;0.0;0.0;0.0;0.0;0.0;0.0;0.0;0.0;0.0;0.0;0.0;0.0;0.0;0.0;0.0;0.0;0.0;0.0;0.0;0.0;0.0;0.0;0.0;0.0;0.0;0.3216080402009993;2.9949748743718487;4.834170854271363;6.170854271356788;7.507537688442213;8.422110552763819;9.090452261306531;9.758793969849243;10.854271356783926;12.0;12.0;10.7035175879397;8.59798994974875;5.9246231155779014;5.0;4.8944723618090435;4.226130653266331;4.0;4.0;4.0;3.5527638190954747;3.0;3.0;3.0;3.0;3.0;3.0;3.0;3.0;3.0;3.0;3.0;2.532663316582912;2.1356783919598;2.8040201005025125;3.0;2.859296482412063;2.1909547738693433;2.0;2.1457286432160814;2.8140703517587937;3.0;2.8492462311557816;2.180904522613062;2.0;2.0;2.0;2.0;2.0;2.0;2.0;2.165829145728651;2.8341708542713633;3.0;2.829145728643212;2.1608040201004997;2.0;2.0;2.0;2.5125628140703498;2.819095477386938;2.1507537688442255;2.517587939698487;3.0;3.0;3.0;3.381909547738701;4.718592964824126;5.0;5.1959798994974875;5.8643216080402;6.532663316582912;7.603015075376874;9.60804020100501;9.46231155778895;9.0;9.0;8.4572864321608;8.211055276381913;8.879396984924625;7.356783919597987;5.5678391959799;4.231155778894475;2.8944723618090507;1.557788944723626;0.22110552763820124;0.0;0.0;0.0;0.0;0.0;0.0;0.0;0.0;0.0;0.0;0.0;0.0;0.0;0.0;0.0;0.0;0.0;0.0;0.0;0.0;0.0;0.0;0.0;0.0;0.0;0.0;0.0;0.0;0.0;0.0;0.0;0.0;0.0;0.0;0.0;0.0;0.0;0.0;0.0;0.0;0.0;0.0;0.0;0.0;0.0;0.0;0.0;0.0;0.0;0.0;0.0;0.0;0.0;0.0;0.0;0.0;0.0;0.0;0.0;0.0;0.0;0.0;0.0;0.0;0.0;0.0
Subject_IXI522;0.0;0.0;0.0;0.0;0.0;0.0;0.0;0.0;0.0;0.0;0.0;0.0;0.0;0.0;0.0;0.0;0.0;0.0;0.0;0.0;0.0;0.0;0.0;0.0;0.0;0.0;0.0;0.0;0.0;0.0;0.0;0.0;0.0;0.0;0.0;0.0;0.0;0.0;0.0;0.0;0.0;0.0;0.0;0.0;0.0;0.0;0.0;0.0;0.0;1.206030150753783;4.597989949748751;6.793969849246231;9.105527638190978;11.819095477386952;13.266331658291463;14.0;14.0;14.66834170854272;15.346733668341713;15.92462311557788;13.8894472361809;11.472361809045225;9.0;9.0;7.748743718592955;5.8090452261306496;4.452261306532662;4.4522613065326695;5.0;5.0;4.51256281407035;4.0;4.0;4.522613065326638;4.798994974874368;4.120603015075375;4.0;4.0;4.0;4.592964824120607;5.0;5.0;4.3718592964824055;3.693467336683412;3.0150753768844183;3.0;3.0;3.0;3.0;3.0;3.0;3.0;2.5879396984924554;2.0;2.0;2.0;2.0;2.0;2.482412060301513;3.0;3.0;3.0;3.1959798994974875;3.874371859296488;4.0;4.0;4.0;4.5879396984924625;5.266331658291463;5.944723618090464;6.62311557788945;6.698492462311549;6.0201005025125625;7.3165829145728765;8.0;8.015075376884425;8.693467336683426;9.743718592964825;11.0;11.0;10.1859296482412;8.914572864321599;8.236180904522612;7.557788944723612;6.396984924623055;3.005025125628123;1.0452261306532478;0.0;0.0;0.0;0.0;0.0;0.0;0.0;0.0;0.0;0.0;0.0;0.0;0.0;0.0;0.0;0.0;0.0;0.0;0.0;0.0;0.0;0.0;0.0;0.0;0.0;0.0;0.0;0.0;0.0;0.0;0.0;0.0;0.0;0.0;0.0;0.0;0.0;0.0;0.0;0.0;0.0;0.0;0.0;0.0;0.0;0.0;0.0;0.0;0.0;0.0;0.0;0.0;0.0;0.0;0.0;0.0;0.0;0.0;0.0;0.0;0.0;0.0;0.0;0.0;0.0;0.0;0.0;0.0;0.0;0.0;0.0;0.0;0.0
Subject_IXI052;0.0;0.0;0.0;0.0;0.0;0.0;0.0;0.0;0.0;0.0;0.0;0.0;0.0;0.0;0.0;0.0;0.0;0.0;0.0;0.0;0.0;0.0;0.0;0.0;0.0;0.0;0.0;0.0;0.0;0.0;0.0;0.0;0.0;0.0;0.0;0.0;0.0;0.0;0.0;0.0;0.0;0.0;0.0;0.0;0.0;0.0;0.0;1.5075376884421843;5.030150753768844;7.1557788944723555;8.427135678391956;9.4070351758794;11.532663316582912;11.447236180904525;11.522613065326624;12.939698492462313;11.643216080402013;9.839195979899507;8.0;8.0;6.462311557788951;4.778894472361813;4.070351758793976;3.3618090452261313;3.346733668341706;3.944723618090457;3.2361809045226124;3.472361809045225;3.819095477386938;3.1105527638191006;3.5979899497487438;3.693467336683419;3.0150753768844183;3.7236180904522556;3.5678391959799;3.140703517587937;3.8492462311557745;4.0;4.266331658291456;4.974874371859293;4.316582914572869;4.0;4.0;4.0;4.0;4.0;4.0;4.0;4.0;4.0;4.0;4.0;4.0;4.0;3.3969849246231263;3.0;3.0;3.0;3.437185929648237;3.8542713567839257;3.1457286432160885;3.0;3.0;3.0;3.688442211055275;4.0;4.105527638190949;4.814070351758787;5.522613065326624;6.0;6.0;6.0;7.0703517587939615;9.130653266331649;10.547738693467323;11.482412060301499;12.0;12.0;11.391959798994975;10.366834170854275;8.9748743718593;8.266331658291463;7.557788944723626;6.698492462311577;5.281407035175903;3.2964824120603;1.4472361809045253;0.03015075376885079;0.0;0.0;0.0;0.0;0.0;0.0;0.0;0.0;0.0;0.0;0.0;0.0;0.0;0.0;0.0;0.0;0.0;0.0;0.0;0.0;0.0;0.0;0.0;0.0;0.0;0.0;0.0;0.0;0.0;0.0;0.0;0.0;0.0;0.0;0.0;0.0;0.0;0.0;0.0;0.0;0.0;0.0;0.0;0.0;0.0;0.0;0.0;0.0;0.0;0.0;0.0;0.0;0.0;0.0;0.0;0.0;0.0;0.0;0.0;0.0;0.0;0.0;0.0;0.0;0.0;0.0;0.0;0.0;0.0;0.0;0.0;0.0
Subject_IXI252;0.0;0.0;0.0;0.0;0.0;0.0;0.0;0.0;0.0;0.0;0.0;0.0;0.0;0.0;0.0;0.0;0.0;0.0;0.0;0.0;0.0;0.0;0.0;0.0;0.0;0.0;0.0;0.0;0.0;0.0;0.0;0.0;0.0;0.0;0.0;0.0;0.0;0.0;0.0;0.0;0.0;0.0;0.34673366834171304;2.1407035175879443;3.6231155778894504;4.819095477386938;5.507537688442213;6.1055276381909565;6.7035175879397;7.301507537688444;7.899497487437188;8.0;8.095477386934675;8.693467336683419;9.0;9.0;7.537688442211049;5.743718592964818;3.9497487437185868;3.0;3.0;3.0;3.0;3.0;3.0;3.0;3.0;3.0;3.0;2.738693467336681;2.140703517587937;2.4572864321608066;3.0;3.0;3.0;3.0;3.0;2.954773869346731;2.356783919597987;2.2412060301507566;2.8391959798995003;2.562814070351756;2.035175879396988;2.6331658291457316;3.0;3.0;3.0;3.0;3.0;2.778894472361806;2.180904522613062;2.4170854271356816;2.9849246231155746;2.386934673366831;2.0;2.0;2.0;2.0;2.0;1.7989949748743683;1.2010050251256246;1.0;1.0;1.0;1.0;1.0;1.386934673366838;1.9849246231155817;2.0;2.0;2.0;2.3768844221105496;2.9748743718593005;3.0;3.0;3.0;3.3668341708542755;3.9648241206030264;4.0;4.321608040200999;5.517587939698501;6.0;6.0;8.763819095477373;11.0;11.0;11.0;11.0;10.4572864321608;9.718592964824097;8.522613065326624;7.326633165829151;6.130653266331649;3.336683417085368;0.8693467336683369;0.2713567839196003;0.0;0.0;0.0;0.0;0.0;0.0;0.0;0.0;0.0;0.0;0.0;0.0;0.0;0.0;0.0;0.0;0.0;0.0;0.0;0.0;0.0;0.0;0.0;0.0;0.0;0.0;0.0;0.0;0.0;0.0;0.0;0.0;0.0;0.0;0.0;0.0;0.0;0.0;0.0;0.0;0.0;0.0;0.0;0.0;0.0;0.0;0.0;0.0;0.0;0.0;0.0;0.0;0.0;0.0;0.0;0.0;0.0;0.0;0.0;0.0;0.0;0.0;0.0;0.0
Subject_IXI605;0.0;0.0;0.0;0.0;0.0;0.0;0.0;0.0;0.0;0.0;0.0;0.0;0.0;0.0;0.0;0.0;0.0;0.0;0.0;0.0;0.0;0.0;0.0;0.0;0.0;0.0;0.0;0.0;0.0;0.0;0.0;0.0;0.0;0.0;0.0;0.0;0.0;0.0;0.0;0.0;0.0;0.0;0.0;0.8844221105527623;2.3216080402009993;4.874371859296474;6.356783919597991;6.994974874371859;7.633165829145728;8.271356783919597;8.909547738693465;9.0;9.371859296482413;10.64824120603015;10.075376884422113;8.698492462311563;6.783919597989957;6.0;5.969849246231163;4.693467336683412;3.7085427135678373;3.0703517587939686;3.0;2.7939698492462313;2.1557788944723626;2.482412060301506;3.0;3.0;3.396984924623112;3.9648241206030193;3.3266331658291435;3.311557788944725;3.949748743718594;3.4120603015075375;3.226130653266331;3.8643216080402;3.4974874371859315;3.140703517587937;3.778894472361806;3.5829145728643255;3.0;3.0;3.0;3.0;3.0;3.0;3.0;3.522613065326631;4.0;4.0;4.0;4.0;4.0;3.64824120603015;3.0100502512562812;2.3718592964824126;2.0;2.0;2.0;2.180904522613062;2.819095477386931;3.0;3.0;3.0;2.6281407035175874;2.0;2.0;2.2864321608040257;2.9246231155778872;3.0;2.7989949748743754;2.1608040201004997;2.477386934673362;3.0;3.0;3.391959798994975;4.0;4.0;4.613065326633176;5.889447236180899;5.4170854271356745;5.0;5.0;7.984924623115546;11.0;11.0;10.587939698492463;10.0;10.0;10.0;10.0;9.396984924623112;8.75879396984925;8.120603015075375;5.412060301507566;2.532663316582912;0.6180904522613275;0.0;0.0;0.0;0.0;0.0;0.0;0.0;0.0;0.0;0.0;0.0;0.0;0.0;0.0;0.0;0.0;0.0;0.0;0.0;0.0;0.0;0.0;0.0;0.0;0.0;0.0;0.0;0.0;0.0;0.0;0.0;0.0;0.0;0.0;0.0;0.0;0.0;0.0;0.0;0.0;0.0;0.0;0.0;0.0;0.0;0.0;0.0;0.0;0.0;0.0;0.0;0.0;0.0;0.0;0.0;0.0;0.0;0.0;0.0;0.0;0.0;0.0;0.0
Subject_IXI465;0.0;0.0;0.0;0.0;0.0;0.0;0.0;0.0;0.0;0.0;0.0;0.0;0.0;0.0;0.0;0.0;0.0;0.0;0.0;0.0;0.0;0.0;0.0;0.0;0.0;0.0;0.0;0.0;0.0;0.0;0.0;0.0;0.0;0.0;0.0;0.0;0.0;0.0;0.0;0.0;0.0;0.0;0.0;0.0;0.0;0.0;0.8592964824120557;3.040201005025125;5.934673366834176;7.914572864321613;9.18090452261307;9.904522613065325;10.628140703517587;11.35175879396985;11.698492462311549;8.804020100502498;6.432160804020086;5.0;5.0;3.613065326633162;3.0;3.0;3.0;2.4120603015075375;2.0;2.0;2.0;2.0;2.2060301507537687;2.9296482412060314;2.346733668341706;2.3768844221105567;2.8994974874371877;2.175879396984925;2.0;2.2713567839196003;2.994974874371863;2.2814070351758744;2.0;2.165829145728644;2.8894472361809065;3.0;2.663316582914568;2.0;2.0;2.5075376884422127;3.0;3.0;3.0;3.0;3.0;3.0;3.0;3.0;3.0;3.0;3.0;2.8090452261306496;2.085427135678387;2.6381909547738758;3.0;3.0;3.0;2.467336683417088;2.0;2.0;2.0;2.0;2.0;2.0;2.0;1.6783919597989865;1.0904522613065524;2.5376884422110493;3.0;3.21608040201005;3.9396984924623126;4.0;7.095477386934704;12.1105527638191;12.834170854271363;13.0;13.0;12.989949748743726;11.5427135678392;11.0;10.824120603015075;10.100502512562812;7.5075376884421985;4.613065326633148;1.8592964824120486;0.41206030150752326;0.0;0.0;0.0;0.0;0.0;0.0;0.0;0.0;0.0;0.0;0.0;0.0;0.0;0.0;0.0;0.0;0.0;0.0;0.0;0.0;0.0;0.0;0.0;0.0;0.0;0.0;0.0;0.0;0.0;0.0;0.0;0.0;0.0;0.0;0.0;0.0;0.0;0.0;0.0;0.0;0.0;0.0;0.0;0.0;0.0;0.0;0.0;0.0;0.0;0.0;0.0;0.0;0.0;0.0;0.0;0.0;0.0;0.0;0.0;0.0;0.0;0.0;0.0;0.0;0.0;0.0;0.0;0.0
Subject_IXI518;0.0;0.0;0.0;0.0;0.0;0.0;0.0;0.0;0.0;0.0;0.0;0.0;0.0;0.0;0.0;0.0;0.0;0.0;0.0;0.0;0.0;0.0;0.0;0.0;0.0;0.0;0.0;0.0;0.0;0.0;0.0;0.0;0.0;0.0;0.0;0.0;0.0;0.0;0.0;0.0;0.0;0.0;0.2814070351758744;2.954773869346738;4.814070351758794;6.075376884422109;6.743718592964825;7.0;7.08040201005025;7.748743718592962;7.165829145728637;5.914572864321606;5.246231155778894;4.155778894472363;3.090452261306531;3.7587939698492434;3.1457286432160743;1.9045226130653248;1.2361809045226124;1.4321608040201;1.8994974874371877;1.2311557788944754;1.0;1.0;1.0;1.4422110552763812;2.0;2.0;2.4472361809045253;2.8844221105527623;2.21608040201005;2.4522613065326624;2.8793969849246253;2.211055276381906;2.4572864321608066;2.874371859296481;2.2060301507537687;2.0;2.0;2.0;2.0;2.0;2.0;2.0;2.0;2.0;2.0;2.0;2.0;2.0;1.8492462311557816;1.1809045226130621;1.0;1.1557788944723626;1.824120603015075;2.0;2.0;2.0;1.5025125628140756;1.0;1.0;0.49748743718592436;0.0;0.0;0.0;0.0;0.0;0.0;0.0;0.0;0.0;0.0;0.0;0.0;0.0;0.0;0.0;0.0;0.0;0.0;0.0;0.0;0.0;0.0;0.0;0.0;0.0;0.0;0.0;0.0;0.0;0.0;0.0;0.0;0.0;0.0;0.0;0.0;0.0;0.0;0.0;0.0;0.0;0.0;0.0;0.0;0.0;0.0;0.0;0.0;0.0;0.0;0.0;0.0;0.0;0.0;0.0;0.0;0.0;0.0;0.0;0.0;0.0;0.0;0.0;0.0;0.0;0.0;0.0;0.0;0.0;0.0;0.0;0.0;0.0;0.0;0.0;0.0;0.0;0.0;0.0;0.0;0.0;0.0;0.0;0.0;0.0;0.0;0.0;0.0;0.0;0.0;0.0;0.0;0.0;0.0;0.0;0.0;0.0;0.0
Subject_IXI146;0.0;0.0;0.0;0.0;0.0;0.0;0.0;0.0;0.0;0.0;0.0;0.0;0.0;0.0;0.0;0.0;0.0;0.0;0.0;0.0;0.0;0.0;0.0;0.0;0.0;0.0;0.0;0.0;0.0;0.0;0.0;0.0;0.0;0.0;0.0;0.0;0.0;0.0;0.0;0.0;0.0;0.0;0.0;0.0;0.0;0.0;0.0;0.30150753768843686;1.0603015075376874;5.311557788944711;7.8542713567839115;9.4070351758794;11.532663316582912;12.0;12.522613065326624;13.939698492462313;14.678391959798994;14.61306532663317;14.095477386934668;14.804020100502512;15.0;14.778894472361813;14.070351758793976;11.447236180904525;9.306532663316588;7.889447236180914;6.472361809045225;6.0;5.819095477386938;5.110552763819101;5.597989949748744;5.693467336683419;5.0;5.0;4.5678391959799;4.140703517587937;4.8492462311557745;4.442211055276388;4.0;4.0;4.683417085427131;5.0;5.0;5.0;4.482412060301513;4.0;4.0;4.643216080402006;5.0;5.0;5.0;5.0;5.0;5.0;4.396984924623126;4.0;4.0;4.0;4.0;3.8542713567839257;3.1457286432160885;3.0;3.0;3.0;3.688442211055275;4.0;4.0;4.0;4.0;4.0;4.0;4.64824120603015;5.356783919597987;6.065326633165824;6.773869346733662;7.482412060301499;8.190954773869336;8.899497487437188;9.608040201005025;10.316582914572862;11.0;11.0;11.0;10.849246231155789;10.140703517587951;10.0;9.723618090452263;9.015075376884425;6.919597989949764;3.587939698492505;0.0;0.0;0.0;0.0;0.0;0.0;0.0;0.0;0.0;0.0;0.0;0.0;0.0;0.0;0.0;0.0;0.0;0.0;0.0;0.0;0.0;0.0;0.0;0.0;0.0;0.0;0.0;0.0;0.0;0.0;0.0;0.0;0.0;0.0;0.0;0.0;0.0;0.0;0.0;0.0;0.0;0.0;0.0;0.0;0.0;0.0;0.0;0.0;0.0;0.0;0.0;0.0;0.0;0.0;0.0;0.0;0.0;0.0;0.0;0.0;0.0;0.0;0.0;0.0;0.0;0.0;0.0;0.0;0.0;0.0
Subject_IXI092;0.0;0.0;0.0;0.0;0.0;0.0;0.0;0.0;0.0;0.0;0.0;0.0;0.0;0.0;0.0;0.0;0.0;0.0;0.0;0.0;0.0;0.0;0.0;0.0;0.0;0.0;0.0;0.0;0.0;0.0;0.0;0.0;0.0;0.0;0.0;0.0;0.0;0.0;0.0;0.0;0.0;0.0;0.0;0.0;0.0;0.0;0.0;0.0;2.1105527638191006;4.904522613065325;7.698492462311549;8.62311557788945;9.321608040201006;10.020100502512562;10.718592964824126;11.0;10.768844221105525;9.371859296482413;8.48743718592965;7.577889447236174;6.180904522613062;4.78391959798995;4.0;4.0;4.0;4.0;3.8994974874371877;3.2010050251256246;3.0;3.1959798994974875;3.8944723618090507;4.0;4.0;4.0;4.0;4.0;3.914572864321606;3.21608040201005;3.482412060301513;4.0;4.0;4.0;4.0;4.0;4.0;4.0;4.0;4.0;4.0;4.0;4.0;4.0;4.0;4.0;4.0;4.0;4.0;4.0;3.5477386934673376;3.0;3.0;2.4522613065326624;2.0;2.0;2.643216080402013;3.0;3.0;3.0;3.0;3.1356783919598;3.8341708542713633;4.0;4.231155778894475;4.9296482412060385;5.0;5.0;5.0251256281406995;5.723618090452263;7.266331658291477;9.120603015075375;9.819095477386938;10.517587939698501;10.78391959798995;10.085427135678387;10.0;9.688442211055275;8.989949748743712;8.291457286432163;6.371859296482398;3.788944723618073;2.391959798994975;0.9949748743718487;0.0;0.0;0.0;0.0;0.0;0.0;0.0;0.0;0.0;0.0;0.0;0.0;0.0;0.0;0.0;0.0;0.0;0.0;0.0;0.0;0.0;0.0;0.0;0.0;0.0;0.0;0.0;0.0;0.0;0.0;0.0;0.0;0.0;0.0;0.0;0.0;0.0;0.0;0.0;0.0;0.0;0.0;0.0;0.0;0.0;0.0;0.0;0.0;0.0;0.0;0.0;0.0;0.0;0.0;0.0;0.0;0.0;0.0;0.0;0.0;0.0;0.0;0.0;0.0;0.0;0.0;0.0;0.0
Subject_IXI254;0.0;0.0;0.0;0.0;0.0;0.0;0.0;0.0;0.0;0.0;0.0;0.0;0.0;0.0;0.0;0.0;0.0;0.0;0.0;0.0;0.0;0.0;0.0;0.0;0.0;0.0;0.0;0.0;0.0;0.0;0.0;0.0;0.0;0.0;0.0;0.0;0.0;0.0;0.0;0.0;0.0;0.0;0.0;0.0;0.0;1.5829145728643255;3.4120603015075446;4.768844221105532;5.562814070351763;6.482412060301513;7.8391959798995;8.0;8.552763819095489;9.909547738693476;10.0;9.065326633165824;7.030150753768844;5.663316582914561;4.306532663316574;3.0;3.0;2.618090452261306;2.0603015075376945;2.738693467336688;3.0;3.0;3.0;3.4522613065326695;3.869346733668337;3.1909547738693433;3.0;3.165829145728644;3.8442211055276445;4.0;4.0;4.0;4.0;4.0;4.0;4.0;4.0;4.0;4.0;4.0;4.0;4.0;4.0;4.0;4.0;3.6231155778894433;3.0;3.0;3.0;2.909547738693462;2.2311557788944683;2.4472361809045253;3.0;3.0;3.0;2.839195979899486;2.1608040201004997;2.0;2.0;2.0;2.552763819095489;3.0;3.0;3.0;3.0;3.0;3.0;3.301507537688451;3.9798994974874375;4.658291457286438;5.0;5.0;5.0;5.371859296482413;6.0;6.0;6.814070351758801;8.427135678392006;11.819095477386938;13.442211055276388;13.879396984924611;13.201005025125625;13.0;12.844221105527637;12.165829145728637;12.512562814070364;12.236180904522598;9.522613065326595;4.618090452261299;0.7738693467336617;0.09547738693466101;0.0;0.0;0.0;0.0;0.0;0.0;0.0;0.0;0.0;0.0;0.0;0.0;0.0;0.0;0.0;0.0;0.0;0.0;0.0;0.0;0.0;0.0;0.0;0.0;0.0;0.0;0.0;0.0;0.0;0.0;0.0;0.0;0.0;0.0;0.0;0.0;0.0;0.0;0.0;0.0;0.0;0.0;0.0;0.0;0.0;0.0;0.0;0.0;0.0;0.0;0.0;0.0;0.0;0.0;0.0;0.0;0.0;0.0;0.0;0.0;0.0;0.0;0.0;0.0;0.0
Subject_IXI216;0.0;0.0;0.0;0.0;0.0;0.0;0.0;0.0;0.0;0.0;0.0;0.0;0.0;0.0;0.0;0.0;0.0;0.0;0.0;0.0;0.0;0.0;0.0;0.0;0.0;0.0;0.0;0.0;0.0;0.0;0.0;0.0;0.0;0.0;0.0;0.0;0.0;0.0;0.0;0.0;0.0;0.0;0.0;4.100502512562805;6.793969849246231;8.110552763819094;8.824120603015075;10.075376884422113;11.0;11.0;11.0;10.608040201005025;9.577889447236174;6.723618090452277;6.0;6.0;6.0;5.3266331658291435;4.613065326633169;4.0;4.0;4.527638190954775;4.7587939698492505;4.045226130653269;4.0;4.0;3.9045226130653248;3.1909547738693504;3.522613065326631;4.0;4.0;4.0;4.0;4.0;4.0;4.0;3.7688442211055317;3.0552763819095503;3.658291457286431;4.0;4.0;4.0;3.4874371859296502;3.0;3.0;3.0;3.0;3.0;3.0;3.0;3.0;3.0;2.35175879396985;2.0;2.0;2.0;2.0;2.0;2.0;2.643216080402013;2.643216080402013;2.0;2.0;2.0;2.0;2.0;2.0;2.35175879396985;3.0653266331658244;3.778894472361813;4.492462311557787;5.0;5.0;6.266331658291449;7.346733668341713;8.301507537688437;11.869346733668309;13.48743718592965;14.0;14.0;14.0;14.0;13.94472361809045;13.231155778894475;12.035175879397002;11.0;11.0;9.7537688442211;6.306532663316602;0.949748743718601;0.23618090452261242;0.0;0.0;0.0;0.0;0.0;0.0;0.0;0.0;0.0;0.0;0.0;0.0;0.0;0.0;0.0;0.0;0.0;0.0;0.0;0.0;0.0;0.0;0.0;0.0;0.0;0.0;0.0;0.0;0.0;0.0;0.0;0.0;0.0;0.0;0.0;0.0;0.0;0.0;0.0;0.0;0.0;0.0;0.0;0.0;0.0;0.0;0.0;0.0;0.0;0.0;0.0;0.0;0.0;0.0;0.0;0.0;0.0;0.0;0.0;0.0;0.0;0.0;0.0;0.0;0.0;0.0;0.0;0.0;0.0
Subject_IXI173;0.0;0.0;0.0;0.0;0.0;0.0;0.0;0.0;0.0;0.0;0.0;0.0;0.0;0.0;0.0;0.0;0.0;0.0;0.0;0.0;0.0;0.0;0.0;0.0;0.0;0.0;0.0;0.0;0.0;0.0;0.0;0.0;0.0;0.0;0.0;0.0;0.0;0.0;0.0;0.0;0.0;0.0;0.0;0.613065326633162;1.9296482412060243;3.8693467336683405;5.281407035175878;5.939698492462309;7.1959798994974875;8.0;8.0;8.572864321608037;9.231155778894468;9.8894472361809;8.904522613065325;7.381909547738694;5.4070351758794;4.477386934673369;3.819095477386938;3.1608040201005068;3.0;2.8442211055276374;2.1859296482412063;2.472361809045225;2.869346733668344;2.211055276381913;2.0;2.1055276381909493;2.7638190954773876;2.5778894472361813;2.08040201005025;2.738693467336681;3.0;3.0;3.0;2.6281407035175874;2.0301507537688437;2.688442211055275;3.0;3.0;3.0;3.0;3.0;3.0;3.0;3.0;3.0;2.728643216080407;2.0703517587939757;2.5879396984924625;3.0;3.0;3.0;3.0;3.0;2.4623115577889507;2.0;2.0;2.0;2.0;2.0;2.0;2.0;2.0;2.0;2.0;2.0;2.0;2.0;2.0;2.4120603015075375;3.0;3.0;3.0;3.045226130653262;3.7035175879397;4.0;4.0201005025125625;4.6783919597989865;6.010050251256274;7.984924623115546;9.95979899497486;11.0;11.0;11.0;10.713567839195989;10.05527638190955;10.0;9.477386934673376;8.1608040201005;7.422110552763826;5.819095477386938;2.527638190954818;1.4472361809045253;0.7889447236181013;0.13065326633166308;0.0;0.0;0.0;0.0;0.0;0.0;0.0;0.0;0.0;0.0;0.0;0.0;0.0;0.0;0.0;0.0;0.0;0.0;0.0;0.0;0.0;0.0;0.0;0.0;0.0;0.0;0.0;0.0;0.0;0.0;0.0;0.0;0.0;0.0;0.0;0.0;0.0;0.0;0.0;0.0;0.0;0.0;0.0;0.0;0.0;0.0;0.0;0.0;0.0;0.0;0.0;0.0;0.0;0.0;0.0;0.0;0.0;0.0;0.0;0.0;0.0;0.0;0.0;0.0
Subject_IXI484;0.0;0.0;0.0;0.0;0.0;0.0;0.0;0.0;0.0;0.0;0.0;0.0;0.0;0.0;0.0;0.0;0.0;0.0;0.0;0.0;0.0;0.0;0.0;0.0;0.0;0.0;0.0;0.0;0.0;0.0;0.0;0.0;0.0;0.0;0.0;0.0;0.0;0.0;0.0;0.0;0.0;0.0;0.0;0.0;0.0;0.0;0.0;0.0;1.0050251256281513;3.8592964824120486;6.713567839195974;8.0;8.211055276381913;9.638190954773862;9.467336683417088;9.246231155778894;9.959798994974875;10.673366834170857;9.452261306532677;6.899497487437188;6.185929648241206;4.94472361809045;4.0;4.0;4.0;3.618090452261306;3.0;3.0;3.0;2.7638190954773876;2.050251256281406;2.663316582914568;2.6231155778894504;2.090452261306531;2.8040201005025125;3.0;3.0;3.0;3.0;3.0;3.0;3.0;3.0;3.0;3.0;3.0;3.0;3.0;3.0;3.0;3.0;3.0;3.0;3.0;3.0;3.0;3.0;3.0;3.0;3.0;3.0;2.9296482412060385;2.21608040201005;2.4974874371859244;3.0;3.0;3.0;3.0;3.0;3.0;3.4924623115577873;4.206030150753762;4.91959798994975;5.6331658291457245;6.346733668341713;7.0;7.0;7.48743718592965;8.40201005025125;9.829145728643198;11.256281407035175;12.0;12.05527638190955;12.768844221105525;12.517587939698501;12.0;12.0;10.7537688442211;10.0;9.849246231155803;7.708542713567837;4.6130653266331905;1.8090452261306496;1.0954773869346752;0.3819095477387009;0.0;0.0;0.0;0.0;0.0;0.0;0.0;0.0;0.0;0.0;0.0;0.0;0.0;0.0;0.0;0.0;0.0;0.0;0.0;0.0;0.0;0.0;0.0;0.0;0.0;0.0;0.0;0.0;0.0;0.0;0.0;0.0;0.0;0.0;0.0;0.0;0.0;0.0;0.0;0.0;0.0;0.0;0.0;0.0;0.0;0.0;0.0;0.0;0.0;0.0;0.0;0.0;0.0;0.0;0.0;0.0;0.0;0.0;0.0;0.0;0.0;0.0;0.0;0.0;0.0
Subject_IXI612;0.0;0.0;0.0;0.0;0.0;0.0;0.0;0.0;0.0;0.0;0.0;0.0;0.0;0.0;0.0;0.0;0.0;0.0;0.0;0.0;0.0;0.0;0.0;0.0;0.0;0.0;0.0;0.0;0.0;0.0;0.0;0.0;0.0;0.0;0.0;0.0;0.0;0.0;0.0;0.0;0.0;0.0;0.0;0.0;0.0;0.0;0.0;1.5075376884421843;5.030150753768844;7.1557788944723555;8.854271356783912;10.1356783919598;10.844221105527637;11.0;11.0;11.0;11.678391959798994;11.226130653266338;9.904522613065332;9.195979899497488;8.48743718592965;7.557788944723626;6.140703517587951;4.723618090452263;4.0;4.0;4.0;4.0;4.180904522613062;4.889447236180899;4.402010050251256;4.306532663316581;4.984924623115582;4.276381909547744;4.0;4.0;4.0;4.557788944723612;4.733668341708544;4.025125628140707;4.0;4.0;4.0;4.0;4.0;4.0;4.0;4.0;4.0;4.0;4.0;4.0;4.0;4.0;3.3969849246231263;3.0;3.0;3.0;3.437185929648237;3.8542713567839257;3.1457286432160885;3.0;3.0;3.0;3.0;3.0;3.1055276381909493;3.8140703517587866;4.0;4.0;4.0;4.0;4.356783919597987;5.0;5.0;5.482412060301499;6.0;6.0;6.608040201005025;6.683417085427138;6.0753768844220986;8.20100502512561;9.0;9.150753768844211;9.859296482412049;9.4321608040201;9.0;9.0;8.306532663316588;7.195979899497502;6.0;6.0;2.834170854271349;0.0;0.0;0.0;0.0;0.0;0.0;0.0;0.0;0.0;0.0;0.0;0.0;0.0;0.0;0.0;0.0;0.0;0.0;0.0;0.0;0.0;0.0;0.0;0.0;0.0;0.0;0.0;0.0;0.0;0.0;0.0;0.0;0.0;0.0;0.0;0.0;0.0;0.0;0.0;0.0;0.0;0.0;0.0;0.0;0.0;0.0;0.0;0.0;0.0;0.0;0.0;0.0;0.0;0.0;0.0;0.0;0.0;0.0;0.0;0.0;0.0;0.0;0.0;0.0;0.0;0.0;0.0
Subject_IXI611;0.0;0.0;0.0;0.0;0.0;0.0;0.0;0.0;0.0;0.0;0.0;0.0;0.0;0.0;0.0;0.0;0.0;0.0;0.0;0.0;0.0;0.0;0.0;0.0;0.0;0.0;0.0;0.0;0.0;0.0;0.0;0.0;0.0;0.0;0.0;0.0;0.0;0.0;0.0;0.0;0.0;0.0;0.0;0.0;0.0;0.0;0.0;0.0;0.0;0.0;0.0;0.0;0.0;1.0552763819095503;3.2261306532663383;5.396984924623126;7.045226130653276;8.246231155778894;8.969849246231156;9.693467336683419;10.0;10.140703517587944;10.8643216080402;11.0;11.311557788944725;11.894472361809036;9.723618090452248;7.552763819095482;5.793969849246231;5.070351758793969;5.0;4.623115577889443;3.8994974874371877;3.175879396984925;3.0;3.2713567839196003;3.994974874371863;4.0;3.557788944723619;3.0;3.0;3.0;3.0;3.0603015075376874;3.78391959798995;4.0;4.0;4.0;4.0;4.0;4.0;4.0;4.0;4.0;4.0;4.0;3.532663316582912;3.0;3.0;3.6381909547738758;4.0;4.0;4.0;4.0;4.0;4.0;4.0;4.0;4.1507537688442255;4.874371859296488;5.0;5.3216080402010135;6.045226130653276;6.768844221105525;7.0;7.21608040201005;7.939698492462313;8.663316582914575;9.386934673366838;10.1105527638191;10.834170854271363;11.0;11.0;11.0;11.0;10.095477386934675;8.472361809045225;6.301507537688437;4.753768844221099;2.613065326633148;0.0;0.0;0.0;0.0;0.0;0.0;0.0;0.0;0.0;0.0;0.0;0.0;0.0;0.0;0.0;0.0;0.0;0.0;0.0;0.0;0.0;0.0;0.0;0.0;0.0;0.0;0.0;0.0;0.0;0.0;0.0;0.0;0.0;0.0;0.0;0.0;0.0;0.0;0.0;0.0;0.0;0.0;0.0;0.0;0.0;0.0;0.0;0.0;0.0;0.0;0.0;0.0;0.0;0.0;0.0;0.0;0.0;0.0;0.0;0.0;0.0;0.0;0.0;0.0;0.0;0.0;0.0;0.0;0.0;0.0
Subject_IXI524;0.0;0.0;0.0;0.0;0.0;0.0;0.0;0.0;0.0;0.0;0.0;0.0;0.0;0.0;0.0;0.0;0.0;0.0;0.0;0.0;0.0;0.0;0.0;0.0;0.0;0.0;0.0;0.0;0.0;0.0;0.0;0.0;0.0;0.0;0.0;0.0;0.0;0.0;0.0;0.0;0.0;0.0;0.0;0.0;0.0;0.0;0.0;0.0;0.0;0.0;0.0;2.934673366834147;8.120603015075375;9.507537688442213;10.89447236180905;12.140703517587937;12.834170854271356;13.0;13.221105527638194;13.914572864321606;11.5678391959799;9.698492462311556;9.005025125628137;7.62311557788945;5.854271356783919;3.9246231155778872;3.2311557788944754;3.0;3.1557788944723626;3.8492462311557816;4.0;4.0;4.0;4.0;4.0;4.0;4.0;4.396984924623119;4.909547738693469;4.21608040201005;4.0;4.0;4.0;4.0;4.0;4.0;4.638190954773869;5.0;5.0;5.0;4.5879396984924625;4.0;4.0;4.0;4.0;4.0;4.0;4.0;4.0;3.346733668341713;3.0;3.0;3.0;3.0;3.0;3.0;2.4924623115577873;2.2010050251256246;2.8944723618090507;3.0;3.0;3.0;3.6683417085427124;3.6381909547738758;3.0552763819095503;3.748743718592962;4.442211055276388;4.8643216080402;4.170854271356788;4.522613065326638;5.21608040201005;5.909547738693462;6.0;6.2964824120603;6.989949748743726;10.417085427135689;12.37688442211055;13.0;13.0;13.0;13.0;13.0;12.46231155778895;11.768844221105525;11.075376884422113;9.763819095477373;7.753768844221099;4.979899497487452;2.2060301507537474;0.608040201005025;0.0;0.0;0.0;0.0;0.0;0.0;0.0;0.0;0.0;0.0;0.0;0.0;0.0;0.0;0.0;0.0;0.0;0.0;0.0;0.0;0.0;0.0;0.0;0.0;0.0;0.0;0.0;0.0;0.0;0.0;0.0;0.0;0.0;0.0;0.0;0.0;0.0;0.0;0.0;0.0;0.0;0.0;0.0;0.0;0.0;0.0;0.0;0.0;0.0;0.0;0.0;0.0;0.0;0.0;0.0;0.0;0.0;0.0;0.0;0.0
Subject_IXI567;0.0;0.0;0.0;0.0;0.0;0.0;0.0;0.0;0.0;0.0;0.0;0.0;0.0;0.0;0.0;0.0;0.0;0.0;0.0;0.0;0.0;0.0;0.0;0.0;0.0;0.0;0.0;0.0;0.0;0.0;0.0;0.0;0.0;0.0;0.0;0.0;0.0;0.0;0.0;0.0;0.0;0.0;0.0;0.0;0.0;1.8090452261306638;5.849246231155782;6.6482412060301534;7.643216080402013;8.989949748743726;9.668341708542712;10.683417085427138;12.015075376884425;12.688442211055275;12.638190954773869;11.894472361809036;9.874371859296488;8.236180904522612;6.94472361809045;6.271356783919593;5.1959798994974875;4.0;4.0;3.5778894472361813;3.0;3.0;3.0;3.1155778894472377;3.788944723618094;4.0;4.0;4.0;4.0;3.8442211055276374;3.170854271356781;3.5025125628140756;4.0;4.0;3.477386934673362;3.1959798994974875;3.869346733668344;3.4572864321607994;3.0;3.0;3.0;3.0;3.0;3.0;3.0;3.0;3.603015075376888;4.0;4.0;4.0;3.703517587939693;3.0301507537688437;3.0;3.3165829145728623;3.989949748743726;4.0;4.0;3.9899497487437117;3.3165829145728623;3.0;3.030150753768851;3.7035175879397;4.0;4.050251256281413;4.723618090452263;5.0;5.070351758793976;5.743718592964825;6.4170854271356745;7.090452261306538;7.763819095477388;8.0;8.331658291457302;10.35175879396985;11.457286432160814;12.0;12.0;11.522613065326624;10.698492462311549;9.35175879396985;8.005025125628123;6.316582914572848;3.6231155778894504;1.964824120602998;1.0;1.0;0.4623115577889365;0.0;0.0;0.0;0.0;0.0;0.0;0.0;0.0;0.0;0.0;0.0;0.0;0.0;0.0;0.0;0.0;0.0;0.0;0.0;0.0;0.0;0.0;0.0;0.0;0.0;0.0;0.0;0.0;0.0;0.0;0.0;0.0;0.0;0.0;0.0;0.0;0.0;0.0;0.0;0.0;0.0;0.0;0.0;0.0;0.0;0.0;0.0;0.0;0.0;0.0;0.0;0.0;0.0;0.0;0.0;0.0;0.0;0.0;0.0;0.0;0.0;0.0;0.0;0.0;0.0;0.0;0.0;0.0;0.0
Subject_IXI448;0.0;0.0;0.0;0.0;0.0;0.0;0.0;0.0;0.0;0.0;0.0;0.0;0.0;0.0;0.0;0.0;0.0;0.0;0.0;0.0;0.0;0.0;0.0;0.0;0.0;0.0;0.0;0.0;0.0;0.0;0.0;0.0;0.0;0.0;0.0;0.0;0.0;0.0;0.0;0.0;0.0;0.0;0.0;0.0;3.140703517587937;5.904522613065332;7.924623115577891;9.296482412060307;10.321608040201006;10.994974874371863;11.668341708542712;10.633165829145725;7.984924623115575;7.311557788944725;6.276381909547737;5.0;5.0;4.618090452261306;3.9447236180904497;3.271356783919593;3.4020100502512562;4.0;4.0;4.0;4.0;4.0;4.0;4.0;4.0;4.0;4.0;4.0;4.0;3.8442211055276374;3.170854271356781;3.5025125628140756;4.0;4.0;3.477386934673362;3.0;3.0;3.0;3.0;3.0;3.562814070351763;4.0;4.0;4.0;4.0;4.0;4.0;4.0;4.0;4.0;3.703517587939693;3.0301507537688437;3.0;3.0;3.0;3.0;3.0;2.9899497487437117;2.3165829145728623;2.356783919597987;3.0;3.0;3.3768844221105496;4.0;4.0;4.0;4.0;4.0;4.834170854271349;6.090452261306538;6.763819095477388;8.748743718593005;11.0;11.0;11.457286432160814;11.869346733668337;11.195979899497488;10.522613065326624;9.849246231155774;9.175879396984925;8.502512562814061;6.974874371859272;2.9346733668341756;2.0;1.8090452261306496;1.1356783919598001;0.4623115577889365;0.0;0.0;0.0;0.0;0.0;0.0;0.0;0.0;0.0;0.0;0.0;0.0;0.0;0.0;0.0;0.0;0.0;0.0;0.0;0.0;0.0;0.0;0.0;0.0;0.0;0.0;0.0;0.0;0.0;0.0;0.0;0.0;0.0;0.0;0.0;0.0;0.0;0.0;0.0;0.0;0.0;0.0;0.0;0.0;0.0;0.0;0.0;0.0;0.0;0.0;0.0;0.0;0.0;0.0;0.0;0.0;0.0;0.0;0.0;0.0;0.0;0.0;0.0;0.0;0.0;0.0;0.0;0.0;0.0
Subject_IXI436;0.0;0.0;0.0;0.0;0.0;0.0;0.0;0.0;0.0;0.0;0.0;0.0;0.0;0.0;0.0;0.0;0.0;0.0;0.0;0.0;0.0;0.0;0.0;0.0;0.0;0.0;0.0;0.0;0.0;0.0;0.0;0.0;0.0;0.0;0.0;0.0;0.0;0.0;0.0;0.0;0.0;0.0;0.0;0.0;0.0;0.0;0.0;0.020100502512562457;1.4673366834170878;4.743718592964839;8.361809045226138;9.80904522613065;11.256281407035175;12.7035175879397;14.075376884422113;14.798994974874375;15.522613065326638;15.507537688442213;14.060301507537687;11.226130653266324;9.165829145728637;8.0;8.0;6.236180904522612;4.688442211055275;4.0;4.0;3.517587939698494;3.2060301507537687;3.9296482412060314;4.0;4.0;3.8994974874371877;3.175879396984925;3.5477386934673376;3.7286432160803997;3.005025125628137;3.0;3.442211055276381;3.834170854271356;3.1105527638190935;3.0;3.0;3.0;3.0;3.0;3.0;3.0;3.0;3.0;3.0;3.0;2.427135678391963;2.0;2.0;2.0;2.0;2.0;2.0;2.0;2.0;2.0;2.0;1.4673366834170878;1.2562814070351749;1.9798994974874375;2.0;2.427135678391963;3.1507537688442255;3.874371859296488;4.0;4.0;4.045226130653276;4.768844221105525;5.492462311557787;6.21608040201005;6.939698492462313;7.0;7.773869346733676;9.1105527638191;9.834170854271363;10.0;10.281407035175889;10.994974874371863;10.2713567839196;9.095477386934675;8.0;8.0;7.37688442211055;5.613065326633148;2.788944723618073;0.6180904522612849;0.0;0.0;0.0;0.0;0.0;0.0;0.0;0.0;0.0;0.0;0.0;0.0;0.0;0.0;0.0;0.0;0.0;0.0;0.0;0.0;0.0;0.0;0.0;0.0;0.0;0.0;0.0;0.0;0.0;0.0;0.0;0.0;0.0;0.0;0.0;0.0;0.0;0.0;0.0;0.0;0.0;0.0;0.0;0.0;0.0;0.0;0.0;0.0;0.0;0.0;0.0;0.0;0.0;0.0;0.0;0.0;0.0;0.0;0.0;0.0;0.0;0.0;0.0;0.0;0.0;0.0;0.0;0.0
Subject_IXI093;0.0;0.0;0.0;0.0;0.0;0.0;0.0;0.0;0.0;0.0;0.0;0.0;0.0;0.0;0.0;0.0;0.0;0.0;0.0;0.0;0.0;0.0;0.0;0.0;0.0;0.0;0.0;0.0;0.0;0.0;0.0;0.0;0.0;0.0;0.0;0.0;0.0;0.0;0.0;0.0;0.0;0.0;0.0;0.0;0.0;0.0;0.0;1.2311557788944683;4.874371859296502;6.4070351758794;7.4321608040201;8.160804020100507;8.889447236180906;10.236180904522612;9.95979899497486;7.8492462311557745;6.391959798994975;5.467336683417081;4.477386934673362;3.0201005025125625;3.0;3.0;2.824120603015075;2.095477386934668;2.0;2.3618090452261313;3.0;3.0;2.4522613065326624;2.2763819095477444;3.0;3.0;3.4623115577889507;3.8090452261306496;3.08040201005025;3.0;3.0;3.0;3.0;2.437185929648237;2.2914572864321627;3.0;3.0;2.522613065326631;2.206030150753776;2.9346733668341756;3.0;3.0;3.0;3.0;3.0;3.0;3.0;3.0;3.0;2.7788944723617988;2.050251256281399;2.0;2.0;1.8643216080401999;1.1356783919598001;1.0;1.3216080402010135;2.0;2.0;2.0;2.0;2.0;2.0;2.0;2.0;2.0;2.0;2.336683417085439;3.0;3.0;3.522613065326638;4.0;4.0;4.7085427135678515;4.562814070351749;4.165829145728651;4.894472361809051;5.62311557788945;6.35175879396985;7.241206030150792;9.427135678391991;10.0;10.0;10.0;9.276381909547737;8.547738693467338;7.638190954773847;6.180904522613048;4.085427135678373;1.8994974874371735;0.0;0.0;0.0;0.0;0.0;0.0;0.0;0.0;0.0;0.0;0.0;0.0;0.0;0.0;0.0;0.0;0.0;0.0;0.0;0.0;0.0;0.0;0.0;0.0;0.0;0.0;0.0;0.0;0.0;0.0;0.0;0.0;0.0;0.0;0.0;0.0;0.0;0.0;0.0;0.0;0.0;0.0;0.0;0.0;0.0;0.0;0.0;0.0;0.0;0.0;0.0;0.0;0.0;0.0;0.0;0.0;0.0;0.0;0.0;0.0;0.0;0.0;0.0;0.0
Subject_IXI051;0.0;0.0;0.0;0.0;0.0;0.0;0.0;0.0;0.0;0.0;0.0;0.0;0.0;0.0;0.0;0.0;0.0;0.0;0.0;0.0;0.0;0.0;0.0;0.0;0.0;0.0;0.0;0.0;0.0;0.0;0.0;0.0;0.0;0.0;0.0;0.0;0.0;0.0;0.0;0.0;0.0;0.0;0.0;0.0;0.0;0.0;0.0;0.0;0.0;0.0;1.3668341708542613;3.668341708542698;6.301507537688437;7.768844221105525;8.618090452261306;9.35175879396985;10.085427135678387;10.81909547738693;11.0;11.0;10.939698492462313;8.738693467336681;7.025125628140714;5.778894472361813;5.045226130653269;4.311557788944725;4.0;3.8442211055276445;3.1105527638191006;3.0;3.0;3.090452261306531;3.824120603015075;3.4422110552763883;3.0;3.0;3.0;3.0;3.0;3.0;3.0;3.0;3.0;3.0;3.0;3.0;2.904522613065332;2.170854271356788;2.0;2.2964824120603;3.0;3.0;3.0;3.0;3.0;3.0;3.0;3.0;3.0;3.0;3.0;2.8994974874371877;2.165829145728651;2.5678391959799;3.0;3.0;3.0;3.5025125628140614;4.0;4.0;5.4070351758794;6.0;5.829145728643226;5.095477386934675;5.638190954773862;6.371859296482413;7.0;7.0;8.145728643216074;9.613065326633148;11.0;11.0;11.507537688442213;12.0;12.0;12.0;11.115577889447252;10.0;10.0;8.070351758794004;5.869346733668351;3.778894472361827;2.311557788944725;0.8442211055276516;0.0;0.0;0.0;0.0;0.0;0.0;0.0;0.0;0.0;0.0;0.0;0.0;0.0;0.0;0.0;0.0;0.0;0.0;0.0;0.0;0.0;0.0;0.0;0.0;0.0;0.0;0.0;0.0;0.0;0.0;0.0;0.0;0.0;0.0;0.0;0.0;0.0;0.0;0.0;0.0;0.0;0.0;0.0;0.0;0.0;0.0;0.0;0.0;0.0;0.0;0.0;0.0;0.0;0.0;0.0;0.0;0.0;0.0;0.0;0.0;0.0;0.0;0.0;0.0;0.0;0.0
Subject_IXI242;0.0;0.0;0.0;0.0;0.0;0.0;0.0;0.0;0.0;0.0;0.0;0.0;0.0;0.0;0.0;0.0;0.0;0.0;0.0;0.0;0.0;0.0;0.0;0.0;0.0;0.0;0.0;0.0;0.0;0.0;0.0;0.0;0.0;0.0;0.0;0.0;0.0;0.0;0.0;0.0;0.0;0.0;0.0;0.0;0.0;0.0;0.0;0.0;2.251256281407052;4.964824120603026;7.678391959799001;8.597989949748744;9.276381909547744;9.954773869346738;10.0;10.311557788944725;10.989949748743719;9.663316582914561;8.306532663316574;7.0;7.0;6.618090452261306;5.9396984924623055;5.261306532663312;4.582914572864318;4.0;4.0;3.5477386934673305;3.0;3.0;3.4874371859296502;3.834170854271356;3.1557788944723555;3.522613065326638;3.7989949748743683;3.1206030150753747;3.0;3.2361809045226195;3.914572864321613;3.4070351758793933;3.2713567839196003;3.949748743718594;4.0;4.0;4.0;4.0;3.658291457286431;3.0;3.0;3.3768844221105567;3.9447236180904497;3.266331658291456;3.0;3.0;3.0;3.0;3.0;3.0;2.517587939698487;2.0;2.0;2.0;2.0;2.0;2.0;2.0;2.0;2.0;2.266331658291463;2.944723618090464;3.0;3.0;3.0;3.6582914572864382;4.0;4.0;4.0;4.0;4.050251256281413;4.728643216080414;5.814070351758801;7.256281407035203;9.291457286432163;10.0;10.0;10.0;10.0;9.688442211055275;8.331658291457273;8.0;7.236180904522598;4.5226130653265955;2.356783919597987;1.0;1.0;1.0;0.7386934673366738;0.06030150753768737;0.0;0.0;0.0;0.0;0.0;0.0;0.0;0.0;0.0;0.0;0.0;0.0;0.0;0.0;0.0;0.0;0.0;0.0;0.0;0.0;0.0;0.0;0.0;0.0;0.0;0.0;0.0;0.0;0.0;0.0;0.0;0.0;0.0;0.0;0.0;0.0;0.0;0.0;0.0;0.0;0.0;0.0;0.0;0.0;0.0;0.0;0.0;0.0;0.0;0.0;0.0;0.0;0.0;0.0;0.0;0.0;0.0;0.0;0.0;0.0;0.0;0.0
Subject_IXI559;0.0;0.0;0.0;0.0;0.0;0.0;0.0;0.0;0.0;0.0;0.0;0.0;0.0;0.0;0.0;0.0;0.0;0.0;0.0;0.0;0.0;0.0;0.0;0.0;0.0;0.0;0.0;0.0;0.0;0.0;0.0;0.0;0.0;0.0;0.0;0.0;0.0;0.0;0.0;0.0;0.0;0.0;0.0;0.0;0.0;0.6834170854271377;3.2763819095477515;5.869346733668351;8.115577889447238;8.763819095477388;9.824120603015075;11.0;11.0;11.0;10.984924623115567;9.040201005025118;7.698492462311556;7.050251256281406;5.8040201005025125;4.507537688442213;3.2110552763818987;3.0;3.0;3.0;3.0;3.0;3.0;3.0;3.08040201005025;3.728643216080407;4.0;3.9748743718592934;3.3266331658291435;3.0;3.0;2.381909547738694;2.266331658291463;2.914572864321613;2.437185929648237;2.0;2.0;2.5075376884422127;3.0;3.0;3.0;3.0;3.0;3.0;3.0;3.0;3.0;3.0;3.0;3.0;3.0;3.0;2.7688442211055246;2.1206030150753747;2.527638190954775;3.0;3.0;3.0;2.8793969849246253;2.2311557788944754;2.4170854271356745;3.0;3.0;3.0;3.0;3.0;3.306532663316588;3.954773869346738;4.0;4.251256281407038;4.899497487437188;5.547738693467338;6.9798994974874375;10.221105527638187;11.492462311557787;12.140703517587937;12.788944723618101;13.0;13.0;13.0;12.618090452261299;11.96984924623115;11.321608040201;10.346733668341699;9.050251256281399;8.37688442211055;6.643216080401999;3.402010050251249;2.4321608040201;1.5678391959799;0.2713567839196003;0.0;0.0;0.0;0.0;0.0;0.0;0.0;0.0;0.0;0.0;0.0;0.0;0.0;0.0;0.0;0.0;0.0;0.0;0.0;0.0;0.0;0.0;0.0;0.0;0.0;0.0;0.0;0.0;0.0;0.0;0.0;0.0;0.0;0.0;0.0;0.0;0.0;0.0;0.0;0.0;0.0;0.0;0.0;0.0;0.0;0.0;0.0;0.0;0.0;0.0;0.0;0.0;0.0;0.0;0.0;0.0;0.0;0.0;0.0;0.0;0.0;0.0;0.0;0.0;0.0
Subject_IXI482;0.0;0.0;0.0;0.0;0.0;0.0;0.0;0.0;0.0;0.0;0.0;0.0;0.0;0.0;0.0;0.0;0.0;0.0;0.0;0.0;0.0;0.0;0.0;0.0;0.0;0.0;0.0;0.0;0.0;0.0;0.0;0.0;0.0;0.0;0.0;0.0;0.0;0.0;0.0;0.0;0.0;0.0;0.0;0.0;0.40201005025124914;3.5929648241205925;6.070351758793972;7.984924623115578;9.266331658291456;10.271356783919597;10.909547738693465;11.0;11.0;11.0;9.61306532663317;7.798994974874375;6.522613065326638;5.62311557788945;4.984924623115582;4.346733668341706;3.7085427135678373;3.0703517587939686;3.0;3.0;3.0;3.0;3.0;3.0;2.603015075376888;2.0;2.0;2.311557788944725;2.949748743718594;2.4120603015075375;2.226130653266331;2.8643216080402;3.5025125628140685;3.859296482412063;3.221105527638194;3.0;3.0;3.0;3.0;3.0;2.391959798994975;2.2462311557788937;2.8844221105527623;3.522613065326631;4.1608040201005;4.798994974874368;4.562814070351763;4.0;4.0;4.0;4.0;3.3718592964824126;3.0;3.0;3.0;3.180904522613062;3.819095477386931;3.5427135678392006;3.0;3.0;3.0;3.0;3.0;3.2864321608040257;3.9246231155778872;4.0;4.0;4.0;4.0;4.115577889447238;4.753768844221099;5.391959798994975;6.030150753768837;6.668341708542712;7.306532663316588;7.94472361809045;9.748743718592976;11.221105527638187;11.859296482412063;12.497487437185924;13.0;13.0;12.587939698492463;12.0;12.0;11.67336683417085;11.035175879396988;9.793969849246224;7.552763819095503;3.7236180904522485;1.9648241206030264;0.8442211055276374;0.20603015075377584;0.0;0.0;0.0;0.0;0.0;0.0;0.0;0.0;0.0;0.0;0.0;0.0;0.0;0.0;0.0;0.0;0.0;0.0;0.0;0.0;0.0;0.0;0.0;0.0;0.0;0.0;0.0;0.0;0.0;0.0;0.0;0.0;0.0;0.0;0.0;0.0;0.0;0.0;0.0;0.0;0.0;0.0;0.0;0.0;0.0;0.0;0.0;0.0;0.0;0.0;0.0;0.0;0.0;0.0;0.0;0.0;0.0;0.0;0.0;0.0;0.0;0.0;0.0
Subject_IXI175;0.0;0.0;0.0;0.0;0.0;0.0;0.0;0.0;0.0;0.0;0.0;0.0;0.0;0.0;0.0;0.0;0.0;0.0;0.0;0.0;0.0;0.0;0.0;0.0;0.0;0.0;0.0;0.0;0.0;0.0;0.0;0.0;0.0;0.0;0.0;0.0;0.0;0.0;0.0;0.0;0.0;0.0;0.0;0.0;0.0;0.0;0.0;0.0;0.0;0.0;0.0;0.0;0.0;0.0;0.0;0.0;0.0;0.0;0.0;0.0;0.0;0.0;0.0;0.0;0.0;0.0;0.0;0.0;0.0;0.0;0.0;0.0;0.0;0.0;0.03517587939698785;0.7788944723618059;1.522613065326631;2.0;2.0;2.0;2.0;2.0;2.0;2.0;2.0;2.0;2.0;2.7035175879397;3.0;3.0;3.0;3.0;3.0;2.8341708542713633;2.090452261306538;2.0;2.0;2.140703517587937;2.8844221105527623;2.3718592964824126;2.0;2.1155778894472377;2.859296482412063;2.396984924623112;2.346733668341713;2.909547738693462;2.1658291457286367;2.0;2.0;2.0653266331658244;2.8090452261306496;3.0;3.0;3.040201005025125;3.78391959798995;5.05527638190955;6.814070351758801;8.984924623115575;8.24120603015075;8.0;7.261306532663298;5.030150753768865;3.5326633165829264;1.5678391959799143;0.0;0.0;0.0;0.0;0.0;0.0;0.0;0.0;0.0;0.0;0.0;0.0;0.0;0.0;0.0;0.0;0.0;0.0;0.0;0.0;0.0;0.0;0.0;0.0;0.0;0.0;0.0;0.0;0.0;0.0;0.0;0.0;0.0;0.0;0.0;0.0;0.0;0.0;0.0;0.0;0.0;0.0;0.0;0.0;0.0;0.0;0.0;0.0;0.0;0.0;0.0;0.0;0.0;0.0;0.0;0.0;0.0;0.0;0.0;0.0;0.0;0.0;0.0;0.0;0.0;0.0;0.0;0.0;0.0;0.0;0.0;0.0;0.0;0.0;0.0;0.0
Subject_IXI383;0.0;0.0;0.0;0.0;0.0;0.0;0.0;0.0;0.0;0.0;0.0;0.0;0.0;0.0;0.0;0.0;0.0;0.0;0.0;0.0;0.0;0.0;0.0;0.0;0.0;0.0;0.0;0.0;0.0;0.0;0.0;0.0;0.0;0.0;0.0;0.0;0.0;0.0;0.0;0.0;0.0;0.0;0.0;2.8894472361809065;5.78391959798995;8.256281407035175;9.8643216080402;11.100502512562812;12.336683417085425;13.286432160804022;13.904522613065328;14.0;13.01507537688444;8.688442211055296;6.2462311557788865;5.010050251256274;5.0;4.768844221105525;4.150753768844218;4.0;4.0;4.0;3.6783919597989936;3.0603015075376874;3.557788944723619;4.0;4.0;4.0;4.0;4.0;4.0;4.0;4.0;4.0;4.0;4.0;4.0;4.0;4.0;4.0;4.0;4.0;4.0;3.698492462311556;3.08040201005025;3.5376884422110564;4.0;4.0;4.0;3.9899497487437188;3.3718592964824126;3.0;3.0;3.0;3.0;3.0;3.0;3.0;3.0;3.0;3.0;3.0;3.0;3.0;2.7185929648241256;2.1005025125628123;2.0;2.1356783919598;2.7537688442211135;3.3718592964824126;3.989949748743726;4.608040201005025;4.773869346733662;4.155778894472363;4.9246231155779014;6.0;6.0;6.316582914572862;6.934673366834176;8.658291457286424;10.512562814070364;12.366834170854261;13.0;13.0251256281407;13.643216080402013;13.738693467336688;13.120603015075375;12.502512562814076;11.768844221105525;10.532663316582898;9.2964824120603;8.060301507537673;4.472361809045225;1.7939698492462242;1.175879396984925;0.5577889447236117;0.0;0.0;0.0;0.0;0.0;0.0;0.0;0.0;0.0;0.0;0.0;0.0;0.0;0.0;0.0;0.0;0.0;0.0;0.0;0.0;0.0;0.0;0.0;0.0;0.0;0.0;0.0;0.0;0.0;0.0;0.0;0.0;0.0;0.0;0.0;0.0;0.0;0.0;0.0;0.0;0.0;0.0;0.0;0.0;0.0;0.0;0.0;0.0;0.0;0.0;0.0;0.0;0.0;0.0;0.0;0.0;0.0;0.0;0.0;0.0;0.0;0.0;0.0;0.0
Subject_IXI646;0.0;0.0;0.0;0.0;0.0;0.0;0.0;0.0;0.0;0.0;0.0;0.0;0.0;0.0;0.0;0.0;0.0;0.0;0.0;0.0;0.0;0.0;0.0;0.0;0.0;0.0;0.0;0.0;0.0;0.0;0.0;0.0;0.0;0.0;0.0;0.0;0.0;0.0;0.0;0.0;0.0;0.0;0.0;0.0;0.0;0.0;0.0;2.8040201005025267;6.231155778894475;7.527638190954775;8.824120603015075;10.060301507537687;10.708542713567837;11.356783919597994;12.0;12.0;10.793969849246224;8.201005025125625;7.402010050251256;6.753768844221106;6.105527638190949;4.371859296482398;2.8090452261306496;2.1608040201004997;2.4874371859296502;3.0;3.0;3.0;3.08040201005025;3.728643216080407;3.6231155778894433;3.0251256281407066;3.6733668341708565;3.6783919597989936;3.0301507537688437;3.0;3.266331658291463;3.914572864321613;4.0;4.0;4.0;3.4924623115577873;3.1557788944723626;3.8040201005025125;4.0;4.0;4.0;3.603015075376881;3.0;3.0;3.0;3.0;3.0;3.2864321608040257;3.9346733668341756;2.834170854271349;2.0;2.0;2.0;2.0;2.0;2.472361809045225;3.0;3.0;3.0;3.0;3.0;3.0;3.0;3.0;3.306532663316588;3.954773869346738;4.0;4.251256281407038;4.899497487437188;5.547738693467338;6.391959798994975;7.688442211055275;10.954773869346724;14.0;14.0;14.0;14.0;14.0;14.0;13.96984924623115;13.321608040201;12.67336683417085;12.0251256281407;10.130653266331649;8.7286432160804;8.08040201005025;6.2964824120603;3.91959798994975;0.6783919597990007;0.0;0.0;0.0;0.0;0.0;0.0;0.0;0.0;0.0;0.0;0.0;0.0;0.0;0.0;0.0;0.0;0.0;0.0;0.0;0.0;0.0;0.0;0.0;0.0;0.0;0.0;0.0;0.0;0.0;0.0;0.0;0.0;0.0;0.0;0.0;0.0;0.0;0.0;0.0;0.0;0.0;0.0;0.0;0.0;0.0;0.0;0.0;0.0;0.0;0.0;0.0;0.0;0.0;0.0;0.0;0.0;0.0;0.0;0.0;0.0;0.0;0.0;0.0;0.0;0.0
Subject_IXI537;0.0;0.0;0.0;0.0;0.0;0.0;0.0;0.0;0.0;0.0;0.0;0.0;0.0;0.0;0.0;0.0;0.0;0.0;0.0;0.0;0.0;0.0;0.0;0.0;0.0;0.0;0.0;0.0;0.0;0.0;0.0;0.0;0.0;0.0;0.0;0.0;0.0;0.0;0.0;0.0;0.0;0.0;0.0;0.0;0.0;0.0;0.0;0.0;0.0;0.9045226130653248;3.698492462311549;6.4924623115578015;8.96482412060302;11.040201005025125;12.437185929648251;13.417085427135682;13.53768844221105;10.743718592964825;9.48743718592965;8.577889447236174;7.180904522613062;5.78391959798995;5.0;4.994974874371856;4.2964824120603;4.0;4.0;4.0;4.0;3.8040201005025125;3.1055276381909493;3.5929648241206067;3.7085427135678373;3.0100502512562812;3.688442211055275;4.0;4.0;4.0;4.0;3.819095477386931;3.1206030150753747;3.0;3.0;3.0;3.0;3.0;3.0;3.0;2.532663316582912;2.0;2.0;2.0;2.0;2.0;2.0;2.0;2.0;2.0;2.0;2.0;2.0;2.0;2.2462311557789008;2.9447236180904497;3.643216080402013;3.658291457286424;3.040201005025125;3.738693467336688;4.0;4.1356783919598;4.834170854271363;5.0;5.231155778894475;5.9296482412060385;6.628140703517587;7.979899497487452;10.0;10.0;10.0;10.0;10.0;10.0;9.5678391959799;8.170854271356774;7.386934673366824;6.688442211055275;5.969849246231135;3.874371859296488;2.185929648241199;0.8944723618090364;0.1959798994974875;0.0;0.0;0.0;0.0;0.0;0.0;0.0;0.0;0.0;0.0;0.0;0.0;0.0;0.0;0.0;0.0;0.0;0.0;0.0;0.0;0.0;0.0;0.0;0.0;0.0;0.0;0.0;0.0;0.0;0.0;0.0;0.0;0.0;0.0;0.0;0.0;0.0;0.0;0.0;0.0;0.0;0.0;0.0;0.0;0.0;0.0;0.0;0.0;0.0;0.0;0.0;0.0;0.0;0.0;0.0;0.0;0.0;0.0;0.0;0.0;0.0;0.0;0.0;0.0;0.0;0.0;0.0;0.0;0.0
Subject_IXI056;0.0;0.0;0.0;0.0;0.0;0.0;0.0;0.0;0.0;0.0;0.0;0.0;0.0;0.0;0.0;0.0;0.0;0.0;0.0;0.0;0.0;0.0;0.0;0.0;0.0;0.0;0.0;0.0;0.0;0.0;0.0;0.0;0.0;0.0;0.0;0.0;0.0;0.0;0.0;0.0;0.0;0.0;0.0;0.0;0.0;0.0;0.0;0.0;0.0;0.0;0.0;0.0;0.78391959798995;3.7989949748743754;6.814070351758801;8.457286432160807;9.211055276381913;9.96482412060302;10.718592964824126;11.472361809045232;12.226130653266331;12.979899497487438;13.733668341708544;14.0;13.27638190954773;11.015075376884411;10.25125628140703;8.994974874371849;7.743718592964818;6.9798994974874375;5.472361809045225;5.0;5.0;5.025125628140707;5.778894472361813;5.467336683417081;5.286432160804026;5.959798994974868;5.206030150753769;5.547738693467338;5.698492462311556;5.0;5.0;5.0;5.0;4.929648241206024;4.175879396984925;4.577889447236188;4.668341708542712;4.0;4.0;4.0;4.0;4.0;4.0;4.0;3.6381909547738616;3.0;3.0;3.0;2.623115577889436;2.130653266331663;2.8844221105527623;3.0;3.0;3.0;3.0;3.653266331658301;3.5929648241205996;3.0;3.0;3.6683417085427124;4.0;4.0;4.0;4.683417085427138;5.437185929648251;6.572864321608051;8.834170854271392;9.0;9.452261306532662;10.0;10.0;10.0;9.065326633165824;7.778894472361799;7.0251256281406995;5.542713567839172;3.5527638190954605;1.5276381909547752;0.020100502512548246;0.0;0.0;0.0;0.0;0.0;0.0;0.0;0.0;0.0;0.0;0.0;0.0;0.0;0.0;0.0;0.0;0.0;0.0;0.0;0.0;0.0;0.0;0.0;0.0;0.0;0.0;0.0;0.0;0.0;0.0;0.0;0.0;0.0;0.0;0.0;0.0;0.0;0.0;0.0;0.0;0.0;0.0;0.0;0.0;0.0;0.0;0.0;0.0;0.0;0.0;0.0;0.0;0.0;0.0;0.0;0.0;0.0;0.0;0.0;0.0;0.0;0.0;0.0;0.0;0.0;0.0;0.0;0.0;0.0
Subject_IXI334;0.0;0.0;0.0;0.0;0.0;0.0;0.0;0.0;0.0;0.0;0.0;0.0;0.0;0.0;0.0;0.0;0.0;0.0;0.0;0.0;0.0;0.0;0.0;0.0;0.0;0.0;0.0;0.0;0.0;0.0;0.0;0.0;0.0;0.0;0.0;0.0;0.0;0.0;0.0;0.0;0.0;0.0;0.0;0.0;0.0;0.0;0.0;1.4020100502512634;3.346733668341713;5.291457286432163;6.4120603015075375;7.060301507537687;7.708542713567837;8.713567839195989;10.0;10.0;9.396984924623112;8.100502512562812;7.402010050251256;6.507537688442213;5.211055276381899;5.5427135678392006;5.427135678391949;3.482412060301499;2.5125628140703498;2.2713567839196003;3.5678391959799;3.5678391959799;3.0;3.0;3.0;3.0;3.0;3.3216080402010064;3.9698492462311563;3.381909547738694;3.0;3.0;3.0;3.0;3.0;3.0;3.0;3.0;3.0;3.0;3.0;3.0;3.0;3.0;3.0;3.0;3.0;3.0;3.0;2.4170854271356745;2.2311557788944754;2.8793969849246253;3.0;2.824120603015075;2.175879396984925;2.0;2.0;2.0;2.0;2.0;2.0;2.0;2.0100502512562883;2.6582914572864382;3.0;3.0;3.603015075376888;4.0;4.0;5.095477386934675;6.0;6.0;6.0;6.281407035175874;7.577889447236203;10.185929648241256;13.0;13.0;13.381909547738701;13.96984924623115;13.321608040201;12.67336683417085;12.0251256281407;10.7537688442211;8.643216080401999;5.402010050251249;3.8643216080402;2.78391959798995;2.1356783919598;0.9748743718593005;0.0;0.0;0.0;0.0;0.0;0.0;0.0;0.0;0.0;0.0;0.0;0.0;0.0;0.0;0.0;0.0;0.0;0.0;0.0;0.0;0.0;0.0;0.0;0.0;0.0;0.0;0.0;0.0;0.0;0.0;0.0;0.0;0.0;0.0;0.0;0.0;0.0;0.0;0.0;0.0;0.0;0.0;0.0;0.0;0.0;0.0;0.0;0.0;0.0;0.0;0.0;0.0;0.0;0.0;0.0;0.0;0.0;0.0;0.0;0.0;0.0;0.0;0.0;0.0
Subject_IXI485;0.0;0.0;0.0;0.0;0.0;0.0;0.0;0.0;0.0;0.0;0.0;0.0;0.0;0.0;0.0;0.0;0.0;0.0;0.0;0.0;0.0;0.0;0.0;0.0;0.0;0.0;0.0;0.0;0.0;0.0;0.0;0.0;0.0;0.0;0.0;0.0;0.0;0.0;0.0;0.0;0.0;0.0;0.0;0.0;0.0;0.0;0.050251256281409695;0.7035175879397002;1.7135678391959885;3.0201005025125625;4.326633165829151;5.0;5.0;5.62311557788945;5.723618090452256;5.070351758793969;5.5829145728643255;6.0;6.0;5.4572864321607994;5.0;5.0;4.497487437185924;3.688442211055275;2.3819095477386867;2.4623115577889507;2.8844221105527623;2.2311557788944683;2.0;2.0753768844221128;2.728643216080407;3.0;3.035175879396988;3.688442211055282;3.658291457286431;3.005025125628137;2.351758793969843;2.301507537688444;2.954773869346738;3.0;3.0;3.0;3.0;3.0;3.0;3.0;2.819095477386931;2.1658291457286367;2.0;2.1407035175879443;2.7939698492462384;3.0;3.0;3.0;3.0;3.0;3.0;3.0;3.0;3.0;3.0;3.0;3.0;3.0;3.0;3.0;3.0;3.0;3.0;3.206030150753776;3.859296482412063;3.487437185929636;3.165829145728651;3.819095477386938;4.0;4.125628140703526;4.778894472361813;5.8643216080402;7.085427135678401;7.738693467336688;8.391959798994975;9.045226130653276;9.698492462311563;10.35175879396985;10.994974874371849;10.341708542713562;10.0;10.0;9.381909547738687;8.1859296482412;6.226130653266296;4.266331658291435;2.306532663316574;0.3467336683416704;0.0;0.0;0.0;0.0;0.0;0.0;0.0;0.0;0.0;0.0;0.0;0.0;0.0;0.0;0.0;0.0;0.0;0.0;0.0;0.0;0.0;0.0;0.0;0.0;0.0;0.0;0.0;0.0;0.0;0.0;0.0;0.0;0.0;0.0;0.0;0.0;0.0;0.0;0.0;0.0;0.0;0.0;0.0;0.0;0.0;0.0;0.0;0.0;0.0;0.0;0.0;0.0;0.0;0.0;0.0;0.0;0.0;0.0;0.0;0.0;0.0;0.0;0.0;0.0;0.0;0.0
Subject_IXI096;0.0;0.0;0.0;0.0;0.0;0.0;0.0;0.0;0.0;0.0;0.0;0.0;0.0;0.0;0.0;0.0;0.0;0.0;0.0;0.0;0.0;0.0;0.0;0.0;0.0;0.0;0.0;0.0;0.0;0.0;0.0;0.0;0.0;0.0;0.0;0.0;0.0;0.0;0.0;0.0;0.0;0.0;0.0;0.0;0.0;0.0;0.0;0.0;0.0;0.0;4.7839195979899145;8.251256281407024;10.150753768844218;10.884422110552762;11.618090452261306;12.35175879396985;13.085427135678387;13.81909547738693;14.0;13.140703517587944;10.959798994974875;9.492462311557787;8.025125628140714;6.778894472361813;6.045226130653269;6.0;5.577889447236181;4.8442211055276445;4.110552763819101;4.0;4.0;4.0;4.0;3.4422110552763883;3.2914572864321556;4.0;4.0;4.0;4.0;4.0;4.0;4.0;4.0;4.0;4.0;4.0;4.0;4.0;4.0;4.0;4.0;4.0;4.0;4.0;4.0;4.0;4.0;4.0;4.0;4.0;4.0;4.0;4.0;4.0;3.698492462311563;3.0351758793969736;3.7688442211055246;3.4974874371859386;3.2361809045226124;3.969849246231149;4.0;4.437185929648237;4.829145728643226;4.095477386934675;4.638190954773862;5.371859296482413;6.105527638190949;6.839195979899486;7.572864321608037;8.613065326633148;10.040201005025125;10.773869346733662;11.507537688442213;11.75879396984925;11.025125628140714;11.0;10.557788944723626;9.824120603015075;9.090452261306538;8.356783919598001;7.246231155778901;5.778894472361827;4.311557788944725;2.8442211055276516;1.376884422110578;0.0;0.0;0.0;0.0;0.0;0.0;0.0;0.0;0.0;0.0;0.0;0.0;0.0;0.0;0.0;0.0;0.0;0.0;0.0;0.0;0.0;0.0;0.0;0.0;0.0;0.0;0.0;0.0;0.0;0.0;0.0;0.0;0.0;0.0;0.0;0.0;0.0;0.0;0.0;0.0;0.0;0.0;0.0;0.0;0.0;0.0;0.0;0.0;0.0;0.0;0.0;0.0;0.0;0.0;0.0;0.0;0.0;0.0;0.0;0.0;0.0;0.0;0.0;0.0;0.0
Subject_IXI161;0.0;0.0;0.0;0.0;0.0;0.0;0.0;0.0;0.0;0.0;0.0;0.0;0.0;0.0;0.0;0.0;0.0;0.0;0.0;0.0;0.0;0.0;0.0;0.0;0.0;0.0;0.0;0.0;0.0;0.0;0.0;0.0;0.0;0.0;0.0;0.0;0.0;0.0;0.0;0.0;0.0;0.0;0.0;0.0;0.0;0.0;0.0;0.0;0.24120603015074948;2.2462311557788865;4.251256281407045;6.170854271356788;7.507537688442213;8.422110552763819;9.090452261306531;9.758793969849243;10.427135678391963;11.19095477386935;12.527638190954775;13.0;12.698492462311563;10.693467336683426;10.0;9.68341708542713;7.678391959798994;7.0;6.778894472361813;5.442211055276374;4.552763819095475;3.8844221105527623;3.21608040201005;3.0;3.1206030150753747;3.788944723618094;4.0;4.0;4.0;3.5376884422110564;3.130653266331656;3.7989949748743754;3.532663316582912;3.1356783919598;3.8040201005025125;3.527638190954775;3.0;3.0;3.477386934673369;4.0;4.0;4.0;4.0;4.0;3.5125628140703498;3.0;3.0;3.0;3.0;3.0;3.0;3.0;3.0;2.4974874371859244;2.0;2.0;2.0;1.824120603015075;1.1557788944723626;1.5125628140703498;1.8190954773869379;1.1507537688442255;1.0;1.0;1.0;1.522613065326638;2.0;2.0;2.527638190954775;3.1959798994974875;3.8643216080402;5.065326633165824;6.201005025125625;6.869346733668337;8.075376884422099;9.618090452261328;11.623115577889465;12.5427135678392;12.788944723618087;12.120603015075375;11.452261306532662;10.5678391959799;9.231155778894475;8.447236180904525;7.115577889447252;4.4422110552764025;2.326633165829122;0.7738693467336617;0.10552763819094935;0.0;0.0;0.0;0.0;0.0;0.0;0.0;0.0;0.0;0.0;0.0;0.0;0.0;0.0;0.0;0.0;0.0;0.0;0.0;0.0;0.0;0.0;0.0;0.0;0.0;0.0;0.0;0.0;0.0;0.0;0.0;0.0;0.0;0.0;0.0;0.0;0.0;0.0;0.0;0.0;0.0;0.0;0.0;0.0;0.0;0.0;0.0;0.0;0.0;0.0;0.0;0.0;0.0;0.0;0.0;0.0;0.0;0.0;0.0;0.0;0.0;0.0;0.0
Subject_IXI335;0.0;0.0;0.0;0.0;0.0;0.0;0.0;0.0;0.0;0.0;0.0;0.0;0.0;0.0;0.0;0.0;0.0;0.0;0.0;0.0;0.0;0.0;0.0;0.0;0.0;0.0;0.0;0.0;0.0;0.0;0.0;0.0;0.0;0.0;0.0;0.0;0.0;0.0;0.0;0.0;0.0;0.0;0.0;0.0;0.0;0.0;0.0;0.0;0.0;0.9045226130653106;4.698492462311563;5.698492462311556;6.0;6.21608040201005;6.974874371859293;7.0;7.492462311557787;8.25125628140703;9.0;9.0;9.0;8.427135678391963;6.864321608040214;4.5879396984924625;3.437185929648244;3.0;3.0;3.0;2.4020100502512562;2.356783919597987;2.8844221105527694;2.125628140703519;2.6331658291457245;3.0;2.8492462311557816;2.090452261306538;2.6683417085427124;3.0;3.0;3.0;3.0;2.5376884422110564;2.221105527638187;2.9798994974874304;3.0;3.0;2.743718592964825;2.0;2.0;3.0653266331658244;4.0;3.949748743718601;3.1909547738693504;3.0;2.6733668341708636;2.0;2.0;2.0;2.3618090452261242;3.0;3.0;3.0;3.0;3.0;3.0;3.0;3.0;3.0;3.0;3.7085427135678373;4.467336683417074;5.0;5.0;7.9748743718593005;10.507537688442184;12.261306532663312;13.020100502512562;13.778894472361799;13.46231155778895;13.0;12.944723618090464;12.185929648241213;10.281407035175889;7.010050251256274;2.819095477386952;1.301507537688451;0.391959798994975;0.0;0.0;0.0;0.0;0.0;0.0;0.0;0.0;0.0;0.0;0.0;0.0;0.0;0.0;0.0;0.0;0.0;0.0;0.0;0.0;0.0;0.0;0.0;0.0;0.0;0.0;0.0;0.0;0.0;0.0;0.0;0.0;0.0;0.0;0.0;0.0;0.0;0.0;0.0;0.0;0.0;0.0;0.0;0.0;0.0;0.0;0.0;0.0;0.0;0.0;0.0;0.0;0.0;0.0;0.0;0.0;0.0;0.0;0.0;0.0;0.0;0.0;0.0;0.0;0.0;0.0;0.0;0.0;0.0;0.0;0.0;0.0;0.0
Subject_IXI274;0.0;0.0;0.0;0.0;0.0;0.0;0.0;0.0;0.0;0.0;0.0;0.0;0.0;0.0;0.0;0.0;0.0;0.0;0.0;0.0;0.0;0.0;0.0;0.0;0.0;0.0;0.0;0.0;0.0;0.0;0.0;0.0;0.0;0.0;0.0;0.0;0.0;0.0;0.0;0.0;0.0;0.0;0.0;0.0;0.0;1.1909547738693576;3.1005025125628194;4.4070351758794;6.070351758793983;8.010050251256281;8.663316582914575;9.0;9.0;7.753768844221099;6.170854271356767;4.211055276381906;3.4170854271356745;2.7638190954773805;2.1105527638190935;2.0;2.0;2.0;2.5025125628140756;3.0;3.0;3.0;2.8844221105527623;2.2311557788944683;2.0;2.0;2.0;2.381909547738694;3.0;3.0;3.0;3.0;2.351758793969843;2.301507537688444;2.954773869346738;3.0;2.738693467336681;2.085427135678387;2.0;2.0;2.0;2.0;2.180904522613069;2.8341708542713633;3.0;3.0;3.0;2.5527638190954747;2.0;2.0;2.0;2.0603015075376945;2.7135678391959885;3.0;2.9798994974874375;2.3266331658291364;2.0;2.0;2.0;2.2864321608040257;2.9396984924623126;3.0;3.0;3.0;2.447236180904511;2.0;2.0;2.512562814070364;3.0;3.0;3.0;3.0;3.0;3.0;3.0;3.0;3.78391959798995;5.0;5.0;5.35175879396985;6.0;6.0;7.557788944723626;10.824120603015132;12.236180904522627;13.0;13.0;12.422110552763812;11.768844221105525;11.115577889447223;9.924623115577873;8.80904522613065;8.155778894472348;7.005025125628123;5.547738693467323;3.58793969849242;2.0854271356783727;1.0;1.0;1.4170854271356887;1.8592964824120486;0.5527638190954747;0.0;0.0;0.0;0.0;0.0;0.0;0.0;0.0;0.0;0.0;0.0;0.0;0.0;0.0;0.0;0.0;0.0;0.0;0.0;0.0;0.0;0.0;0.0;0.0;0.0;0.0;0.0;0.0;0.0;0.0;0.0;0.0;0.0;0.0;0.0;0.0;0.0;0.0;0.0;0.0;0.0;0.0;0.0;0.0;0.0;0.0;0.0;0.0;0.0;0.0;0.0;0.0;0.0;0.0
Subject_IXI443;0.0;0.0;0.0;0.0;0.0;0.0;0.0;0.0;0.0;0.0;0.0;0.0;0.0;0.0;0.0;0.0;0.0;0.0;0.0;0.0;0.0;0.0;0.0;0.0;0.0;0.0;0.0;0.0;0.0;0.0;0.0;0.0;0.0;0.0;0.0;0.0;0.0;0.0;0.0;0.0;2.688442211055282;5.678391959798994;7.743718592964818;9.206030150753769;10.29145728643216;10.979899497487438;11.0;11.0;10.819095477386952;8.065326633165824;6.577889447236181;5.6683417085427195;3.603015075376895;3.4874371859296502;4.0;4.0;2.8944723618090507;2.2412060301507495;2.9296482412060314;2.381909547738694;2.306532663316581;2.994974874371856;3.6834170854271377;3.6281407035175874;3.0603015075376874;3.748743718592962;3.562814070351763;2.874371859296481;2.1859296482412063;2.5025125628140685;3.0;3.0;2.4321608040201;2.256281407035175;2.9447236180904497;3.0;3.0;2.9899497487437188;2.301507537688444;2.386934673366831;3.0;3.0;3.0;2.859296482412063;2.170854271356788;2.0;2.0;2.0;2.5829145728643184;3.0;3.0;3.0;2.6633165829145753;2.0;2.0;2.0;2.0;2.0;2.0;2.1557788944723626;2.8442211055276374;2.467336683417088;2.0;2.0;2.0;2.2864321608040115;2.9748743718593005;3.0;3.0;3.040201005025125;3.7286432160803997;4.0;4.105527638190949;4.793969849246224;5.0;5.170854271356788;5.859296482412063;7.095477386934675;8.94472361809045;11.698492462311549;12.613065326633162;12.698492462311563;12.010050251256288;12.0;11.633165829145725;10.94472361809045;10.256281407035175;8.7035175879397;6.155778894472377;1.3366834170854531;0.0;0.0;0.0;0.0;0.0;0.0;0.0;0.0;0.0;0.0;0.0;0.0;0.0;0.0;0.0;0.0;0.0;0.0;0.0;0.0;0.0;0.0;0.0;0.0;0.0;0.0;0.0;0.0;0.0;0.0;0.0;0.0;0.0;0.0;0.0;0.0;0.0;0.0;0.0;0.0;0.0;0.0;0.0;0.0;0.0;0.0;0.0;0.0;0.0;0.0;0.0;0.0;0.0;0.0;0.0;0.0;0.0;0.0;0.0;0.0;0.0;0.0;0.0;0.0;0.0;0.0;0.0;0.0;0.0;0.0
Subject_IXI634;0.0;0.0;0.0;0.0;0.0;0.0;0.0;0.0;0.0;0.0;0.0;0.0;0.0;0.0;0.0;0.0;0.0;0.0;0.0;0.0;0.0;0.0;0.0;0.0;0.0;0.0;0.0;0.0;0.0;0.0;0.0;0.0;0.0;0.0;0.0;0.0;0.0;0.0;0.0;0.0;0.0;0.0;0.0;0.0;0.0;0.0;0.0;0.0;0.0;0.0;0.0;0.13567839195980014;0.8442211055276374;3.7638190954773734;6.522613065326624;7.939698492462313;8.0;8.38693467336683;9.190954773869336;10.608040201005025;11.51256281407035;11.336683417085439;9.211055276381927;7.085427135678394;5.653266331658294;4.944723618090457;4.236180904522612;4.0;4.0;4.0;3.4020100502512562;2.693467336683419;2.0150753768844183;2.7236180904522556;2.5678391959799;2.140703517587937;2.8492462311557745;3.0;3.0;3.0;2.3165829145728694;2.391959798994975;3.0;3.0;3.0;2.773869346733669;2.0653266331658315;2.0;2.0;2.0603015075376874;2.7688442211055246;3.0;3.0;3.0;3.0;2.688442211055275;2.0;2.0;2.0;2.0;2.0;2.0;2.0;2.0;2.688442211055275;2.603015075376888;1.8944723618090507;1.1859296482412134;1.0;1.2311557788944612;1.9396984924623126;2.0;2.356783919597987;3.0;3.0;3.0;3.0;3.0;4.824120603015075;6.949748743718587;9.0251256281407;9.733668341708537;10.0;9.849246231155789;9.140703517587951;9.0;8.723618090452263;8.015075376884425;6.613065326633176;3.587939698492505;0.0;0.0;0.0;0.0;0.0;0.0;0.0;0.0;0.0;0.0;0.0;0.0;0.0;0.0;0.0;0.0;0.0;0.0;0.0;0.0;0.0;0.0;0.0;0.0;0.0;0.0;0.0;0.0;0.0;0.0;0.0;0.0;0.0;0.0;0.0;0.0;0.0;0.0;0.0;0.0;0.0;0.0;0.0;0.0;0.0;0.0;0.0;0.0;0.0;0.0;0.0;0.0;0.0;0.0;0.0;0.0;0.0;0.0;0.0;0.0;0.0;0.0;0.0;0.0;0.0;0.0;0.0;0.0;0.0;0.0
Subject_IXI204;0.0;0.0;0.0;0.0;0.0;0.0;0.0;0.0;0.0;0.0;0.0;0.0;0.0;0.0;0.0;0.0;0.0;0.0;0.0;0.0;0.0;0.0;0.0;0.0;0.0;0.0;0.0;0.0;0.0;0.0;0.0;0.0;0.0;0.0;0.0;0.0;0.0;0.0;0.0;0.0;0.0;0.0;0.0;0.0;0.0;0.0;0.0;0.0;0.0;0.010050251256281229;0.6633165829145753;2.2663316582914774;4.879396984924625;5.62311557788945;6.276381909547744;6.929648241206031;7.5829145728643255;8.472361809045239;9.778894472361813;10.0;10.0;10.0;7.9899497487436975;5.844221105527637;5.190954773869343;4.0753768844220986;3.1155778894472377;3.7688442211055317;3.577889447236174;3.0;3.0;3.0;3.0;3.0;3.0;3.0;3.0;3.0;3.0;3.0;3.0;3.0;3.567839195979907;4.0;4.0;4.0;3.819095477386931;3.1658291457286367;3.0;3.0;3.0;2.5527638190954747;2.0;2.0;2.0;2.0;2.0;2.0;2.0;2.0;2.0;2.0;1.3668341708542613;1.0;1.0;1.0;1.2462311557789008;1.8994974874371877;2.0;2.0;2.0;2.0;2.0;2.0;2.472361809045239;3.125628140703526;3.778894472361813;4.0;4.0;4.0;4.78391959798995;6.135678391959829;8.09547738693469;9.0;9.005025125628151;9.658291457286438;10.0;10.0;9.381909547738687;8.7286432160804;8.075376884422099;5.688442211055246;3.5376884422110493;2.231155778894447;2.0;1.618090452261299;0.31155778894469677;0.0;0.0;0.0;0.0;0.0;0.0;0.0;0.0;0.0;0.0;0.0;0.0;0.0;0.0;0.0;0.0;0.0;0.0;0.0;0.0;0.0;0.0;0.0;0.0;0.0;0.0;0.0;0.0;0.0;0.0;0.0;0.0;0.0;0.0;0.0;0.0;0.0;0.0;0.0;0.0;0.0;0.0;0.0;0.0;0.0;0.0;0.0;0.0;0.0;0.0;0.0;0.0;0.0;0.0;0.0;0.0;0.0;0.0;0.0;0.0;0.0;0.0;0.0
Subject_IXI538;0.0;0.0;0.0;0.0;0.0;0.0;0.0;0.0;0.0;0.0;0.0;0.0;0.0;0.0;0.0;0.0;0.0;0.0;0.0;0.0;0.0;0.0;0.0;0.0;0.0;0.0;0.0;0.0;0.0;0.0;0.0;0.0;0.0;0.0;0.0;0.0;0.0;0.0;0.0;0.0;0.0;0.0;0.0;0.0;0.0;0.0;0.0;0.0;0.0;0.0;0.3517587939698501;1.7587939698492505;3.7487437185929764;5.286432160804026;5.989949748743719;7.386934673366838;8.39698492462312;9.0;9.0;9.0;9.211055276381913;9.914572864321613;8.763819095477388;7.356783919597987;5.949748743718587;4.542713567839186;4.0;3.7286432160803997;2.3216080402009993;2.0;2.0;2.0;2.0;2.3567839195979943;3.0;3.0;3.0;3.0;3.0;3.0;3.0;3.0;3.0;3.0;2.9045226130653248;2.2010050251256246;2.0;2.206030150753776;2.909547738693469;3.0;3.0;2.9798994974874375;2.2763819095477373;2.0;2.130653266331663;2.8341708542713633;3.0;3.0;3.0;3.0;3.0;3.0;3.0;3.0;3.0;3.0;3.0;3.0;3.0;3.0;3.0;3.0;3.0;3.0;3.0;3.0;3.608040201005025;3.688442211055275;3.0150753768844254;3.7185929648241256;4.0;4.125628140703526;4.829145728643226;6.065326633165853;8.180904522613062;11.698492462311563;12.0;11.653266331658287;10.899497487437174;9.492462311557773;8.542713567839186;7.678391959798972;6.271356783919572;3.1608040201004997;0.7286432160803997;0.02512562814069952;0.0;0.0;0.0;0.0;0.0;0.0;0.0;0.0;0.0;0.0;0.0;0.0;0.0;0.0;0.0;0.0;0.0;0.0;0.0;0.0;0.0;0.0;0.0;0.0;0.0;0.0;0.0;0.0;0.0;0.0;0.0;0.0;0.0;0.0;0.0;0.0;0.0;0.0;0.0;0.0;0.0;0.0;0.0;0.0;0.0;0.0;0.0;0.0;0.0;0.0;0.0;0.0;0.0;0.0;0.0;0.0;0.0;0.0;0.0;0.0;0.0;0.0;0.0;0.0
Subject_IXI613;0.0;0.0;0.0;0.0;0.0;0.0;0.0;0.0;0.0;0.0;0.0;0.0;0.0;0.0;0.0;0.0;0.0;0.0;0.0;0.0;0.0;0.0;0.0;0.0;0.0;0.0;0.0;0.0;0.0;0.0;0.0;0.0;0.0;0.0;0.0;0.0;0.0;0.0;0.0;0.0;0.0;0.0;0.0;0.0;0.0;0.0;1.346733668341713;3.7085427135678515;6.542713567839208;8.804020100502527;9.688442211055282;10.0;10.195979899497488;10.949748743718594;11.0;10.085427135678387;8.788944723618087;8.03517587939698;6.562814070351749;6.0;5.773869346733669;5.0201005025125625;4.266331658291456;4.0;4.0;4.0;3.2512562814070307;3.0;3.0;3.0;3.0;3.0;3.0;3.0;3.0;3.0;2.7135678391959743;2.0;2.0;2.0;2.301507537688444;3.0;3.0;3.0;3.0;3.0703517587939757;3.824120603015075;3.4221105527638116;3.0;3.0;3.0;2.407035175879386;2.0;2.1005025125628123;2.8542713567839257;2.391959798994975;2.3618090452261384;3.0;3.0;3.0;2.623115577889436;2.0;2.0;2.6381909547738758;2.608040201005025;2.1457286432160885;2.8994974874371877;3.653266331658301;4.0;4.160804020100514;4.914572864321613;5.0;5.422110552763826;5.824120603015075;5.0703517587939615;6.3668341708542755;6.562814070351749;6.0;6.0;8.09547738693469;9.0;9.0;9.0;8.286432160804011;7.532663316582912;6.5577889447235975;5.050251256281399;2.814070351758758;1.0351758793969736;0.0;0.0;0.0;0.0;0.0;0.0;0.0;0.0;0.0;0.0;0.0;0.0;0.0;0.0;0.0;0.0;0.0;0.0;0.0;0.0;0.0;0.0;0.0;0.0;0.0;0.0;0.0;0.0;0.0;0.0;0.0;0.0;0.0;0.0;0.0;0.0;0.0;0.0;0.0;0.0;0.0;0.0;0.0;0.0;0.0;0.0;0.0;0.0;0.0;0.0;0.0;0.0;0.0;0.0;0.0;0.0;0.0;0.0;0.0;0.0;0.0;0.0;0.0;0.0;0.0;0.0;0.0;0.0;0.0;0.0;0.0
Subject_IXI127;0.0;0.0;0.0;0.0;0.0;0.0;0.0;0.0;0.0;0.0;0.0;0.0;0.0;0.0;0.0;0.0;0.0;0.0;0.0;0.0;0.0;0.0;0.0;0.0;0.0;0.0;0.0;0.0;0.0;0.0;0.0;0.0;0.0;0.0;0.0;0.0;0.0;0.0;0.0;0.0;0.0;0.0;0.0;0.0;0.0;0.0;0.7236180904522627;2.1959798994974946;4.306532663316595;6.417085427135696;8.35175879396985;9.75879396984925;10.582914572864325;11.572864321608051;12.979899497487438;13.0;12.206030150753762;10.798994974874361;9.391959798994975;7.984924623115575;6.366834170854261;4.256281407035161;3.381909547738694;2.6783919597989936;2.0251256281407066;2.728643216080407;3.432160804020107;3.8643216080402;3.1608040201004997;3.5427135678392006;4.0;4.0;4.0;4.0;4.0603015075376945;4.763819095477388;5.0;5.0;5.0;5.0;5.0;5.0;5.0;4.608040201005018;4.0;4.0;4.0;4.0;4.0;4.613065326633169;5.0;4.959798994974875;3.5527638190954747;3.0;3.0;3.0;3.0;3.0;3.0;3.0;3.35175879396985;4.0;4.0;4.0;4.165829145728651;4.869346733668351;5.0;5.0;5.0;5.0;5.386934673366838;6.0;6.0;6.0;6.402010050251278;7.809045226130678;8.0;8.934673366834176;11.015075376884425;11.718592964824126;12.422110552763826;12.874371859296474;12.170854271356774;12.0;11.763819095477388;11.060301507537687;10.356783919597987;8.95979899497486;6.798994974874347;3.984924623115546;2.0854271356783727;1.0;1.0;0.43216080402009993;0.0;0.0;0.0;0.0;0.0;0.0;0.0;0.0;0.0;0.0;0.0;0.0;0.0;0.0;0.0;0.0;0.0;0.0;0.0;0.0;0.0;0.0;0.0;0.0;0.0;0.0;0.0;0.0;0.0;0.0;0.0;0.0;0.0;0.0;0.0;0.0;0.0;0.0;0.0;0.0;0.0;0.0;0.0;0.0;0.0;0.0;0.0;0.0;0.0;0.0;0.0;0.0;0.0;0.0;0.0;0.0;0.0;0.0;0.0;0.0;0.0;0.0;0.0;0.0;0.0;0.0
Subject_IXI150;0.0;0.0;0.0;0.0;0.0;0.0;0.0;0.0;0.0;0.0;0.0;0.0;0.0;0.0;0.0;0.0;0.0;0.0;0.0;0.0;0.0;0.0;0.0;0.0;0.0;0.0;0.0;0.0;0.0;0.0;0.0;0.0;0.0;0.0;0.0;0.0;0.0;0.0;0.0;0.0;0.0;0.0;0.0;0.0;0.0;0.0;0.0;0.31658291457286936;2.1105527638191006;3.904522613065332;5.698492462311563;6.994974874371863;8.095477386934675;8.693467336683419;9.291457286432163;9.889447236180906;10.0;9.914572864321606;9.316582914572862;8.155778894472355;6.361809045226124;5.522613065326631;5.0;5.0;4.7286432160804;4.130653266331656;4.0;3.9346733668341685;3.3366834170854247;3.261306532663319;3.859296482412063;3.5427135678391934;3.0552763819095503;3.653266331658294;4.0;4.0;4.0;4.0;4.0;3.7587939698492434;3.1608040201004997;3.0;3.0;3.0;3.0;3.0;3.427135678391963;3.9748743718592934;3.3768844221105496;3.0;3.0;3.0;3.0;3.0;3.0;3.0;2.5929648241205996;2.0;2.0;2.0;2.0;2.0;2.0;2.0;2.0;2.0;2.0;2.0;2.0;2.1809045226130763;2.778894472361813;3.3768844221105496;3.9748743718593005;4.572864321608051;5.0;5.0;5.733668341708551;6.929648241206053;8.125628140703526;9.1608040201005;9.75879396984925;10.0;10.0;10.552763819095475;10.849246231155774;10.251256281407024;10.0;10.0;8.371859296482398;6.296482412060243;3.3065326633165597;1.3266331658291506;0.13065326633164887;0.0;0.0;0.0;0.0;0.0;0.0;0.0;0.0;0.0;0.0;0.0;0.0;0.0;0.0;0.0;0.0;0.0;0.0;0.0;0.0;0.0;0.0;0.0;0.0;0.0;0.0;0.0;0.0;0.0;0.0;0.0;0.0;0.0;0.0;0.0;0.0;0.0;0.0;0.0;0.0;0.0;0.0;0.0;0.0;0.0;0.0;0.0;0.0;0.0;0.0;0.0;0.0;0.0;0.0;0.0;0.0;0.0;0.0;0.0;0.0;0.0;0.0;0.0;0.0;0.0;0.0;0.0
Subject_IXI603;0.0;0.0;0.0;0.0;0.0;0.0;0.0;0.0;0.0;0.0;0.0;0.0;0.0;0.0;0.0;0.0;0.0;0.0;0.0;0.0;0.0;0.0;0.0;0.0;0.0;0.0;0.0;0.0;0.0;0.0;0.0;0.0;0.0;0.0;0.0;0.0;0.0;0.0;0.0;0.0;0.0;0.0;0.0;0.0;0.0;0.0;0.0;0.0;0.0;0.0;2.693467336683426;4.733668341708537;6.0;6.0;6.447236180904525;7.140703517587937;7.834170854271356;8.0;7.778894472361806;7.085427135678394;7.0;6.095477386934668;4.015075376884411;4.688442211055275;3.8542713567839186;2.0;2.0;2.4623115577889436;3.0;3.0;3.0;2.7638190954773876;2.0703517587939686;2.6231155778894504;3.0;3.0;3.0;3.0;3.0;3.0;3.0;3.0;3.0;2.442211055276381;2.251256281407038;2.9447236180904497;3.0;3.0;3.0;3.0;3.0;3.0;3.0;3.0;3.0;3.0;3.572864321608037;3.733668341708537;3.040201005025125;3.0;3.0;2.959798994974875;2.266331658291463;2.427135678391963;3.0;3.0;3.0;3.0;3.0;1.824120603015075;1.2814070351758744;1.9748743718593005;2.0;2.0;2.0552763819095503;2.748743718592962;3.8844221105527765;4.8643216080402;4.170854271356788;4.522613065326638;5.21608040201005;5.909547738693462;6.603015075376888;7.2964824120603;7.989949748743726;9.366834170854275;10.0;10.0;10.0;9.5427135678392;8.849246231155774;8.155778894472363;6.9246231155779014;5.306532663316574;3.2261306532663383;1.14572864321606;0.0;0.0;0.0;0.0;0.0;0.0;0.0;0.0;0.0;0.0;0.0;0.0;0.0;0.0;0.0;0.0;0.0;0.0;0.0;0.0;0.0;0.0;0.0;0.0;0.0;0.0;0.0;0.0;0.0;0.0;0.0;0.0;0.0;0.0;0.0;0.0;0.0;0.0;0.0;0.0;0.0;0.0;0.0;0.0;0.0;0.0;0.0;0.0;0.0;0.0;0.0;0.0;0.0;0.0;0.0;0.0;0.0;0.0;0.0;0.0;0.0;0.0;0.0;0.0
Subject_IXI059;0.0;0.0;0.0;0.0;0.0;0.0;0.0;0.0;0.0;0.0;0.0;0.0;0.0;0.0;0.0;0.0;0.0;0.0;0.0;0.0;0.0;0.0;0.0;0.0;0.0;0.0;0.0;0.0;0.0;0.0;0.0;0.0;0.0;0.0;0.0;0.0;0.0;0.0;0.0;0.0;0.0;0.0;0.0;0.0;0.0;0.06030150753767316;2.9949748743718487;4.964824120603012;6.21608040201005;6.949748743718594;7.683417085427131;8.417085427135675;9.0;9.0;9.618090452261306;8.94472361809045;6.914572864321613;6.180904522613069;4.894472361809051;3.7135678391959814;3.0201005025125625;3.7537688442211063;3.512562814070357;3.0;3.0;3.0;3.0;3.0;3.0;3.0;3.0;3.0;3.0;3.5577889447236117;3.7085427135678444;3.0;3.0;3.4924623115577873;3.773869346733669;3.040201005025132;3.0;3.4271356783919558;4.0;4.0;4.0;4.0;4.0;4.0;3.437185929648251;3.0;3.0;3.0;3.0;3.0;3.0;3.0;3.0;2.8341708542713633;2.1005025125628123;2.0;2.0;2.0;2.0;2.0;2.0;2.0;2.0;2.5025125628140614;3.0;3.0;3.0;3.437185929648237;4.0;4.0;4.638190954773862;5.371859296482413;6.211055276381899;7.678391959798972;8.572864321608037;9.306532663316574;10.08040201005025;11.547738693467323;12.0;12.0;12.0;12.0;12.0;11.64824120603015;10.180904522613076;9.356783919598001;7.115577889447252;3.778894472361827;2.311557788944725;0.8442211055276516;0.0;0.0;0.0;0.0;0.0;0.0;0.0;0.0;0.0;0.0;0.0;0.0;0.0;0.0;0.0;0.0;0.0;0.0;0.0;0.0;0.0;0.0;0.0;0.0;0.0;0.0;0.0;0.0;0.0;0.0;0.0;0.0;0.0;0.0;0.0;0.0;0.0;0.0;0.0;0.0;0.0;0.0;0.0;0.0;0.0;0.0;0.0;0.0;0.0;0.0;0.0;0.0;0.0;0.0;0.0;0.0;0.0;0.0;0.0;0.0;0.0;0.0;0.0;0.0;0.0;0.0
Subject_IXI263;0.0;0.0;0.0;0.0;0.0;0.0;0.0;0.0;0.0;0.0;0.0;0.0;0.0;0.0;0.0;0.0;0.0;0.0;0.0;0.0;0.0;0.0;0.0;0.0;0.0;0.0;0.0;0.0;0.0;0.0;0.0;0.0;0.0;0.0;0.0;0.0;0.0;0.0;0.0;0.0;0.0;0.0;0.0;0.0;0.0;0.0;0.0;0.0;0.0;0.0;0.0;0.341708542713576;3.0150753768844254;4.844221105527637;6.180904522613062;7.517587939698487;8.427135678391963;9.095477386934675;9.763819095477388;10.0;9.698492462311563;7.693467336683426;6.562814070351756;5.788944723618087;4.452261306532662;4.0;4.0;4.0;4.0;4.0;4.0;3.5477386934673376;3.1206030150753747;3.788944723618094;3.5427135678391934;3.0;3.0;3.0;3.0;3.0;3.0;3.0;3.0;3.0;3.0;3.0;3.0;3.0;3.0;3.0;3.0;3.0;3.0;3.1557788944723626;3.824120603015075;4.0;3.8391959798995003;3.170854271356788;3.0;2.834170854271349;2.1658291457286367;2.0;2.0;2.0;2.0;2.0;2.0;2.5125628140703498;3.0;3.0;3.0;3.0;3.0;3.522613065326638;4.1909547738693504;4.859296482412063;5.0;5.0;5.0;5.532663316582912;6.402010050251249;7.738693467336674;9.075376884422099;10.412060301507552;11.748743718592976;12.0;11.788944723618087;11.120603015075375;10.452261306532662;9.5678391959799;8.231155778894475;6.341708542713576;3.894472361809065;0.5527638190955031;0.0;0.0;0.0;0.0;0.0;0.0;0.0;0.0;0.0;0.0;0.0;0.0;0.0;0.0;0.0;0.0;0.0;0.0;0.0;0.0;0.0;0.0;0.0;0.0;0.0;0.0;0.0;0.0;0.0;0.0;0.0;0.0;0.0;0.0;0.0;0.0;0.0;0.0;0.0;0.0;0.0;0.0;0.0;0.0;0.0;0.0;0.0;0.0;0.0;0.0;0.0;0.0;0.0;0.0;0.0;0.0;0.0;0.0;0.0;0.0;0.0;0.0;0.0;0.0;0.0;0.0
Subject_IXI521;0.0;0.0;0.0;0.0;0.0;0.0;0.0;0.0;0.0;0.0;0.0;0.0;0.0;0.0;0.0;0.0;0.0;0.0;0.0;0.0;0.0;0.0;0.0;0.0;0.0;0.0;0.0;0.0;0.0;0.0;0.0;0.0;0.0;0.0;0.0;0.0;0.0;0.0;0.0;0.0;0.0;0.0;0.0;0.0;0.0;0.0;0.0;0.0;0.0;1.4623115577889294;3.3417085427135618;4.708542713567837;6.075376884422113;7.221105527638187;7.904522613065325;9.175879396984925;10.271356783919593;10.954773869346731;10.361809045226131;9.035175879397002;6.994974874371863;6.311557788944725;4.884422110552762;2.944723618090457;2.261306532663319;2.4221105527638187;3.0;3.0;3.0;2.8442211055276374;2.1608040201005068;2.0;2.2060301507537687;2.8894472361808994;2.427135678391963;2.0;2.0;2.0;2.306532663316581;2.9899497487437188;2.3266331658291506;2.0;2.040201005025125;2.7236180904522556;2.5929648241206067;2.090452261306531;2.7738693467336617;2.5427135678392006;2.140703517587937;2.824120603015075;3.0;3.0;3.0;3.5577889447236117;4.0;4.0;3.391959798994975;3.0;3.0;3.0;3.0;2.9748743718593005;2.2914572864321627;2.0;2.0;2.0;2.442211055276374;3.0;3.0;2.5075376884422127;2.0;2.0;2.5427135678391863;3.0;3.0;3.5929648241205996;3.7236180904522627;3.040201005025125;3.6432160804019986;4.0;4.010050251256274;4.693467336683412;5.37688442211055;6.060301507537687;6.743718592964825;9.562814070351692;13.110552763819086;13.793969849246224;13.522613065326638;12.8391959798995;12.155778894472363;10.94472361809045;9.788944723618101;9.105527638190964;7.844221105527652;5.69346733668344;2.2763819095477515;0.7437185929648251;0.0;0.0;0.0;0.0;0.0;0.0;0.0;0.0;0.0;0.0;0.0;0.0;0.0;0.0;0.0;0.0;0.0;0.0;0.0;0.0;0.0;0.0;0.0;0.0;0.0;0.0;0.0;0.0;0.0;0.0;0.0;0.0;0.0;0.0;0.0;0.0;0.0;0.0;0.0;0.0;0.0;0.0;0.0;0.0;0.0;0.0;0.0;0.0;0.0;0.0;0.0;0.0;0.0;0.0;0.0;0.0;0.0;0.0;0.0;0.0;0.0;0.0
Subject_IXI256;0.0;0.0;0.0;0.0;0.0;0.0;0.0;0.0;0.0;0.0;0.0;0.0;0.0;0.0;0.0;0.0;0.0;0.0;0.0;0.0;0.0;0.0;0.0;0.0;0.0;0.0;0.0;0.0;0.0;0.0;0.0;0.0;0.0;0.0;0.0;0.0;0.0;0.0;0.0;0.0;0.0;0.0;0.0;0.0;0.5829145728643184;1.959798994974875;6.010050251256274;9.427135678391949;12.090452261306524;13.467336683417088;14.422110552763819;15.0;15.0;15.48743718592965;15.824120603015075;15.1356783919598;12.788944723618101;10.517587939698501;9.140703517587937;7.763819095477388;6.386934673366838;5.010050251256288;5.0;5.0;5.0;5.0;5.0;5.0;5.0;5.0;4.809045226130657;4.120603015075375;4.0;4.0;4.0;4.0;4.0;4.010050251256281;4.698492462311556;5.0;5.0;5.0;4.547738693467338;4.0;4.0;4.0;4.0;4.0;4.582914572864318;4.728643216080407;4.040201005025125;4.0;4.0;4.0;4.0;4.0;4.0;4.0;3.532663316582912;3.0;3.0;3.532663316582912;4.0;4.0;4.0;4.0;4.0;4.0;4.35175879396985;5.0;5.0;5.4170854271356745;6.105527638190949;6.793969849246224;7.964824120602998;9.170854271356788;9.859296482412063;10.547738693467338;11.236180904522612;11.924623115577887;11.386934673366838;10.698492462311563;10.010050251256288;8.643216080402027;6.532663316582898;3.7788944723617988;1.0251256281406995;0.0;0.0;0.0;0.0;0.0;0.0;0.0;0.0;0.0;0.0;0.0;0.0;0.0;0.0;0.0;0.0;0.0;0.0;0.0;0.0;0.0;0.0;0.0;0.0;0.0;0.0;0.0;0.0;0.0;0.0;0.0;0.0;0.0;0.0;0.0;0.0;0.0;0.0;0.0;0.0;0.0;0.0;0.0;0.0;0.0;0.0;0.0;0.0;0.0;0.0;0.0;0.0;0.0;0.0;0.0;0.0;0.0;0.0;0.0;0.0;0.0;0.0;0.0;0.0;0.0;0.0;0.0;0.0;0.0;0.0;0.0;0.0;0.0
Subject_IXI586;0.0;0.0;0.0;0.0;0.0;0.0;0.0;0.0;0.0;0.0;0.0;0.0;0.0;0.0;0.0;0.0;0.0;0.0;0.0;0.0;0.0;0.0;0.0;0.0;0.0;0.0;0.0;0.0;0.0;0.0;0.0;0.0;0.0;0.0;0.0;0.0;0.0;0.0;0.0;0.0;0.0;0.0;0.0;0.0;0.0;0.0;0.0;0.06030150753768737;4.402010050251263;6.914572864321613;8.361809045226138;9.80904522613065;10.628140703517587;11.7035175879397;13.0;13.0;13.0;13.246231155778894;13.969849246231156;14.693467336683419;13.331658291457273;10.718592964824111;9.2713567839196;9.0;8.37688442211055;6.929648241206024;5.482412060301499;5.0;5.206030150753769;5.929648241206031;6.0;6.0;6.0;6.0;6.0;6.0;6.0;5.281407035175874;5.0;5.165829145728644;5.8894472361809065;6.0;6.0;6.0;6.0;6.0;6.0;6.0;5.321608040200999;5.0;5.0;5.0;5.0;5.0;4.9798994974874375;4.256281407035175;4.0;4.0;4.0;4.638190954773876;4.638190954773862;4.0;4.0;4.0;4.0;4.0;4.0;4.427135678391963;4.8492462311557745;4.125628140703512;4.0;4.0;4.045226130653276;4.768844221105525;5.0;5.21608040201005;5.939698492462313;6.663316582914575;7.386934673366838;8.552763819095503;12.170854271356816;13.557788944723626;14.0;14.0;14.0;14.0;14.0;14.0;13.37688442211055;12.306532663316574;10.718592964824097;7.8241206030150465;3.376884422110493;0.0;0.0;0.0;0.0;0.0;0.0;0.0;0.0;0.0;0.0;0.0;0.0;0.0;0.0;0.0;0.0;0.0;0.0;0.0;0.0;0.0;0.0;0.0;0.0;0.0;0.0;0.0;0.0;0.0;0.0;0.0;0.0;0.0;0.0;0.0;0.0;0.0;0.0;0.0;0.0;0.0;0.0;0.0;0.0;0.0;0.0;0.0;0.0;0.0;0.0;0.0;0.0;0.0;0.0;0.0;0.0;0.0;0.0;0.0;0.0;0.0;0.0;0.0;0.0;0.0;0.0;0.0
